split,label,image_path,reason
train,fist,data\hagrid_sample\hagrid-sample-30k-384p\hagrid_30k\train_val_fist\e260293f-f47c-40b0-bf55-870d83552e95.jpg,multiple_hands
train,fist,data\hagrid_sample\hagrid-sample-30k-384p\hagrid_30k\train_val_fist\84f00b25-10b1-4f02-a516-95e6d4f0fc18.jpg,no_hand
train,fist,data\hagrid_sample\hagrid-sample-30k-384p\hagrid_30k\train_val_fist\be685154-c5cc-4e81-a7f2-097865d54373.jpg,multiple_hands
train,fist,data\hagrid_sample\hagrid-sample-30k-384p\hagrid_30k\train_val_fist\1a04e692-c3a9-4653-b2d1-c2fa07053df6.jpg,no_hand
train,fist,data\hagrid_sample\hagrid-sample-30k-384p\hagrid_30k\train_val_fist\7f5da8c2-b9d9-458d-a076-ff123bc61d8f.jpg,multiple_hands
train,fist,data\hagrid_sample\hagrid-sample-30k-384p\hagrid_30k\train_val_fist\38630c8c-a10d-4e81-94a2-74f42d347959.jpg,multiple_hands
train,fist,data\hagrid_sample\hagrid-sample-30k-384p\hagrid_30k\train_val_fist\3fc47d0b-5067-42ef-8839-cf870b1a0ffa.jpg,multiple_hands
train,fist,data\hagrid_sample\hagrid-sample-30k-384p\hagrid_30k\train_val_fist\b3a04a2c-0496-44da-afb7-a094ec3647f3.jpg,multiple_hands
train,fist,data\hagrid_sample\hagrid-sample-30k-384p\hagrid_30k\train_val_fist\d28fa41c-9812-4dd8-ac2e-5367e772568f.jpg,multiple_hands
train,fist,data\hagrid_sample\hagrid-sample-30k-384p\hagrid_30k\train_val_fist\52d91d0f-9f53-47af-a539-dc64d72a53dc.jpg,no_hand
train,fist,data\hagrid_sample\hagrid-sample-30k-384p\hagrid_30k\train_val_fist\94db7428-ed02-409f-b4a8-710525423e09.jpg,multiple_hands
train,fist,data\hagrid_sample\hagrid-sample-30k-384p\hagrid_30k\train_val_fist\148a451d-c2c9-4d80-aa02-4db52f32cf03.jpg,no_hand
train,fist,data\hagrid_sample\hagrid-sample-30k-384p\hagrid_30k\train_val_fist\5824f9fb-67ea-4a2c-98a2-88d310c34904.jpg,no_hand
train,fist,data\hagrid_sample\hagrid-sample-30k-384p\hagrid_30k\train_val_fist\d3025938-61fc-4ef7-abc7-093ad4644287.jpg,multiple_hands
train,fist,data\hagrid_sample\hagrid-sample-30k-384p\hagrid_30k\train_val_fist\26278573-40a6-4e3d-adcd-5045fb72607c.jpg,no_hand
train,fist,data\hagrid_sample\hagrid-sample-30k-384p\hagrid_30k\train_val_fist\097f07b1-cff9-42ca-aa4b-4a5c73a22731.jpg,multiple_hands
train,fist,data\hagrid_sample\hagrid-sample-30k-384p\hagrid_30k\train_val_fist\0f63aaf2-fa51-4f88-8983-922cd793c7a5.jpg,multiple_hands
train,fist,data\hagrid_sample\hagrid-sample-30k-384p\hagrid_30k\train_val_fist\bcf9285f-8062-4839-bdd5-3a7bce0b136a.jpg,multiple_hands
train,fist,data\hagrid_sample\hagrid-sample-30k-384p\hagrid_30k\train_val_fist\92f1b4ad-e245-4e4a-85a5-3d8f2d34ec33.jpg,multiple_hands
train,fist,data\hagrid_sample\hagrid-sample-30k-384p\hagrid_30k\train_val_fist\13a2d6bb-459b-4da2-abcb-3d84c8018bd6.jpg,multiple_hands
train,fist,data\hagrid_sample\hagrid-sample-30k-384p\hagrid_30k\train_val_fist\be2b6231-7328-49ef-bfe6-4dd4a70e6068.jpg,multiple_hands
train,fist,data\hagrid_sample\hagrid-sample-30k-384p\hagrid_30k\train_val_fist\91675fef-2778-481a-9193-c6974ee0d8b2.jpg,no_hand
train,fist,data\hagrid_sample\hagrid-sample-30k-384p\hagrid_30k\train_val_fist\5dfbbf6f-53d6-4841-a7db-ef44ed3fbfd8.jpg,multiple_hands
train,fist,data\hagrid_sample\hagrid-sample-30k-384p\hagrid_30k\train_val_fist\07108dfd-c953-488f-8459-3a53f38d9346.jpg,multiple_hands
train,fist,data\hagrid_sample\hagrid-sample-30k-384p\hagrid_30k\train_val_fist\ef703a21-a76d-4e3e-b704-057006da3815.jpg,multiple_hands
train,fist,data\hagrid_sample\hagrid-sample-30k-384p\hagrid_30k\train_val_fist\b9e2af06-30f7-49d3-b543-2d3f11195776.jpg,no_hand
train,fist,data\hagrid_sample\hagrid-sample-30k-384p\hagrid_30k\train_val_fist\9d8b4272-b473-46d9-8381-64799c600325.jpg,multiple_hands
train,fist,data\hagrid_sample\hagrid-sample-30k-384p\hagrid_30k\train_val_fist\3bfdb659-bd2a-4fc9-9188-46c5e9488eb9.jpg,multiple_hands
train,fist,data\hagrid_sample\hagrid-sample-30k-384p\hagrid_30k\train_val_fist\ec4cff6d-0346-4646-a208-4de73674c7c7.jpg,no_hand
train,fist,data\hagrid_sample\hagrid-sample-30k-384p\hagrid_30k\train_val_fist\5f4b6d37-e287-4032-b347-bdc654917f62.jpg,multiple_hands
train,fist,data\hagrid_sample\hagrid-sample-30k-384p\hagrid_30k\train_val_fist\e6f9ff68-56b9-43f6-96ee-4db3c58b0c66.jpg,multiple_hands
train,fist,data\hagrid_sample\hagrid-sample-30k-384p\hagrid_30k\train_val_fist\892595b3-38e3-4ab0-bf29-747d6b67b563.jpg,multiple_hands
train,fist,data\hagrid_sample\hagrid-sample-30k-384p\hagrid_30k\train_val_fist\86ce637f-592f-4725-80ed-d093eae22cc0.jpg,multiple_hands
train,fist,data\hagrid_sample\hagrid-sample-30k-384p\hagrid_30k\train_val_fist\80545d63-24d2-4b46-8a55-87b9e49a484f.jpg,no_hand
train,fist,data\hagrid_sample\hagrid-sample-30k-384p\hagrid_30k\train_val_fist\05757c89-8b9d-4dea-96fe-3b513fccf4a3.jpg,no_hand
train,fist,data\hagrid_sample\hagrid-sample-30k-384p\hagrid_30k\train_val_fist\c5f1fa95-7786-46ca-b687-c74cb2ce419a.jpg,multiple_hands
train,fist,data\hagrid_sample\hagrid-sample-30k-384p\hagrid_30k\train_val_fist\1bb9e20f-0847-4a24-82ef-9d8e283f3aaf.jpg,multiple_hands
train,fist,data\hagrid_sample\hagrid-sample-30k-384p\hagrid_30k\train_val_fist\c28bee67-739b-4640-9c5e-00bddd343a49.jpg,no_hand
train,fist,data\hagrid_sample\hagrid-sample-30k-384p\hagrid_30k\train_val_fist\f95043f3-95fb-40c7-bd35-c76a01ac7ada.jpg,no_hand
train,fist,data\hagrid_sample\hagrid-sample-30k-384p\hagrid_30k\train_val_fist\f5417d3a-7c0f-48c7-b976-7f2a0f3afcbb.jpg,no_hand
train,fist,data\hagrid_sample\hagrid-sample-30k-384p\hagrid_30k\train_val_fist\9cec0213-10db-48eb-8e13-ff08b6219145.jpg,multiple_hands
train,fist,data\hagrid_sample\hagrid-sample-30k-384p\hagrid_30k\train_val_fist\0ab478ae-79b6-4766-82ed-83018c2af471.jpg,multiple_hands
train,fist,data\hagrid_sample\hagrid-sample-30k-384p\hagrid_30k\train_val_fist\1aa810b0-60cd-4386-8d5f-39e68d9bbaef.jpg,no_hand
train,fist,data\hagrid_sample\hagrid-sample-30k-384p\hagrid_30k\train_val_fist\279adba3-37c2-4eee-b4a1-7aa3433368ca.jpg,no_hand
train,fist,data\hagrid_sample\hagrid-sample-30k-384p\hagrid_30k\train_val_fist\ad0f8f18-dfcb-454b-a29b-5196fb7e081b.jpg,no_hand
train,fist,data\hagrid_sample\hagrid-sample-30k-384p\hagrid_30k\train_val_fist\6f04b06e-1d73-444d-ae18-9dfe76a6fb26.jpg,multiple_hands
train,fist,data\hagrid_sample\hagrid-sample-30k-384p\hagrid_30k\train_val_fist\d33e2af4-83aa-4e12-8055-245dca10cbae.jpg,no_hand
train,fist,data\hagrid_sample\hagrid-sample-30k-384p\hagrid_30k\train_val_fist\3fdebec3-f521-4510-bc17-be797c86da77.jpg,multiple_hands
train,fist,data\hagrid_sample\hagrid-sample-30k-384p\hagrid_30k\train_val_fist\c3629599-ab33-44c5-91c2-3a7577d1b8bb.jpg,multiple_hands
train,fist,data\hagrid_sample\hagrid-sample-30k-384p\hagrid_30k\train_val_fist\a572c433-a52e-4579-991a-1672be8f3753.jpg,multiple_hands
train,fist,data\hagrid_sample\hagrid-sample-30k-384p\hagrid_30k\train_val_fist\a11d7a74-89c7-4ecf-ab9e-2a5ceb8566bf.jpg,no_hand
train,fist,data\hagrid_sample\hagrid-sample-30k-384p\hagrid_30k\train_val_fist\e2467dea-7679-4397-852b-3c47a2060514.jpg,multiple_hands
train,fist,data\hagrid_sample\hagrid-sample-30k-384p\hagrid_30k\train_val_fist\e13ae6aa-5a12-40b3-b4f4-58756f54e587.jpg,multiple_hands
train,fist,data\hagrid_sample\hagrid-sample-30k-384p\hagrid_30k\train_val_fist\b630d7be-037c-42f6-bb4b-8808de6faafe.jpg,multiple_hands
train,fist,data\hagrid_sample\hagrid-sample-30k-384p\hagrid_30k\train_val_fist\af5e7da7-fd91-4190-81f8-a534c7d12120.jpg,no_hand
train,fist,data\hagrid_sample\hagrid-sample-30k-384p\hagrid_30k\train_val_fist\0d6f8419-7a62-4bfb-9cfd-3b413188f8ee.jpg,multiple_hands
train,fist,data\hagrid_sample\hagrid-sample-30k-384p\hagrid_30k\train_val_fist\8ca3f54f-ed0f-4128-8eb3-87d64deec935.jpg,multiple_hands
train,fist,data\hagrid_sample\hagrid-sample-30k-384p\hagrid_30k\train_val_fist\a27373f5-b51f-43b9-881f-1be1339d0d2f.jpg,multiple_hands
train,fist,data\hagrid_sample\hagrid-sample-30k-384p\hagrid_30k\train_val_fist\48e6b2a4-9972-4872-a7d0-689aa8c316b0.jpg,multiple_hands
train,fist,data\hagrid_sample\hagrid-sample-30k-384p\hagrid_30k\train_val_fist\72ac817b-6540-4cd5-a9a5-977fb16933f5.jpg,no_hand
train,fist,data\hagrid_sample\hagrid-sample-30k-384p\hagrid_30k\train_val_fist\69e0bed8-1aaa-4902-b43a-189e61660e57.jpg,no_hand
train,fist,data\hagrid_sample\hagrid-sample-30k-384p\hagrid_30k\train_val_fist\ab076877-6b4e-4e48-87d9-40081920a11a.jpg,no_hand
train,fist,data\hagrid_sample\hagrid-sample-30k-384p\hagrid_30k\train_val_fist\1f69ca8e-2f8d-4fc1-98aa-40ba8ab007a4.jpg,no_hand
train,fist,data\hagrid_sample\hagrid-sample-30k-384p\hagrid_30k\train_val_fist\5501371f-0bcf-40b5-b57f-bf9537d5f1f9.jpg,multiple_hands
train,fist,data\hagrid_sample\hagrid-sample-30k-384p\hagrid_30k\train_val_fist\9527642d-84b6-4447-af59-077260c5bdca.jpg,multiple_hands
train,fist,data\hagrid_sample\hagrid-sample-30k-384p\hagrid_30k\train_val_fist\cf8ba49a-1962-46b9-a80c-ea1f4b1da5a1.jpg,no_hand
train,fist,data\hagrid_sample\hagrid-sample-30k-384p\hagrid_30k\train_val_fist\30146351-8e96-4b46-a165-4e4c895b819b.jpg,no_hand
train,fist,data\hagrid_sample\hagrid-sample-30k-384p\hagrid_30k\train_val_fist\e86c3de4-3844-4761-a5ef-78ef640e5e8c.jpg,multiple_hands
train,fist,data\hagrid_sample\hagrid-sample-30k-384p\hagrid_30k\train_val_fist\1969e13b-eee2-423e-8c6c-a607ca5dcc73.jpg,no_hand
train,fist,data\hagrid_sample\hagrid-sample-30k-384p\hagrid_30k\train_val_fist\cfe9306a-1168-4c02-a499-17e6aed415fc.jpg,no_hand
train,fist,data\hagrid_sample\hagrid-sample-30k-384p\hagrid_30k\train_val_fist\7ca0c177-aefb-497f-9b8d-5b714d990d41.jpg,multiple_hands
train,fist,data\hagrid_sample\hagrid-sample-30k-384p\hagrid_30k\train_val_fist\7c4aaa66-2632-44ab-8008-dda6ae230240.jpg,multiple_hands
train,fist,data\hagrid_sample\hagrid-sample-30k-384p\hagrid_30k\train_val_fist\83c21355-e16e-451a-be11-b12cd33ea751.jpg,multiple_hands
train,fist,data\hagrid_sample\hagrid-sample-30k-384p\hagrid_30k\train_val_fist\f22116e0-0c08-456a-8f71-4fa567ca6e33.jpg,no_hand
train,fist,data\hagrid_sample\hagrid-sample-30k-384p\hagrid_30k\train_val_fist\226fd80e-900b-4305-9fe6-11275b581365.jpg,multiple_hands
train,fist,data\hagrid_sample\hagrid-sample-30k-384p\hagrid_30k\train_val_fist\11545e39-7185-47b4-a82f-5ed62ea98baf.jpg,no_hand
train,fist,data\hagrid_sample\hagrid-sample-30k-384p\hagrid_30k\train_val_fist\c524cb0a-a501-40e2-af90-82834e4da449.jpg,no_hand
train,fist,data\hagrid_sample\hagrid-sample-30k-384p\hagrid_30k\train_val_fist\2f4d7e40-12fa-4019-867a-bb7253c77445.jpg,multiple_hands
train,fist,data\hagrid_sample\hagrid-sample-30k-384p\hagrid_30k\train_val_fist\c1170a1f-6a94-462f-9de1-39ed1a2c0206.jpg,no_hand
train,fist,data\hagrid_sample\hagrid-sample-30k-384p\hagrid_30k\train_val_fist\4c1d133a-df20-4636-be65-379f22a95241.jpg,no_hand
train,fist,data\hagrid_sample\hagrid-sample-30k-384p\hagrid_30k\train_val_fist\3be8d782-d19c-457d-baa6-7252038e5a50.jpg,no_hand
train,fist,data\hagrid_sample\hagrid-sample-30k-384p\hagrid_30k\train_val_fist\7f84f9de-286b-4984-a943-f275c1732f1c.jpg,no_hand
train,fist,data\hagrid_sample\hagrid-sample-30k-384p\hagrid_30k\train_val_fist\bb0cfc1e-e266-40e8-b9b0-047b29481ca0.jpg,no_hand
train,fist,data\hagrid_sample\hagrid-sample-30k-384p\hagrid_30k\train_val_fist\9eb8b410-7e39-4039-901f-d6835e1c6042.jpg,no_hand
train,fist,data\hagrid_sample\hagrid-sample-30k-384p\hagrid_30k\train_val_fist\25f385ae-69ac-48ad-adbc-b31aa79e0dac.jpg,no_hand
train,fist,data\hagrid_sample\hagrid-sample-30k-384p\hagrid_30k\train_val_fist\d00a8f50-efde-4531-bb6d-d2365a676b32.jpg,no_hand
train,fist,data\hagrid_sample\hagrid-sample-30k-384p\hagrid_30k\train_val_fist\4e90a1ad-9b12-4de9-b905-791ab7bdca6b.jpg,no_hand
train,fist,data\hagrid_sample\hagrid-sample-30k-384p\hagrid_30k\train_val_fist\da9949a9-7e69-4469-8fb5-ee1c69ec5913.jpg,no_hand
train,fist,data\hagrid_sample\hagrid-sample-30k-384p\hagrid_30k\train_val_fist\b32ca671-9037-4309-b805-f62a44d52410.jpg,no_hand
train,fist,data\hagrid_sample\hagrid-sample-30k-384p\hagrid_30k\train_val_fist\f865f6d7-c2fa-4ba0-809b-17b1ab28dfe5.jpg,no_hand
train,fist,data\hagrid_sample\hagrid-sample-30k-384p\hagrid_30k\train_val_fist\7cd7631b-45ca-471d-b77d-e188fe166e7e.jpg,no_hand
train,fist,data\hagrid_sample\hagrid-sample-30k-384p\hagrid_30k\train_val_fist\bbfb7c75-386f-46d5-a1f8-466731890434.jpg,multiple_hands
train,fist,data\hagrid_sample\hagrid-sample-30k-384p\hagrid_30k\train_val_fist\8e5dabb9-be11-4302-af0c-db6b0ec562cf.jpg,no_hand
train,fist,data\hagrid_sample\hagrid-sample-30k-384p\hagrid_30k\train_val_fist\d19d9d00-1602-4c9c-a30c-11e62d02a972.jpg,multiple_hands
train,fist,data\hagrid_sample\hagrid-sample-30k-384p\hagrid_30k\train_val_fist\33f630b7-deb3-4358-bbca-13e4054c6dc3.jpg,multiple_hands
train,fist,data\hagrid_sample\hagrid-sample-30k-384p\hagrid_30k\train_val_fist\bc8870ad-5cb5-4d18-8abd-48c85cbf195b.jpg,multiple_hands
train,fist,data\hagrid_sample\hagrid-sample-30k-384p\hagrid_30k\train_val_fist\11ece359-468b-4416-836c-95d18b2e0e20.jpg,no_hand
train,fist,data\hagrid_sample\hagrid-sample-30k-384p\hagrid_30k\train_val_fist\09366851-fd6a-414e-89db-30e5b2cd0b7b.jpg,multiple_hands
train,fist,data\hagrid_sample\hagrid-sample-30k-384p\hagrid_30k\train_val_fist\de188d31-2703-45e0-9bcc-dbe035ab7ea4.jpg,no_hand
train,fist,data\hagrid_sample\hagrid-sample-30k-384p\hagrid_30k\train_val_fist\f98d8018-b48e-4ceb-a5ed-35c411a6f3a7.jpg,multiple_hands
train,fist,data\hagrid_sample\hagrid-sample-30k-384p\hagrid_30k\train_val_fist\6d223287-6e4a-4770-8d39-3037baf7ff22.jpg,multiple_hands
train,fist,data\hagrid_sample\hagrid-sample-30k-384p\hagrid_30k\train_val_fist\88f2d834-24a9-4b83-a70a-7567758b317f.jpg,multiple_hands
train,fist,data\hagrid_sample\hagrid-sample-30k-384p\hagrid_30k\train_val_fist\3f06fa98-896f-4c42-b2d4-00193212cb2a.jpg,multiple_hands
train,fist,data\hagrid_sample\hagrid-sample-30k-384p\hagrid_30k\train_val_fist\ec9cd70b-ff9b-4eed-bad5-6afe946b49a8.jpg,no_hand
train,fist,data\hagrid_sample\hagrid-sample-30k-384p\hagrid_30k\train_val_fist\90105175-ec10-4d11-820f-de83add6f436.jpg,multiple_hands
train,fist,data\hagrid_sample\hagrid-sample-30k-384p\hagrid_30k\train_val_fist\6cd1446f-6d94-410d-871a-0c1127134816.jpg,no_hand
train,fist,data\hagrid_sample\hagrid-sample-30k-384p\hagrid_30k\train_val_fist\7e07f687-e559-46d8-9961-b7411f40a4c1.jpg,multiple_hands
train,fist,data\hagrid_sample\hagrid-sample-30k-384p\hagrid_30k\train_val_fist\22197067-bcba-4f25-85df-52b5700a819d.jpg,multiple_hands
train,fist,data\hagrid_sample\hagrid-sample-30k-384p\hagrid_30k\train_val_fist\033229aa-40ca-4e7f-8b29-5da918f9f1e4.jpg,multiple_hands
train,fist,data\hagrid_sample\hagrid-sample-30k-384p\hagrid_30k\train_val_fist\aefe4e16-809d-4832-b9e2-3ab80d0dc9d5.jpg,no_hand
train,fist,data\hagrid_sample\hagrid-sample-30k-384p\hagrid_30k\train_val_fist\13f09507-1f45-4922-8ffe-6eb3e70e6601.jpg,multiple_hands
train,fist,data\hagrid_sample\hagrid-sample-30k-384p\hagrid_30k\train_val_fist\572ca0d5-8cd9-4686-8128-a501f23131cc.jpg,no_hand
train,fist,data\hagrid_sample\hagrid-sample-30k-384p\hagrid_30k\train_val_fist\03faaaf7-e2a8-4c29-9f99-d69b40bd324e.jpg,no_hand
train,fist,data\hagrid_sample\hagrid-sample-30k-384p\hagrid_30k\train_val_fist\707b786d-bd59-4500-a557-a333b5034fb6.jpg,no_hand
train,fist,data\hagrid_sample\hagrid-sample-30k-384p\hagrid_30k\train_val_fist\c05dcc97-8717-4a5e-92d4-abd01e970520.jpg,multiple_hands
train,fist,data\hagrid_sample\hagrid-sample-30k-384p\hagrid_30k\train_val_fist\cfaf82ee-f283-44ac-84e8-389e7cc0fadc.jpg,multiple_hands
train,fist,data\hagrid_sample\hagrid-sample-30k-384p\hagrid_30k\train_val_fist\95f26e92-bd0c-4ef1-8b0e-3aee1725e132.jpg,no_hand
train,fist,data\hagrid_sample\hagrid-sample-30k-384p\hagrid_30k\train_val_fist\d98253db-9d18-4746-a2bf-158f450d1ca1.jpg,multiple_hands
train,fist,data\hagrid_sample\hagrid-sample-30k-384p\hagrid_30k\train_val_fist\bff38764-2d8a-48dd-96fc-37a82c69f1cc.jpg,multiple_hands
train,fist,data\hagrid_sample\hagrid-sample-30k-384p\hagrid_30k\train_val_fist\eef03e7b-0981-4b70-ad55-daa5a2a98ea3.jpg,no_hand
train,fist,data\hagrid_sample\hagrid-sample-30k-384p\hagrid_30k\train_val_fist\018f74c8-2ce6-40e4-9b8e-8a114a7dad56.jpg,multiple_hands
train,fist,data\hagrid_sample\hagrid-sample-30k-384p\hagrid_30k\train_val_fist\9ff0c784-4ada-4941-9410-c4a7168a46dd.jpg,multiple_hands
train,fist,data\hagrid_sample\hagrid-sample-30k-384p\hagrid_30k\train_val_fist\1bfa994f-4f7a-4708-a825-ed1a81369181.jpg,no_hand
train,fist,data\hagrid_sample\hagrid-sample-30k-384p\hagrid_30k\train_val_fist\2d2e0854-ad1c-415d-822e-5baa2eb66fe8.jpg,no_hand
train,fist,data\hagrid_sample\hagrid-sample-30k-384p\hagrid_30k\train_val_fist\795dd20e-7df9-4fc0-a34f-4c1b505bbee3.jpg,no_hand
train,fist,data\hagrid_sample\hagrid-sample-30k-384p\hagrid_30k\train_val_fist\0f8811b3-87f6-4d9b-8a6c-829567b2779d.jpg,multiple_hands
train,fist,data\hagrid_sample\hagrid-sample-30k-384p\hagrid_30k\train_val_fist\0e2e00e6-1e49-4696-806b-7310bd5b4403.jpg,multiple_hands
train,fist,data\hagrid_sample\hagrid-sample-30k-384p\hagrid_30k\train_val_fist\dd7b5cd0-d6d3-44b5-90e1-1893a9824723.jpg,multiple_hands
train,fist,data\hagrid_sample\hagrid-sample-30k-384p\hagrid_30k\train_val_fist\245d07cf-c297-4576-8aa8-729c8997629a.jpg,multiple_hands
train,fist,data\hagrid_sample\hagrid-sample-30k-384p\hagrid_30k\train_val_fist\5219f9a4-ac47-4b90-ba94-0de12383df3c.jpg,no_hand
train,fist,data\hagrid_sample\hagrid-sample-30k-384p\hagrid_30k\train_val_fist\ad90d719-5dc6-4f47-b129-9d0f39e2eb25.jpg,multiple_hands
train,fist,data\hagrid_sample\hagrid-sample-30k-384p\hagrid_30k\train_val_fist\5d01d57a-5c1b-40fd-9ad4-3e61d3f596f4.jpg,multiple_hands
train,fist,data\hagrid_sample\hagrid-sample-30k-384p\hagrid_30k\train_val_fist\433bb5a8-0602-4670-ae2b-e10754c5e9a5.jpg,no_hand
train,fist,data\hagrid_sample\hagrid-sample-30k-384p\hagrid_30k\train_val_fist\fbae95e2-7083-4dbe-bd7b-e76e130eb789.jpg,no_hand
train,fist,data\hagrid_sample\hagrid-sample-30k-384p\hagrid_30k\train_val_fist\c270f722-755c-446e-b6df-c093647398f7.jpg,no_hand
train,fist,data\hagrid_sample\hagrid-sample-30k-384p\hagrid_30k\train_val_fist\65f6777d-4248-412b-be9c-9c2bae07e12a.jpg,multiple_hands
train,fist,data\hagrid_sample\hagrid-sample-30k-384p\hagrid_30k\train_val_fist\3168b9da-c3c5-42df-b305-81639593acdb.jpg,no_hand
train,fist,data\hagrid_sample\hagrid-sample-30k-384p\hagrid_30k\train_val_fist\a5d7b8a5-36fd-4434-a50c-2b47d40a1156.jpg,no_hand
train,fist,data\hagrid_sample\hagrid-sample-30k-384p\hagrid_30k\train_val_fist\8fad0432-cc59-449d-9658-53374fb7c07a.jpg,no_hand
train,fist,data\hagrid_sample\hagrid-sample-30k-384p\hagrid_30k\train_val_fist\f6b74809-67f8-4678-904a-10cd7dc0dfe9.jpg,no_hand
train,fist,data\hagrid_sample\hagrid-sample-30k-384p\hagrid_30k\train_val_fist\d7881368-769d-46da-b2d5-dc89d7a6ce2c.jpg,no_hand
train,fist,data\hagrid_sample\hagrid-sample-30k-384p\hagrid_30k\train_val_fist\7a0e321e-9b1e-4b5e-856d-20cce1f2d308.jpg,no_hand
train,fist,data\hagrid_sample\hagrid-sample-30k-384p\hagrid_30k\train_val_fist\47b2fff9-f0df-46f0-80bd-9203b8099279.jpg,no_hand
train,fist,data\hagrid_sample\hagrid-sample-30k-384p\hagrid_30k\train_val_fist\b57b1fd7-ed87-47dd-9891-3f53abfb6ba7.jpg,multiple_hands
train,fist,data\hagrid_sample\hagrid-sample-30k-384p\hagrid_30k\train_val_fist\17e9ffa0-e6db-459f-80b4-f79d53145e95.jpg,no_hand
train,fist,data\hagrid_sample\hagrid-sample-30k-384p\hagrid_30k\train_val_fist\d131681b-ca8a-4827-90fe-2e7addc0bb23.jpg,no_hand
train,fist,data\hagrid_sample\hagrid-sample-30k-384p\hagrid_30k\train_val_fist\3e4c721e-1b07-44b4-acac-35ad6bc37235.jpg,no_hand
train,fist,data\hagrid_sample\hagrid-sample-30k-384p\hagrid_30k\train_val_fist\f132f7e1-7a76-4d70-a5ac-99db1bf1791e.jpg,multiple_hands
train,fist,data\hagrid_sample\hagrid-sample-30k-384p\hagrid_30k\train_val_fist\a29c6891-71f0-4cf7-91c8-2fccc657bb1b.jpg,multiple_hands
train,fist,data\hagrid_sample\hagrid-sample-30k-384p\hagrid_30k\train_val_fist\49a9fbe3-1aa9-4a97-870c-49e964557241.jpg,multiple_hands
train,fist,data\hagrid_sample\hagrid-sample-30k-384p\hagrid_30k\train_val_fist\14c4f538-62f4-4a38-b165-b7c794afb738.jpg,no_hand
train,fist,data\hagrid_sample\hagrid-sample-30k-384p\hagrid_30k\train_val_fist\a954495d-3b86-4c6d-8575-dfc0ba869bf2.jpg,multiple_hands
train,fist,data\hagrid_sample\hagrid-sample-30k-384p\hagrid_30k\train_val_fist\1fddf2bd-1b0b-4460-8e33-4fbb018380e1.jpg,multiple_hands
train,fist,data\hagrid_sample\hagrid-sample-30k-384p\hagrid_30k\train_val_fist\8ece9ea6-d30c-4412-a49a-ee53fdcbe878.jpg,multiple_hands
train,fist,data\hagrid_sample\hagrid-sample-30k-384p\hagrid_30k\train_val_fist\a31b9f29-06b1-4aba-b4b4-c5e5abb79ac0.jpg,no_hand
train,fist,data\hagrid_sample\hagrid-sample-30k-384p\hagrid_30k\train_val_fist\e35389c9-db40-40c1-acda-7de395547669.jpg,multiple_hands
train,fist,data\hagrid_sample\hagrid-sample-30k-384p\hagrid_30k\train_val_fist\31b2d130-90b0-43cc-8f2d-a5b1885d6e28.jpg,no_hand
train,fist,data\hagrid_sample\hagrid-sample-30k-384p\hagrid_30k\train_val_fist\cd58f1b0-c1a7-42a2-acf8-34884c327ccc.jpg,multiple_hands
train,fist,data\hagrid_sample\hagrid-sample-30k-384p\hagrid_30k\train_val_fist\b541850f-4633-469a-9535-dd1ca55536ee.jpg,multiple_hands
train,fist,data\hagrid_sample\hagrid-sample-30k-384p\hagrid_30k\train_val_fist\4522d351-aa4f-4fe1-9de2-4558569fb05d.jpg,no_hand
train,fist,data\hagrid_sample\hagrid-sample-30k-384p\hagrid_30k\train_val_fist\3145ed65-3053-4a87-8502-d18df61e3020.jpg,no_hand
train,fist,data\hagrid_sample\hagrid-sample-30k-384p\hagrid_30k\train_val_fist\58d7c1dc-cf24-494d-9248-a73d27eced55.jpg,multiple_hands
train,fist,data\hagrid_sample\hagrid-sample-30k-384p\hagrid_30k\train_val_fist\a0840072-4fed-46c1-8083-51ee2bfa239b.jpg,multiple_hands
train,fist,data\hagrid_sample\hagrid-sample-30k-384p\hagrid_30k\train_val_fist\e6c18b49-7d85-4be4-8226-c3326fcfabde.jpg,multiple_hands
train,fist,data\hagrid_sample\hagrid-sample-30k-384p\hagrid_30k\train_val_fist\e91c88fc-3c67-4895-8bc2-d081a4873bac.jpg,multiple_hands
train,fist,data\hagrid_sample\hagrid-sample-30k-384p\hagrid_30k\train_val_fist\aab5e190-80d7-4262-8ad9-cdeb7d8f2486.jpg,multiple_hands
train,fist,data\hagrid_sample\hagrid-sample-30k-384p\hagrid_30k\train_val_fist\471b68f5-c345-4ce3-89cf-a432a5d709ea.jpg,no_hand
train,fist,data\hagrid_sample\hagrid-sample-30k-384p\hagrid_30k\train_val_fist\f2e21bc5-5251-4622-b386-5e08a097fa4b.jpg,multiple_hands
train,fist,data\hagrid_sample\hagrid-sample-30k-384p\hagrid_30k\train_val_fist\e798eb2c-e5f1-4beb-a5fb-9b0accd89cd5.jpg,multiple_hands
train,fist,data\hagrid_sample\hagrid-sample-30k-384p\hagrid_30k\train_val_fist\5a342b35-ea50-436c-91e3-7b567130712e.jpg,multiple_hands
train,fist,data\hagrid_sample\hagrid-sample-30k-384p\hagrid_30k\train_val_fist\2f282dcd-a415-4852-b283-3c9e6befa7dc.jpg,no_hand
train,fist,data\hagrid_sample\hagrid-sample-30k-384p\hagrid_30k\train_val_fist\1989de42-8430-4c3d-ab07-c6c7842f7e15.jpg,no_hand
train,fist,data\hagrid_sample\hagrid-sample-30k-384p\hagrid_30k\train_val_fist\68b053b9-ccd9-4b10-8471-96ba0d3c65a4.jpg,no_hand
train,fist,data\hagrid_sample\hagrid-sample-30k-384p\hagrid_30k\train_val_fist\23e079b3-780a-48af-9769-7845a2e221da.jpg,multiple_hands
train,fist,data\hagrid_sample\hagrid-sample-30k-384p\hagrid_30k\train_val_fist\d07e791b-4600-4f71-922b-2663d1b9c90f.jpg,no_hand
train,fist,data\hagrid_sample\hagrid-sample-30k-384p\hagrid_30k\train_val_fist\0bed99d2-0173-40ca-b8c8-2db9181b7019.jpg,multiple_hands
train,fist,data\hagrid_sample\hagrid-sample-30k-384p\hagrid_30k\train_val_fist\53ce131c-f51b-4ddc-b88a-bcf619685550.jpg,multiple_hands
train,fist,data\hagrid_sample\hagrid-sample-30k-384p\hagrid_30k\train_val_fist\71157bfb-94f1-42c9-b7d9-1e64c4b22eba.jpg,multiple_hands
train,fist,data\hagrid_sample\hagrid-sample-30k-384p\hagrid_30k\train_val_fist\fd885fa7-1bd2-4a4b-92b4-ca977bee6e53.jpg,no_hand
train,fist,data\hagrid_sample\hagrid-sample-30k-384p\hagrid_30k\train_val_fist\ccfa80ac-15bb-4e37-90cf-52fc09fc9c8f.jpg,multiple_hands
train,fist,data\hagrid_sample\hagrid-sample-30k-384p\hagrid_30k\train_val_fist\2dd977f8-69f3-4862-81be-de6a74a55891.jpg,multiple_hands
train,fist,data\hagrid_sample\hagrid-sample-30k-384p\hagrid_30k\train_val_fist\a7bdf65e-b800-43c8-aa92-313187f00c5b.jpg,multiple_hands
train,fist,data\hagrid_sample\hagrid-sample-30k-384p\hagrid_30k\train_val_fist\17a8e30d-c797-49ca-b830-820b400ed3c6.jpg,no_hand
train,fist,data\hagrid_sample\hagrid-sample-30k-384p\hagrid_30k\train_val_fist\4aa87f6a-84be-4ac9-a424-bcfe094fef58.jpg,multiple_hands
train,fist,data\hagrid_sample\hagrid-sample-30k-384p\hagrid_30k\train_val_fist\a6ea2a14-cfff-46ac-89f0-f2f87a15bba7.jpg,multiple_hands
train,fist,data\hagrid_sample\hagrid-sample-30k-384p\hagrid_30k\train_val_fist\98668308-a0fa-49c7-9830-091d808da75c.jpg,no_hand
train,fist,data\hagrid_sample\hagrid-sample-30k-384p\hagrid_30k\train_val_fist\ece059e1-27a9-4a66-8762-c6422be32900.jpg,multiple_hands
train,fist,data\hagrid_sample\hagrid-sample-30k-384p\hagrid_30k\train_val_fist\c6a7602a-04a0-4b4e-88a1-11eb70ca4e15.jpg,multiple_hands
train,fist,data\hagrid_sample\hagrid-sample-30k-384p\hagrid_30k\train_val_fist\db4ce6e5-d8a1-465a-b20f-7b022804c627.jpg,multiple_hands
train,fist,data\hagrid_sample\hagrid-sample-30k-384p\hagrid_30k\train_val_fist\7eda452d-435f-4fc9-9aca-498a4fbea6ac.jpg,multiple_hands
train,fist,data\hagrid_sample\hagrid-sample-30k-384p\hagrid_30k\train_val_fist\4fd6824e-3274-40e5-8eb7-09f5c7c81b22.jpg,no_hand
train,fist,data\hagrid_sample\hagrid-sample-30k-384p\hagrid_30k\train_val_fist\f4abd0d2-6561-42ee-98c5-2a5053cdf04e.jpg,no_hand
train,fist,data\hagrid_sample\hagrid-sample-30k-384p\hagrid_30k\train_val_fist\bf6431eb-0686-47b5-a454-b3bf7d7d979a.jpg,multiple_hands
train,fist,data\hagrid_sample\hagrid-sample-30k-384p\hagrid_30k\train_val_fist\e052c880-9ecd-498c-af33-6f1355e99515.jpg,multiple_hands
train,fist,data\hagrid_sample\hagrid-sample-30k-384p\hagrid_30k\train_val_fist\85469723-1ffd-411f-a902-5b35eb306fcd.jpg,no_hand
train,fist,data\hagrid_sample\hagrid-sample-30k-384p\hagrid_30k\train_val_fist\b745d930-9d16-4ffa-b9f9-faec01c4db6a.jpg,multiple_hands
train,fist,data\hagrid_sample\hagrid-sample-30k-384p\hagrid_30k\train_val_fist\650cf52b-6f04-4cbd-9b65-3afd6964b116.jpg,multiple_hands
train,fist,data\hagrid_sample\hagrid-sample-30k-384p\hagrid_30k\train_val_fist\ad65d46d-a479-4cc6-b2e9-4e5a4494f7ce.jpg,multiple_hands
train,fist,data\hagrid_sample\hagrid-sample-30k-384p\hagrid_30k\train_val_fist\0ea01174-420c-417d-b417-0510b99ac52f.jpg,no_hand
train,fist,data\hagrid_sample\hagrid-sample-30k-384p\hagrid_30k\train_val_fist\02ca9b3b-d3d2-4dfd-b38a-fd8412c006a5.jpg,multiple_hands
train,fist,data\hagrid_sample\hagrid-sample-30k-384p\hagrid_30k\train_val_fist\78dfbf3c-fc9b-4cbc-a718-248796057c5e.jpg,no_hand
train,fist,data\hagrid_sample\hagrid-sample-30k-384p\hagrid_30k\train_val_fist\4a778fc5-2c90-40c1-b4b4-06b1759e3187.jpg,multiple_hands
train,fist,data\hagrid_sample\hagrid-sample-30k-384p\hagrid_30k\train_val_fist\97240de6-9538-4440-a69f-82eb9f63153a.jpg,no_hand
train,fist,data\hagrid_sample\hagrid-sample-30k-384p\hagrid_30k\train_val_fist\9d2d2371-ae7d-4103-b4d9-b0474e574c68.jpg,multiple_hands
train,fist,data\hagrid_sample\hagrid-sample-30k-384p\hagrid_30k\train_val_fist\c31b8c4d-22fa-424b-a83c-98faa38433dc.jpg,multiple_hands
train,fist,data\hagrid_sample\hagrid-sample-30k-384p\hagrid_30k\train_val_fist\6e0220a7-867c-477a-a163-9725aeacaa92.jpg,no_hand
train,fist,data\hagrid_sample\hagrid-sample-30k-384p\hagrid_30k\train_val_fist\4eb447ca-146c-4942-b1d3-430fed6003cb.jpg,multiple_hands
train,fist,data\hagrid_sample\hagrid-sample-30k-384p\hagrid_30k\train_val_fist\d8dc2918-332d-424e-ac5e-bce107832dab.jpg,multiple_hands
train,fist,data\hagrid_sample\hagrid-sample-30k-384p\hagrid_30k\train_val_fist\2a7a54f0-5650-4972-9884-e3e6caabc305.jpg,no_hand
train,fist,data\hagrid_sample\hagrid-sample-30k-384p\hagrid_30k\train_val_fist\8a0185e4-e975-42c4-a80d-36b51c9ce542.jpg,multiple_hands
train,fist,data\hagrid_sample\hagrid-sample-30k-384p\hagrid_30k\train_val_fist\6b0c2528-6640-4f13-9d5b-b7ed6c102730.jpg,no_hand
train,fist,data\hagrid_sample\hagrid-sample-30k-384p\hagrid_30k\train_val_fist\5a5dddba-6197-4457-8f0a-05b53d9e1dc5.jpg,multiple_hands
train,fist,data\hagrid_sample\hagrid-sample-30k-384p\hagrid_30k\train_val_fist\e54791c4-dc20-4db1-b9a9-ef9ec8b748e2.jpg,multiple_hands
train,fist,data\hagrid_sample\hagrid-sample-30k-384p\hagrid_30k\train_val_fist\8195b998-1c95-45d1-8d2d-4e8834c4e017.jpg,multiple_hands
train,fist,data\hagrid_sample\hagrid-sample-30k-384p\hagrid_30k\train_val_fist\65cb903e-2c3e-4897-9c09-d31b424828c5.jpg,no_hand
train,fist,data\hagrid_sample\hagrid-sample-30k-384p\hagrid_30k\train_val_fist\98180fc4-c828-4629-a8c8-9167b6acfa72.jpg,no_hand
train,fist,data\hagrid_sample\hagrid-sample-30k-384p\hagrid_30k\train_val_fist\f7e540aa-6acf-44c5-8339-ff5f22122a06.jpg,no_hand
train,fist,data\hagrid_sample\hagrid-sample-30k-384p\hagrid_30k\train_val_fist\81b786f3-71d6-4516-beea-b75405afbac7.jpg,no_hand
train,fist,data\hagrid_sample\hagrid-sample-30k-384p\hagrid_30k\train_val_fist\29642308-c218-40dd-ae95-f85a3d36fb85.jpg,no_hand
train,fist,data\hagrid_sample\hagrid-sample-30k-384p\hagrid_30k\train_val_fist\6faecd15-8d47-48a9-83b8-75547091ab31.jpg,multiple_hands
train,fist,data\hagrid_sample\hagrid-sample-30k-384p\hagrid_30k\train_val_fist\7deef4de-85c3-4adf-b887-b8752d92c2fe.jpg,multiple_hands
train,fist,data\hagrid_sample\hagrid-sample-30k-384p\hagrid_30k\train_val_fist\e4c850d9-1753-40b8-9b37-ddd6c63292a2.jpg,multiple_hands
train,fist,data\hagrid_sample\hagrid-sample-30k-384p\hagrid_30k\train_val_fist\f4e918be-e1b8-4bed-ad93-fe0d31237809.jpg,no_hand
train,fist,data\hagrid_sample\hagrid-sample-30k-384p\hagrid_30k\train_val_fist\f96dc7a0-f771-443d-8cf7-e3fee6f48cf0.jpg,multiple_hands
train,fist,data\hagrid_sample\hagrid-sample-30k-384p\hagrid_30k\train_val_fist\10d872c6-350f-4fce-8fa6-147f55273760.jpg,multiple_hands
train,fist,data\hagrid_sample\hagrid-sample-30k-384p\hagrid_30k\train_val_fist\fe482e22-9503-4dd1-bfb5-eae2034e97ff.jpg,no_hand
train,fist,data\hagrid_sample\hagrid-sample-30k-384p\hagrid_30k\train_val_fist\e310e5a3-2665-4b68-a362-fcace26208ef.jpg,multiple_hands
train,fist,data\hagrid_sample\hagrid-sample-30k-384p\hagrid_30k\train_val_fist\4ce2abf0-0128-4411-ae13-baab2b4594a0.jpg,no_hand
train,fist,data\hagrid_sample\hagrid-sample-30k-384p\hagrid_30k\train_val_fist\55d6e011-3ece-4947-9c1f-35e089ac2837.jpg,multiple_hands
train,fist,data\hagrid_sample\hagrid-sample-30k-384p\hagrid_30k\train_val_fist\13186560-a162-4a44-a32b-1346c1fee838.jpg,multiple_hands
train,fist,data\hagrid_sample\hagrid-sample-30k-384p\hagrid_30k\train_val_fist\5ec6a860-0051-420a-b87d-981bdc503fba.jpg,multiple_hands
train,fist,data\hagrid_sample\hagrid-sample-30k-384p\hagrid_30k\train_val_fist\c721e843-cb7e-4a38-9a70-b8a82dc3c8a8.jpg,no_hand
train,fist,data\hagrid_sample\hagrid-sample-30k-384p\hagrid_30k\train_val_fist\339ed1b9-8203-4b4b-bd48-0ca22372c90b.jpg,multiple_hands
train,fist,data\hagrid_sample\hagrid-sample-30k-384p\hagrid_30k\train_val_fist\a4894533-0c01-41d0-9d1c-fde922f9cf6b.jpg,multiple_hands
train,fist,data\hagrid_sample\hagrid-sample-30k-384p\hagrid_30k\train_val_fist\bae3c3fe-cc27-404f-a8be-56cc3064b451.jpg,no_hand
train,fist,data\hagrid_sample\hagrid-sample-30k-384p\hagrid_30k\train_val_fist\ba95333c-af1b-45d9-a5dc-ecb458f1e10d.jpg,multiple_hands
train,fist,data\hagrid_sample\hagrid-sample-30k-384p\hagrid_30k\train_val_fist\107ebde0-4b7b-4b80-80fb-1f41d9de2412.jpg,multiple_hands
val,fist,data\hagrid_sample\hagrid-sample-30k-384p\hagrid_30k\train_val_fist\ec664a02-89f5-4a0c-b39f-6844e2a326ea.jpg,multiple_hands
val,fist,data\hagrid_sample\hagrid-sample-30k-384p\hagrid_30k\train_val_fist\c55c5872-0e52-447c-a807-9b27be9aa7a7.jpg,no_hand
val,fist,data\hagrid_sample\hagrid-sample-30k-384p\hagrid_30k\train_val_fist\f8095ed7-796c-404b-9ba2-f60bb0ac0a52.jpg,multiple_hands
val,fist,data\hagrid_sample\hagrid-sample-30k-384p\hagrid_30k\train_val_fist\6380a9c4-6934-4f54-b771-71280ef48c97.jpg,multiple_hands
val,fist,data\hagrid_sample\hagrid-sample-30k-384p\hagrid_30k\train_val_fist\d027c51c-f983-4015-a4ec-5241dbeac232.jpg,no_hand
val,fist,data\hagrid_sample\hagrid-sample-30k-384p\hagrid_30k\train_val_fist\63a9df0b-9998-43e0-9fb8-548f190408aa.jpg,multiple_hands
val,fist,data\hagrid_sample\hagrid-sample-30k-384p\hagrid_30k\train_val_fist\9fcc22a8-fd15-4537-b1dd-3149b5ce7098.jpg,multiple_hands
val,fist,data\hagrid_sample\hagrid-sample-30k-384p\hagrid_30k\train_val_fist\78303be9-1435-4b89-84bb-8bc550e62c38.jpg,no_hand
val,fist,data\hagrid_sample\hagrid-sample-30k-384p\hagrid_30k\train_val_fist\bea9c362-0e79-4ae6-86b1-d8678d946c50.jpg,multiple_hands
val,fist,data\hagrid_sample\hagrid-sample-30k-384p\hagrid_30k\train_val_fist\d1c27b7f-7e46-413f-9cf5-08ffb4976e73.jpg,multiple_hands
val,fist,data\hagrid_sample\hagrid-sample-30k-384p\hagrid_30k\train_val_fist\eff9c61f-2fc1-4a3b-818a-b8f163affd16.jpg,no_hand
val,fist,data\hagrid_sample\hagrid-sample-30k-384p\hagrid_30k\train_val_fist\db6a200e-ea91-41f5-b730-dbcfffd54bc9.jpg,no_hand
val,fist,data\hagrid_sample\hagrid-sample-30k-384p\hagrid_30k\train_val_fist\6b68cf08-3f33-4a6d-a8e2-8bf3d86fab18.jpg,no_hand
val,fist,data\hagrid_sample\hagrid-sample-30k-384p\hagrid_30k\train_val_fist\7477ad27-0915-4b6a-a4ef-7aa6068f4b9b.jpg,multiple_hands
val,fist,data\hagrid_sample\hagrid-sample-30k-384p\hagrid_30k\train_val_fist\064a3557-8bef-45e1-81b4-ba7b9a554d6e.jpg,multiple_hands
val,fist,data\hagrid_sample\hagrid-sample-30k-384p\hagrid_30k\train_val_fist\7ebbfd96-181a-4578-9fd1-f850be83d62e.jpg,multiple_hands
val,fist,data\hagrid_sample\hagrid-sample-30k-384p\hagrid_30k\train_val_fist\7c2df470-b1d7-4e88-ae9f-ff182c99fb89.jpg,no_hand
val,fist,data\hagrid_sample\hagrid-sample-30k-384p\hagrid_30k\train_val_fist\d944ee64-98e4-4e3e-94dd-c04af356e7e5.jpg,no_hand
val,fist,data\hagrid_sample\hagrid-sample-30k-384p\hagrid_30k\train_val_fist\4641a8a2-f4f9-4a0a-a70c-3a60e1be5ff3.jpg,no_hand
val,fist,data\hagrid_sample\hagrid-sample-30k-384p\hagrid_30k\train_val_fist\190d27e7-42d4-4be3-a6d7-9a253701c6ea.jpg,multiple_hands
val,fist,data\hagrid_sample\hagrid-sample-30k-384p\hagrid_30k\train_val_fist\6156fa3b-f1a6-4dfd-a458-bb3460a89d59.jpg,multiple_hands
val,fist,data\hagrid_sample\hagrid-sample-30k-384p\hagrid_30k\train_val_fist\5350f99a-f11b-4821-a588-67819e426112.jpg,no_hand
val,fist,data\hagrid_sample\hagrid-sample-30k-384p\hagrid_30k\train_val_fist\488c14c4-a986-4b6d-a216-3c8963c3b441.jpg,multiple_hands
val,fist,data\hagrid_sample\hagrid-sample-30k-384p\hagrid_30k\train_val_fist\936c40c8-a0ee-491d-a230-cc1cf481af7c.jpg,multiple_hands
val,fist,data\hagrid_sample\hagrid-sample-30k-384p\hagrid_30k\train_val_fist\54296a88-6620-4b5f-8956-51d3efe5873f.jpg,multiple_hands
val,fist,data\hagrid_sample\hagrid-sample-30k-384p\hagrid_30k\train_val_fist\8666fd25-465d-498a-9d21-ec8bc681361c.jpg,no_hand
val,fist,data\hagrid_sample\hagrid-sample-30k-384p\hagrid_30k\train_val_fist\8aafd8c7-6c10-4ddb-9002-70875c10ff17.jpg,multiple_hands
val,fist,data\hagrid_sample\hagrid-sample-30k-384p\hagrid_30k\train_val_fist\42e6c379-dcae-4257-bbe4-58026319b6d1.jpg,no_hand
val,fist,data\hagrid_sample\hagrid-sample-30k-384p\hagrid_30k\train_val_fist\2d743952-faef-42c1-be40-ff5ec2f799ad.jpg,no_hand
val,fist,data\hagrid_sample\hagrid-sample-30k-384p\hagrid_30k\train_val_fist\966b36f5-1186-46ca-83d2-0358f871bfd2.jpg,no_hand
val,fist,data\hagrid_sample\hagrid-sample-30k-384p\hagrid_30k\train_val_fist\8a5e0b67-a155-492c-860f-112cd89e4fdd.jpg,no_hand
val,fist,data\hagrid_sample\hagrid-sample-30k-384p\hagrid_30k\train_val_fist\2d58fff4-d7ee-4d1a-8da0-954b4bec9867.jpg,multiple_hands
val,fist,data\hagrid_sample\hagrid-sample-30k-384p\hagrid_30k\train_val_fist\d2545e10-47a6-47ce-aa35-5e0d49b55372.jpg,no_hand
val,fist,data\hagrid_sample\hagrid-sample-30k-384p\hagrid_30k\train_val_fist\660b2250-8bba-4d1a-b972-a110d8c563d5.jpg,multiple_hands
val,fist,data\hagrid_sample\hagrid-sample-30k-384p\hagrid_30k\train_val_fist\d17d095a-cf7a-406b-b73d-4accfb38bca1.jpg,multiple_hands
val,fist,data\hagrid_sample\hagrid-sample-30k-384p\hagrid_30k\train_val_fist\8d52d779-2724-46f6-87cc-c06c15f08f46.jpg,multiple_hands
val,fist,data\hagrid_sample\hagrid-sample-30k-384p\hagrid_30k\train_val_fist\6200e542-b7c4-41b6-ae7d-ecb27d838b64.jpg,no_hand
val,fist,data\hagrid_sample\hagrid-sample-30k-384p\hagrid_30k\train_val_fist\e51d1812-3cd1-4df7-b775-46e0feb85935.jpg,multiple_hands
val,fist,data\hagrid_sample\hagrid-sample-30k-384p\hagrid_30k\train_val_fist\3572e701-3b1c-4a6d-a9e9-a5dea9d44549.jpg,no_hand
val,fist,data\hagrid_sample\hagrid-sample-30k-384p\hagrid_30k\train_val_fist\83552478-bfce-46cf-8748-5979ee70babf.jpg,no_hand
val,fist,data\hagrid_sample\hagrid-sample-30k-384p\hagrid_30k\train_val_fist\f2496467-8521-4fad-99d7-20c894cf36f4.jpg,multiple_hands
val,fist,data\hagrid_sample\hagrid-sample-30k-384p\hagrid_30k\train_val_fist\b7c44075-9524-43b2-a367-480641003a80.jpg,multiple_hands
val,fist,data\hagrid_sample\hagrid-sample-30k-384p\hagrid_30k\train_val_fist\9bda3934-f653-4dd4-840e-359ad36afee1.jpg,multiple_hands
val,fist,data\hagrid_sample\hagrid-sample-30k-384p\hagrid_30k\train_val_fist\69551500-6945-42d4-b440-197e161563fe.jpg,multiple_hands
val,fist,data\hagrid_sample\hagrid-sample-30k-384p\hagrid_30k\train_val_fist\83f99534-9654-43af-b167-f4ea9040d299.jpg,multiple_hands
val,fist,data\hagrid_sample\hagrid-sample-30k-384p\hagrid_30k\train_val_fist\e9be7cee-1653-4007-867b-aaca398b7702.jpg,no_hand
val,fist,data\hagrid_sample\hagrid-sample-30k-384p\hagrid_30k\train_val_fist\21ba4e79-eac0-43d6-8279-702da01bc1c0.jpg,multiple_hands
val,fist,data\hagrid_sample\hagrid-sample-30k-384p\hagrid_30k\train_val_fist\0c30a5d3-6b94-4813-99d4-4432f509560a.jpg,multiple_hands
val,fist,data\hagrid_sample\hagrid-sample-30k-384p\hagrid_30k\train_val_fist\c4391816-182a-439e-9dc3-b088472f055d.jpg,no_hand
val,fist,data\hagrid_sample\hagrid-sample-30k-384p\hagrid_30k\train_val_fist\08e4426d-a472-403e-b54c-accbab5d2a4b.jpg,multiple_hands
val,fist,data\hagrid_sample\hagrid-sample-30k-384p\hagrid_30k\train_val_fist\64ed0246-688b-4475-a802-246d077074b3.jpg,multiple_hands
val,fist,data\hagrid_sample\hagrid-sample-30k-384p\hagrid_30k\train_val_fist\6b2b994a-73ef-434b-9771-564b51f503f6.jpg,no_hand
val,fist,data\hagrid_sample\hagrid-sample-30k-384p\hagrid_30k\train_val_fist\79a4e103-2b92-4e51-aeb9-75481e5d4f11.jpg,no_hand
val,fist,data\hagrid_sample\hagrid-sample-30k-384p\hagrid_30k\train_val_fist\4405eaa2-1d38-4804-afde-d100851e9d7e.jpg,multiple_hands
val,fist,data\hagrid_sample\hagrid-sample-30k-384p\hagrid_30k\train_val_fist\6ac1d26b-1fe9-4e12-a86a-862b8eb286ba.jpg,multiple_hands
val,fist,data\hagrid_sample\hagrid-sample-30k-384p\hagrid_30k\train_val_fist\8efa3d92-b102-41a9-93b8-f608034a3f07.jpg,no_hand
val,fist,data\hagrid_sample\hagrid-sample-30k-384p\hagrid_30k\train_val_fist\74fd1c63-49b8-49b5-9a21-553a6bd88b99.jpg,multiple_hands
val,fist,data\hagrid_sample\hagrid-sample-30k-384p\hagrid_30k\train_val_fist\7d9c2fa4-04aa-47e4-ba0a-c346016284a3.jpg,no_hand
val,fist,data\hagrid_sample\hagrid-sample-30k-384p\hagrid_30k\train_val_fist\65284343-3e59-4a5b-bfe8-c76a8a1c4de9.jpg,no_hand
val,fist,data\hagrid_sample\hagrid-sample-30k-384p\hagrid_30k\train_val_fist\36e9cb29-fb9d-481b-a8a5-09f942aa03ce.jpg,multiple_hands
val,fist,data\hagrid_sample\hagrid-sample-30k-384p\hagrid_30k\train_val_fist\d1eff779-319b-4c1a-b033-fe40c1147798.jpg,no_hand
val,fist,data\hagrid_sample\hagrid-sample-30k-384p\hagrid_30k\train_val_fist\aad9549b-12ac-44ed-a242-725603191809.jpg,no_hand
val,fist,data\hagrid_sample\hagrid-sample-30k-384p\hagrid_30k\train_val_fist\6c08b6d1-dda2-43ef-8550-1c691d320c68.jpg,multiple_hands
val,fist,data\hagrid_sample\hagrid-sample-30k-384p\hagrid_30k\train_val_fist\6d4bc0b3-5f05-43c8-ab9e-c90e321c8beb.jpg,multiple_hands
test,fist,data\hagrid_sample\hagrid-sample-30k-384p\hagrid_30k\train_val_fist\5ddfb829-9d49-40ab-bd63-bef7658f11a5.jpg,multiple_hands
test,fist,data\hagrid_sample\hagrid-sample-30k-384p\hagrid_30k\train_val_fist\821ffe95-767b-44da-b45b-0c2141dff7ee.jpg,multiple_hands
test,fist,data\hagrid_sample\hagrid-sample-30k-384p\hagrid_30k\train_val_fist\014f643f-e5de-4df6-9716-a6a922e8fc16.jpg,no_hand
test,fist,data\hagrid_sample\hagrid-sample-30k-384p\hagrid_30k\train_val_fist\d707ef4f-4261-4a48-85ed-19b2a1c8940c.jpg,multiple_hands
test,fist,data\hagrid_sample\hagrid-sample-30k-384p\hagrid_30k\train_val_fist\e8ce800b-71e2-4d1b-a8a1-b244a2550ff6.jpg,no_hand
test,fist,data\hagrid_sample\hagrid-sample-30k-384p\hagrid_30k\train_val_fist\99e2cf6b-c09a-4705-b865-e056697b5156.jpg,multiple_hands
test,fist,data\hagrid_sample\hagrid-sample-30k-384p\hagrid_30k\train_val_fist\50288d73-917d-4cbc-a200-a231e3c68811.jpg,multiple_hands
test,fist,data\hagrid_sample\hagrid-sample-30k-384p\hagrid_30k\train_val_fist\b8ec2754-7ad6-41fd-958e-17ded1103ab0.jpg,no_hand
test,fist,data\hagrid_sample\hagrid-sample-30k-384p\hagrid_30k\train_val_fist\215e4fe2-8dad-4b74-8621-0c0f3011c877.jpg,multiple_hands
test,fist,data\hagrid_sample\hagrid-sample-30k-384p\hagrid_30k\train_val_fist\2074728b-86c1-41fc-b024-6ea879485123.jpg,multiple_hands
test,fist,data\hagrid_sample\hagrid-sample-30k-384p\hagrid_30k\train_val_fist\5ad20ff6-a340-4747-9563-873b05e7e6c4.jpg,no_hand
test,fist,data\hagrid_sample\hagrid-sample-30k-384p\hagrid_30k\train_val_fist\02a809c0-8c0a-4ded-8ac8-f72ed2b107a8.jpg,multiple_hands
test,fist,data\hagrid_sample\hagrid-sample-30k-384p\hagrid_30k\train_val_fist\70f0b922-c6ca-4328-aa1a-dfdf3d7a4ecb.jpg,no_hand
test,fist,data\hagrid_sample\hagrid-sample-30k-384p\hagrid_30k\train_val_fist\bdc5baf8-0cf8-498d-af23-135c356b4dfa.jpg,no_hand
test,fist,data\hagrid_sample\hagrid-sample-30k-384p\hagrid_30k\train_val_fist\030a58b9-3713-48bd-b9ce-bc95119268d2.jpg,multiple_hands
test,fist,data\hagrid_sample\hagrid-sample-30k-384p\hagrid_30k\train_val_fist\c466a4f5-bd79-4d7e-8f03-141238999124.jpg,multiple_hands
test,fist,data\hagrid_sample\hagrid-sample-30k-384p\hagrid_30k\train_val_fist\604b3d30-e961-4d9b-8369-071ad257e519.jpg,multiple_hands
test,fist,data\hagrid_sample\hagrid-sample-30k-384p\hagrid_30k\train_val_fist\bd2dc6d5-1e02-4dc3-b99f-d5c7f4313afa.jpg,no_hand
test,fist,data\hagrid_sample\hagrid-sample-30k-384p\hagrid_30k\train_val_fist\1571af7e-71ac-4730-afcc-a6c4233349d1.jpg,multiple_hands
test,fist,data\hagrid_sample\hagrid-sample-30k-384p\hagrid_30k\train_val_fist\98db98a1-ac1c-487c-b6d9-d1a25ed8a012.jpg,multiple_hands
test,fist,data\hagrid_sample\hagrid-sample-30k-384p\hagrid_30k\train_val_fist\f5fbc5e2-0ae0-4eba-9564-b6fd2b11013c.jpg,no_hand
test,fist,data\hagrid_sample\hagrid-sample-30k-384p\hagrid_30k\train_val_fist\b1622277-bf09-46d7-84bd-745357027f9b.jpg,no_hand
test,fist,data\hagrid_sample\hagrid-sample-30k-384p\hagrid_30k\train_val_fist\2fa535a9-4566-4c7a-a97f-50a7a81993ff.jpg,multiple_hands
test,fist,data\hagrid_sample\hagrid-sample-30k-384p\hagrid_30k\train_val_fist\def74b47-1999-40da-8150-ff0df84bdd62.jpg,multiple_hands
test,fist,data\hagrid_sample\hagrid-sample-30k-384p\hagrid_30k\train_val_fist\508c25a9-3ccc-4531-bb16-8b1087c8e628.jpg,no_hand
test,fist,data\hagrid_sample\hagrid-sample-30k-384p\hagrid_30k\train_val_fist\92599e5d-f59b-474f-8a23-4611066fd1fe.jpg,multiple_hands
test,fist,data\hagrid_sample\hagrid-sample-30k-384p\hagrid_30k\train_val_fist\c66c1e19-e975-4692-91d2-d31034150695.jpg,no_hand
test,fist,data\hagrid_sample\hagrid-sample-30k-384p\hagrid_30k\train_val_fist\17840530-f35c-4b90-8236-f6220b21399f.jpg,multiple_hands
test,fist,data\hagrid_sample\hagrid-sample-30k-384p\hagrid_30k\train_val_fist\4bd79f05-387b-48e4-bb65-58e643e3945c.jpg,multiple_hands
test,fist,data\hagrid_sample\hagrid-sample-30k-384p\hagrid_30k\train_val_fist\e9dba235-8dfd-4253-952b-a598d71d93fd.jpg,no_hand
test,fist,data\hagrid_sample\hagrid-sample-30k-384p\hagrid_30k\train_val_fist\67467abb-9bc1-4879-9fbf-c61f14a6a40a.jpg,multiple_hands
test,fist,data\hagrid_sample\hagrid-sample-30k-384p\hagrid_30k\train_val_fist\c4b914be-6571-49ec-9d19-fe68b87b97bf.jpg,multiple_hands
test,fist,data\hagrid_sample\hagrid-sample-30k-384p\hagrid_30k\train_val_fist\8df12342-a4f3-4764-b433-7a2d30341bbb.jpg,multiple_hands
test,fist,data\hagrid_sample\hagrid-sample-30k-384p\hagrid_30k\train_val_fist\7d557ccf-b4b2-4fdd-a7c7-12cbc096e62c.jpg,multiple_hands
test,fist,data\hagrid_sample\hagrid-sample-30k-384p\hagrid_30k\train_val_fist\c8535383-6f9e-4d78-8e60-5546eb3422fc.jpg,no_hand
test,fist,data\hagrid_sample\hagrid-sample-30k-384p\hagrid_30k\train_val_fist\1d82130c-0c04-45fa-8775-0559f8199fa6.jpg,no_hand
test,fist,data\hagrid_sample\hagrid-sample-30k-384p\hagrid_30k\train_val_fist\3a6762ef-9d00-4f29-a7c9-4947a3bc9aca.jpg,no_hand
test,fist,data\hagrid_sample\hagrid-sample-30k-384p\hagrid_30k\train_val_fist\7c0855f7-8827-4b7e-946d-80380737a8f5.jpg,multiple_hands
test,fist,data\hagrid_sample\hagrid-sample-30k-384p\hagrid_30k\train_val_fist\54b10b0c-a8b5-44dd-ae4e-a2de41f1008a.jpg,no_hand
test,fist,data\hagrid_sample\hagrid-sample-30k-384p\hagrid_30k\train_val_fist\db264de8-faeb-48cd-9ad2-5b6df435aa82.jpg,multiple_hands
test,fist,data\hagrid_sample\hagrid-sample-30k-384p\hagrid_30k\train_val_fist\15489cd5-d272-4e44-8cfd-9c16c957ada1.jpg,multiple_hands
test,fist,data\hagrid_sample\hagrid-sample-30k-384p\hagrid_30k\train_val_fist\45867e5e-e2b1-4b03-ad12-6cccc474a371.jpg,multiple_hands
test,fist,data\hagrid_sample\hagrid-sample-30k-384p\hagrid_30k\train_val_fist\12b1566b-976c-4438-8e17-ec8d231b88ce.jpg,no_hand
test,fist,data\hagrid_sample\hagrid-sample-30k-384p\hagrid_30k\train_val_fist\163e7b4f-00ef-436e-9cfc-e693bedce0a0.jpg,multiple_hands
test,fist,data\hagrid_sample\hagrid-sample-30k-384p\hagrid_30k\train_val_fist\b40e999b-76f3-4790-8f3a-ec56225da40c.jpg,multiple_hands
test,fist,data\hagrid_sample\hagrid-sample-30k-384p\hagrid_30k\train_val_fist\723d76a0-f5df-43cd-a456-cb01596132f5.jpg,multiple_hands
test,fist,data\hagrid_sample\hagrid-sample-30k-384p\hagrid_30k\train_val_fist\fc1cd467-6060-4b0b-b837-7f25e5a559fc.jpg,multiple_hands
test,fist,data\hagrid_sample\hagrid-sample-30k-384p\hagrid_30k\train_val_fist\5ee249c5-3eef-4036-bfb4-cb3063d15318.jpg,no_hand
train,palm,data\hagrid_sample\hagrid-sample-30k-384p\hagrid_30k\train_val_palm\00212dde-f65d-45cf-8398-20a7febc8a90.jpg,multiple_hands
train,palm,data\hagrid_sample\hagrid-sample-30k-384p\hagrid_30k\train_val_palm\d6951840-9127-434f-86ba-ed6a73ae6975.jpg,multiple_hands
train,palm,data\hagrid_sample\hagrid-sample-30k-384p\hagrid_30k\train_val_palm\c2b695e9-ae5a-410f-8ffc-ccd4c9847036.jpg,multiple_hands
train,palm,data\hagrid_sample\hagrid-sample-30k-384p\hagrid_30k\train_val_palm\e0677735-4610-47c8-8bc0-343dee836202.jpg,multiple_hands
train,palm,data\hagrid_sample\hagrid-sample-30k-384p\hagrid_30k\train_val_palm\d393110f-e8bd-4f7c-80a4-98bce968fa95.jpg,multiple_hands
train,palm,data\hagrid_sample\hagrid-sample-30k-384p\hagrid_30k\train_val_palm\c2098e82-238d-47a9-b6b7-6e80f602d40e.jpg,multiple_hands
train,palm,data\hagrid_sample\hagrid-sample-30k-384p\hagrid_30k\train_val_palm\ecaaa53c-f862-4fc6-90c3-30184fadeda8.jpg,multiple_hands
train,palm,data\hagrid_sample\hagrid-sample-30k-384p\hagrid_30k\train_val_palm\b1d02631-e5ef-4a43-962b-8f6d6bb31ef3.jpg,no_hand
train,palm,data\hagrid_sample\hagrid-sample-30k-384p\hagrid_30k\train_val_palm\4136b3dd-099c-4ef1-aa17-5d48be0cf5a1.jpg,multiple_hands
train,palm,data\hagrid_sample\hagrid-sample-30k-384p\hagrid_30k\train_val_palm\e36c3038-0547-4be8-9c90-8ef63bd41568.jpg,no_hand
train,palm,data\hagrid_sample\hagrid-sample-30k-384p\hagrid_30k\train_val_palm\8fc88785-6106-42be-bbd5-ea6d7a84f877.jpg,no_hand
train,palm,data\hagrid_sample\hagrid-sample-30k-384p\hagrid_30k\train_val_palm\649e42ba-638e-4627-b7cf-51f3ef27b45c.jpg,multiple_hands
train,palm,data\hagrid_sample\hagrid-sample-30k-384p\hagrid_30k\train_val_palm\7aff9da1-167a-4f2e-864d-85899bcd02c7.jpg,multiple_hands
train,palm,data\hagrid_sample\hagrid-sample-30k-384p\hagrid_30k\train_val_palm\5a28da31-deab-466f-abfc-49ad544548f3.jpg,multiple_hands
train,palm,data\hagrid_sample\hagrid-sample-30k-384p\hagrid_30k\train_val_palm\80f153af-ac6e-44b1-ad5c-10cdbcb4054a.jpg,multiple_hands
train,palm,data\hagrid_sample\hagrid-sample-30k-384p\hagrid_30k\train_val_palm\f8f91cb1-bf8b-4a13-be87-354faa9c8517.jpg,multiple_hands
train,palm,data\hagrid_sample\hagrid-sample-30k-384p\hagrid_30k\train_val_palm\30ddead4-ce44-4103-b59a-c3968588f608.jpg,multiple_hands
train,palm,data\hagrid_sample\hagrid-sample-30k-384p\hagrid_30k\train_val_palm\86fef52b-8873-419a-b927-ffe3b8911642.jpg,no_hand
train,palm,data\hagrid_sample\hagrid-sample-30k-384p\hagrid_30k\train_val_palm\04123eeb-e07f-47a1-8080-31e0c39e0c1e.jpg,no_hand
train,palm,data\hagrid_sample\hagrid-sample-30k-384p\hagrid_30k\train_val_palm\4c7e65c6-399d-403b-9c71-3f014d0d8dc2.jpg,multiple_hands
train,palm,data\hagrid_sample\hagrid-sample-30k-384p\hagrid_30k\train_val_palm\c7e2571b-c69e-4933-b460-447235f60580.jpg,multiple_hands
train,palm,data\hagrid_sample\hagrid-sample-30k-384p\hagrid_30k\train_val_palm\b79a425e-24ff-468d-a0b1-24face33c004.jpg,no_hand
train,palm,data\hagrid_sample\hagrid-sample-30k-384p\hagrid_30k\train_val_palm\397a165a-bdc9-4b9a-afcf-50c7611fe2e9.jpg,multiple_hands
train,palm,data\hagrid_sample\hagrid-sample-30k-384p\hagrid_30k\train_val_palm\5942e056-d0cd-44a1-b7e1-14001e28227c.jpg,multiple_hands
train,palm,data\hagrid_sample\hagrid-sample-30k-384p\hagrid_30k\train_val_palm\321d1805-0e88-4bac-969f-1d6446a3589f.jpg,multiple_hands
train,palm,data\hagrid_sample\hagrid-sample-30k-384p\hagrid_30k\train_val_palm\b6da6c05-93c3-4856-94be-a1786f24081e.jpg,multiple_hands
train,palm,data\hagrid_sample\hagrid-sample-30k-384p\hagrid_30k\train_val_palm\5e0d31f9-0f0f-43c3-9e43-31b6e035cb33.jpg,multiple_hands
train,palm,data\hagrid_sample\hagrid-sample-30k-384p\hagrid_30k\train_val_palm\4f356600-58a3-4fb5-b0fd-1749227759fe.jpg,no_hand
train,palm,data\hagrid_sample\hagrid-sample-30k-384p\hagrid_30k\train_val_palm\d1c5dd21-01b8-4234-a31a-795a8d01144b.jpg,multiple_hands
train,palm,data\hagrid_sample\hagrid-sample-30k-384p\hagrid_30k\train_val_palm\e792f7de-c2c5-43d0-b071-e542cb171caa.jpg,no_hand
train,palm,data\hagrid_sample\hagrid-sample-30k-384p\hagrid_30k\train_val_palm\5c91551d-f92d-415a-b1ae-504b860bab08.jpg,multiple_hands
train,palm,data\hagrid_sample\hagrid-sample-30k-384p\hagrid_30k\train_val_palm\f0af9be0-ba82-4d64-94f5-1933695f320c.jpg,multiple_hands
train,palm,data\hagrid_sample\hagrid-sample-30k-384p\hagrid_30k\train_val_palm\fcf35ae8-a16b-49a5-94fc-e747d1ec361a.jpg,multiple_hands
train,palm,data\hagrid_sample\hagrid-sample-30k-384p\hagrid_30k\train_val_palm\ebbfcfde-01ec-49c3-9644-3b699abee2b4.jpg,multiple_hands
train,palm,data\hagrid_sample\hagrid-sample-30k-384p\hagrid_30k\train_val_palm\17690ca4-18f7-45c7-806c-9c3e121bce7d.jpg,multiple_hands
train,palm,data\hagrid_sample\hagrid-sample-30k-384p\hagrid_30k\train_val_palm\1264a790-6691-4716-b6cc-679b328ad5bf.jpg,multiple_hands
train,palm,data\hagrid_sample\hagrid-sample-30k-384p\hagrid_30k\train_val_palm\a644fe42-4d8a-42ea-934e-2d5b5f1b5439.jpg,no_hand
train,palm,data\hagrid_sample\hagrid-sample-30k-384p\hagrid_30k\train_val_palm\2eff2bf8-0d5c-4500-98e9-2df8f9d74da2.jpg,multiple_hands
train,palm,data\hagrid_sample\hagrid-sample-30k-384p\hagrid_30k\train_val_palm\74f88b4a-189d-474b-b17c-18d60c21a344.jpg,multiple_hands
train,palm,data\hagrid_sample\hagrid-sample-30k-384p\hagrid_30k\train_val_palm\685c07d0-96b0-47c0-854c-070eadd2aa88.jpg,multiple_hands
train,palm,data\hagrid_sample\hagrid-sample-30k-384p\hagrid_30k\train_val_palm\829bcbb7-b728-40b2-be49-cc8c93f99a4c.jpg,no_hand
train,palm,data\hagrid_sample\hagrid-sample-30k-384p\hagrid_30k\train_val_palm\898ed640-4f3f-45b4-ab68-c22d9e1e2d4a.jpg,multiple_hands
train,palm,data\hagrid_sample\hagrid-sample-30k-384p\hagrid_30k\train_val_palm\7fce792c-66c9-46bd-9037-3c73830274f4.jpg,multiple_hands
train,palm,data\hagrid_sample\hagrid-sample-30k-384p\hagrid_30k\train_val_palm\1a187fff-d107-45ca-afa0-1dd008892387.jpg,no_hand
train,palm,data\hagrid_sample\hagrid-sample-30k-384p\hagrid_30k\train_val_palm\109becf2-9f76-4641-b4a1-301d9fca01c8.jpg,no_hand
train,palm,data\hagrid_sample\hagrid-sample-30k-384p\hagrid_30k\train_val_palm\7664dc73-7653-41fa-85b8-4ac5ad1489ee.jpg,no_hand
train,palm,data\hagrid_sample\hagrid-sample-30k-384p\hagrid_30k\train_val_palm\36d229be-21b9-41e0-a368-44e5b7a6ad64.jpg,multiple_hands
train,palm,data\hagrid_sample\hagrid-sample-30k-384p\hagrid_30k\train_val_palm\dca901f0-49a5-4028-a4a5-d31c3f2af57a.jpg,multiple_hands
train,palm,data\hagrid_sample\hagrid-sample-30k-384p\hagrid_30k\train_val_palm\053dfdb5-6b8b-4430-b70e-b63a4d2fc3c9.jpg,multiple_hands
train,palm,data\hagrid_sample\hagrid-sample-30k-384p\hagrid_30k\train_val_palm\d36c7fc9-5655-485c-bda2-d4225dbcecf3.jpg,multiple_hands
train,palm,data\hagrid_sample\hagrid-sample-30k-384p\hagrid_30k\train_val_palm\e76b5148-e7de-42d0-8167-e5f49da4dc04.jpg,multiple_hands
train,palm,data\hagrid_sample\hagrid-sample-30k-384p\hagrid_30k\train_val_palm\d7eb22ae-8816-4d31-8500-ea89649757ae.jpg,no_hand
train,palm,data\hagrid_sample\hagrid-sample-30k-384p\hagrid_30k\train_val_palm\be409bef-9af7-429e-996f-b48facf31c3e.jpg,no_hand
train,palm,data\hagrid_sample\hagrid-sample-30k-384p\hagrid_30k\train_val_palm\bb8ab60e-5768-4173-bad1-626187dc3cd7.jpg,multiple_hands
train,palm,data\hagrid_sample\hagrid-sample-30k-384p\hagrid_30k\train_val_palm\d659faa3-bd17-4cc9-b762-64d4fbbda279.jpg,multiple_hands
train,palm,data\hagrid_sample\hagrid-sample-30k-384p\hagrid_30k\train_val_palm\083436bc-bf9b-4270-91d3-fd7ab063b837.jpg,no_hand
train,palm,data\hagrid_sample\hagrid-sample-30k-384p\hagrid_30k\train_val_palm\d1a54272-dfab-47b9-bd70-1f48c3163e00.jpg,multiple_hands
train,palm,data\hagrid_sample\hagrid-sample-30k-384p\hagrid_30k\train_val_palm\59a29b38-a5cf-4641-ae25-332f50dd5cbd.jpg,multiple_hands
train,palm,data\hagrid_sample\hagrid-sample-30k-384p\hagrid_30k\train_val_palm\b5fbf924-76a5-4ae3-b649-e3ac8d53372a.jpg,no_hand
train,palm,data\hagrid_sample\hagrid-sample-30k-384p\hagrid_30k\train_val_palm\b3d6516d-e070-4d3c-89c4-1b80ea03a214.jpg,no_hand
train,palm,data\hagrid_sample\hagrid-sample-30k-384p\hagrid_30k\train_val_palm\4575ed55-66a0-4913-8e65-c350e4c72b08.jpg,no_hand
train,palm,data\hagrid_sample\hagrid-sample-30k-384p\hagrid_30k\train_val_palm\8e310fc1-e8dd-43b7-b708-81beab2e7e97.jpg,no_hand
train,palm,data\hagrid_sample\hagrid-sample-30k-384p\hagrid_30k\train_val_palm\7ee404b7-d6d5-4ffe-8bd9-7af01e73f6ac.jpg,no_hand
train,palm,data\hagrid_sample\hagrid-sample-30k-384p\hagrid_30k\train_val_palm\aab713d3-9f73-4f6e-88f6-e12b6a11df3b.jpg,no_hand
train,palm,data\hagrid_sample\hagrid-sample-30k-384p\hagrid_30k\train_val_palm\fbd17948-bb58-4936-9021-65a43e35f214.jpg,multiple_hands
train,palm,data\hagrid_sample\hagrid-sample-30k-384p\hagrid_30k\train_val_palm\c5704ba8-0be9-4300-9870-8df8b188ef28.jpg,multiple_hands
train,palm,data\hagrid_sample\hagrid-sample-30k-384p\hagrid_30k\train_val_palm\567bf0d3-b648-4061-9bf2-7e1e9304c4cc.jpg,multiple_hands
train,palm,data\hagrid_sample\hagrid-sample-30k-384p\hagrid_30k\train_val_palm\eee883c0-eef0-4168-8103-556949b7214e.jpg,multiple_hands
train,palm,data\hagrid_sample\hagrid-sample-30k-384p\hagrid_30k\train_val_palm\245f045f-1005-4d5f-90ff-6edc64c59d6a.jpg,multiple_hands
train,palm,data\hagrid_sample\hagrid-sample-30k-384p\hagrid_30k\train_val_palm\abb15226-fe3a-4d7c-83e9-3d0655969dfa.jpg,multiple_hands
train,palm,data\hagrid_sample\hagrid-sample-30k-384p\hagrid_30k\train_val_palm\335d2677-f2ab-43a8-9547-dbbdf16862b7.jpg,multiple_hands
train,palm,data\hagrid_sample\hagrid-sample-30k-384p\hagrid_30k\train_val_palm\a39516bb-9e6d-455e-82b7-cae5f3c80a3e.jpg,multiple_hands
train,palm,data\hagrid_sample\hagrid-sample-30k-384p\hagrid_30k\train_val_palm\68a3e37f-7151-40b4-a87a-25c3402e72aa.jpg,multiple_hands
train,palm,data\hagrid_sample\hagrid-sample-30k-384p\hagrid_30k\train_val_palm\92d331e9-ee79-4468-864f-2edb72208dc2.jpg,multiple_hands
train,palm,data\hagrid_sample\hagrid-sample-30k-384p\hagrid_30k\train_val_palm\d00dd5f0-9050-4e86-9109-3ea6c804bece.jpg,multiple_hands
train,palm,data\hagrid_sample\hagrid-sample-30k-384p\hagrid_30k\train_val_palm\09f49140-96f2-4814-9df3-097dcde6aa1d.jpg,no_hand
train,palm,data\hagrid_sample\hagrid-sample-30k-384p\hagrid_30k\train_val_palm\7932be1e-bea0-4848-9aed-9be6f387fdf6.jpg,multiple_hands
train,palm,data\hagrid_sample\hagrid-sample-30k-384p\hagrid_30k\train_val_palm\9f1b558f-c761-44b7-a786-b8d794348adf.jpg,multiple_hands
train,palm,data\hagrid_sample\hagrid-sample-30k-384p\hagrid_30k\train_val_palm\41f211aa-cf13-4b7c-9d23-1a3823915ce8.jpg,multiple_hands
train,palm,data\hagrid_sample\hagrid-sample-30k-384p\hagrid_30k\train_val_palm\f47b24f4-2e54-4cc0-b33d-3aa4b657b018.jpg,multiple_hands
train,palm,data\hagrid_sample\hagrid-sample-30k-384p\hagrid_30k\train_val_palm\967690ad-5203-40a0-8cc7-3dc11512569c.jpg,multiple_hands
train,palm,data\hagrid_sample\hagrid-sample-30k-384p\hagrid_30k\train_val_palm\5bd3b674-cd17-43a4-8a9f-9e6566d8c408.jpg,no_hand
train,palm,data\hagrid_sample\hagrid-sample-30k-384p\hagrid_30k\train_val_palm\2f768f88-c8a4-4689-9cbe-12bf4b1d5175.jpg,no_hand
train,palm,data\hagrid_sample\hagrid-sample-30k-384p\hagrid_30k\train_val_palm\2c6b8625-a03b-4887-b87b-1de583a4099a.jpg,multiple_hands
train,palm,data\hagrid_sample\hagrid-sample-30k-384p\hagrid_30k\train_val_palm\8b1d72bc-94f9-4f83-b6c6-04d2b9aefc3a.jpg,multiple_hands
train,palm,data\hagrid_sample\hagrid-sample-30k-384p\hagrid_30k\train_val_palm\1169d517-9d1d-4fc3-9c63-ee3833a1c6bb.jpg,no_hand
train,palm,data\hagrid_sample\hagrid-sample-30k-384p\hagrid_30k\train_val_palm\0776215b-dee3-414c-987d-06ddf228c770.jpg,no_hand
train,palm,data\hagrid_sample\hagrid-sample-30k-384p\hagrid_30k\train_val_palm\373a504c-be9a-4170-a9f6-f1f0bbd9415f.jpg,multiple_hands
train,palm,data\hagrid_sample\hagrid-sample-30k-384p\hagrid_30k\train_val_palm\32a6644f-dca3-497d-9b4c-45bd03130547.jpg,no_hand
train,palm,data\hagrid_sample\hagrid-sample-30k-384p\hagrid_30k\train_val_palm\9b9cfb05-84a7-4d76-b172-653ddbf5d9d1.jpg,multiple_hands
train,palm,data\hagrid_sample\hagrid-sample-30k-384p\hagrid_30k\train_val_palm\05a82060-ad55-4b65-aac9-462d3153e857.jpg,multiple_hands
train,palm,data\hagrid_sample\hagrid-sample-30k-384p\hagrid_30k\train_val_palm\1d9fbdc1-051f-47bf-982e-6dcf6e8c90a3.jpg,no_hand
train,palm,data\hagrid_sample\hagrid-sample-30k-384p\hagrid_30k\train_val_palm\baa775b5-316c-4a62-a570-57f5ea7a1f4f.jpg,no_hand
train,palm,data\hagrid_sample\hagrid-sample-30k-384p\hagrid_30k\train_val_palm\35414e70-f035-4981-92ba-e747dc18af38.jpg,multiple_hands
train,palm,data\hagrid_sample\hagrid-sample-30k-384p\hagrid_30k\train_val_palm\3d029718-c107-40d1-b3c3-97a62a183653.jpg,multiple_hands
train,palm,data\hagrid_sample\hagrid-sample-30k-384p\hagrid_30k\train_val_palm\0146e291-1d75-4711-82cc-57bd76fd4a94.jpg,multiple_hands
train,palm,data\hagrid_sample\hagrid-sample-30k-384p\hagrid_30k\train_val_palm\9197a345-92a0-4c3d-8561-067f7d8a8869.jpg,no_hand
train,palm,data\hagrid_sample\hagrid-sample-30k-384p\hagrid_30k\train_val_palm\ad140ec8-9076-4d44-9d2e-505537282ac5.jpg,multiple_hands
train,palm,data\hagrid_sample\hagrid-sample-30k-384p\hagrid_30k\train_val_palm\dd3a4bc7-b4db-42da-bf83-90b3240ce4d6.jpg,multiple_hands
train,palm,data\hagrid_sample\hagrid-sample-30k-384p\hagrid_30k\train_val_palm\c36a57dc-4d08-4255-aaa3-689f1f6592fd.jpg,multiple_hands
train,palm,data\hagrid_sample\hagrid-sample-30k-384p\hagrid_30k\train_val_palm\b6f85b22-a85f-41ee-99a9-81fb0f2dd32e.jpg,multiple_hands
train,palm,data\hagrid_sample\hagrid-sample-30k-384p\hagrid_30k\train_val_palm\b957985a-e99c-4348-829f-f16efc9d0d10.jpg,multiple_hands
train,palm,data\hagrid_sample\hagrid-sample-30k-384p\hagrid_30k\train_val_palm\b3f5d537-ffac-41ba-9356-1ac5414ead8b.jpg,multiple_hands
train,palm,data\hagrid_sample\hagrid-sample-30k-384p\hagrid_30k\train_val_palm\e3ce40c1-9fc3-4cff-9732-d845f31fb6e3.jpg,multiple_hands
train,palm,data\hagrid_sample\hagrid-sample-30k-384p\hagrid_30k\train_val_palm\bf2e6064-2abc-49fd-8526-242046c71465.jpg,multiple_hands
train,palm,data\hagrid_sample\hagrid-sample-30k-384p\hagrid_30k\train_val_palm\5c68fed1-1551-4604-aaed-593dd0582c55.jpg,no_hand
train,palm,data\hagrid_sample\hagrid-sample-30k-384p\hagrid_30k\train_val_palm\b1ee8a4e-4a4d-43ff-b653-e6ff64c2b60f.jpg,multiple_hands
train,palm,data\hagrid_sample\hagrid-sample-30k-384p\hagrid_30k\train_val_palm\ecffd20b-24dc-4ea1-9923-5ebf70a4e80a.jpg,multiple_hands
train,palm,data\hagrid_sample\hagrid-sample-30k-384p\hagrid_30k\train_val_palm\6d573fe1-6948-4dcb-8917-881e1a717b6c.jpg,multiple_hands
train,palm,data\hagrid_sample\hagrid-sample-30k-384p\hagrid_30k\train_val_palm\7e4e980c-cf20-474b-ab49-80ab387c2c93.jpg,no_hand
train,palm,data\hagrid_sample\hagrid-sample-30k-384p\hagrid_30k\train_val_palm\5f41347d-121b-4a6a-9bf2-8fffc9a6bbea.jpg,multiple_hands
train,palm,data\hagrid_sample\hagrid-sample-30k-384p\hagrid_30k\train_val_palm\8f37aa88-4fed-452d-90d6-803abe83fa53.jpg,multiple_hands
train,palm,data\hagrid_sample\hagrid-sample-30k-384p\hagrid_30k\train_val_palm\f25b9d00-2ab5-4390-85ac-f238c7da4ef7.jpg,no_hand
train,palm,data\hagrid_sample\hagrid-sample-30k-384p\hagrid_30k\train_val_palm\6630baef-e92f-44e5-85e0-ddaee6858f29.jpg,multiple_hands
train,palm,data\hagrid_sample\hagrid-sample-30k-384p\hagrid_30k\train_val_palm\d2a86b46-f510-45f5-94ed-6ed658e895c9.jpg,no_hand
train,palm,data\hagrid_sample\hagrid-sample-30k-384p\hagrid_30k\train_val_palm\c2d23d48-fcab-49c4-8b68-bc2d11f7b319.jpg,multiple_hands
train,palm,data\hagrid_sample\hagrid-sample-30k-384p\hagrid_30k\train_val_palm\e474cce0-a409-4746-ac18-a3b0d1fd3a00.jpg,multiple_hands
train,palm,data\hagrid_sample\hagrid-sample-30k-384p\hagrid_30k\train_val_palm\a6c9e5bc-250b-4a9b-a166-399f794e63e7.jpg,no_hand
train,palm,data\hagrid_sample\hagrid-sample-30k-384p\hagrid_30k\train_val_palm\7d3cb481-8955-4f33-8b95-a675124121b5.jpg,multiple_hands
train,palm,data\hagrid_sample\hagrid-sample-30k-384p\hagrid_30k\train_val_palm\68d67163-c07e-4d27-84ac-802766ce8326.jpg,no_hand
train,palm,data\hagrid_sample\hagrid-sample-30k-384p\hagrid_30k\train_val_palm\d8c4f42c-49ba-4b36-9bb8-4c69c9a41495.jpg,multiple_hands
train,palm,data\hagrid_sample\hagrid-sample-30k-384p\hagrid_30k\train_val_palm\31d314d7-d09d-4918-a3f9-0f8053929043.jpg,multiple_hands
train,palm,data\hagrid_sample\hagrid-sample-30k-384p\hagrid_30k\train_val_palm\cb46bf32-0d13-4beb-a83e-edaa8c48447a.jpg,no_hand
train,palm,data\hagrid_sample\hagrid-sample-30k-384p\hagrid_30k\train_val_palm\a5d02cf8-0044-4912-9747-9fc54573c49f.jpg,multiple_hands
train,palm,data\hagrid_sample\hagrid-sample-30k-384p\hagrid_30k\train_val_palm\05d86911-774d-41cf-b330-dfef5d12c48e.jpg,multiple_hands
train,palm,data\hagrid_sample\hagrid-sample-30k-384p\hagrid_30k\train_val_palm\0deb8450-687c-4980-a7bb-2ddb71e7cae1.jpg,no_hand
train,palm,data\hagrid_sample\hagrid-sample-30k-384p\hagrid_30k\train_val_palm\a7698510-b05e-4600-876f-b8f3c0112118.jpg,multiple_hands
train,palm,data\hagrid_sample\hagrid-sample-30k-384p\hagrid_30k\train_val_palm\159e1c2d-5473-4db2-a9d7-ae91c8fcc1ab.jpg,multiple_hands
train,palm,data\hagrid_sample\hagrid-sample-30k-384p\hagrid_30k\train_val_palm\68bb25b9-eeb2-4767-aed8-4f38139cead1.jpg,no_hand
train,palm,data\hagrid_sample\hagrid-sample-30k-384p\hagrid_30k\train_val_palm\bd4b15b9-457e-4dda-a18e-f418ef3ad98d.jpg,multiple_hands
train,palm,data\hagrid_sample\hagrid-sample-30k-384p\hagrid_30k\train_val_palm\4d423203-4493-4716-a37f-bbc58dfe5d19.jpg,multiple_hands
train,palm,data\hagrid_sample\hagrid-sample-30k-384p\hagrid_30k\train_val_palm\5c11984d-b060-48f3-b788-0733ece870bd.jpg,no_hand
train,palm,data\hagrid_sample\hagrid-sample-30k-384p\hagrid_30k\train_val_palm\94c06583-2229-44ca-9bdd-cbbd7428b102.jpg,no_hand
train,palm,data\hagrid_sample\hagrid-sample-30k-384p\hagrid_30k\train_val_palm\7cb77f33-3c07-4ad1-9f65-71a66b6c8f34.jpg,multiple_hands
train,palm,data\hagrid_sample\hagrid-sample-30k-384p\hagrid_30k\train_val_palm\8f99bb78-ad3a-41f9-8762-40a224bbe87e.jpg,no_hand
train,palm,data\hagrid_sample\hagrid-sample-30k-384p\hagrid_30k\train_val_palm\fac0a820-76cf-4d0b-8dbf-55eca3b68cc4.jpg,multiple_hands
train,palm,data\hagrid_sample\hagrid-sample-30k-384p\hagrid_30k\train_val_palm\e385d092-34cd-4e7a-a8bd-fb79f2ceec16.jpg,multiple_hands
train,palm,data\hagrid_sample\hagrid-sample-30k-384p\hagrid_30k\train_val_palm\23019016-a45e-40c9-97f4-02eab742baaf.jpg,no_hand
train,palm,data\hagrid_sample\hagrid-sample-30k-384p\hagrid_30k\train_val_palm\78501a44-68ca-4807-a2c2-ce130abecdc1.jpg,multiple_hands
train,palm,data\hagrid_sample\hagrid-sample-30k-384p\hagrid_30k\train_val_palm\a002a8f3-6f39-4add-86f9-2d8587f0eddb.jpg,multiple_hands
train,palm,data\hagrid_sample\hagrid-sample-30k-384p\hagrid_30k\train_val_palm\5758106e-2cc9-424a-b159-151c9e8c41d8.jpg,multiple_hands
train,palm,data\hagrid_sample\hagrid-sample-30k-384p\hagrid_30k\train_val_palm\ed85d3cb-bb2a-4271-bd8c-d38304317126.jpg,multiple_hands
train,palm,data\hagrid_sample\hagrid-sample-30k-384p\hagrid_30k\train_val_palm\0a1cbe0d-ce68-4228-8a08-9a9a54c59713.jpg,no_hand
train,palm,data\hagrid_sample\hagrid-sample-30k-384p\hagrid_30k\train_val_palm\9a1fbf8d-da47-4cd0-a2ac-89739d6e0331.jpg,multiple_hands
train,palm,data\hagrid_sample\hagrid-sample-30k-384p\hagrid_30k\train_val_palm\4424b9a2-2a22-4813-8837-1310f335bddb.jpg,multiple_hands
train,palm,data\hagrid_sample\hagrid-sample-30k-384p\hagrid_30k\train_val_palm\69b0c0aa-8e92-4d60-9c80-ad2aa547db95.jpg,multiple_hands
train,palm,data\hagrid_sample\hagrid-sample-30k-384p\hagrid_30k\train_val_palm\212f53aa-8ef9-48eb-9f77-6c387b24cfea.jpg,multiple_hands
train,palm,data\hagrid_sample\hagrid-sample-30k-384p\hagrid_30k\train_val_palm\130204f0-0cf6-46ed-b3b1-acb2ebd932bd.jpg,multiple_hands
train,palm,data\hagrid_sample\hagrid-sample-30k-384p\hagrid_30k\train_val_palm\cbdc563f-56d9-44a4-8448-f9787a0d3609.jpg,no_hand
train,palm,data\hagrid_sample\hagrid-sample-30k-384p\hagrid_30k\train_val_palm\bdcf84e1-9d35-42fc-a6e8-992510da966d.jpg,multiple_hands
train,palm,data\hagrid_sample\hagrid-sample-30k-384p\hagrid_30k\train_val_palm\b2974a2c-b637-4ac9-aa63-d4e6d3273bc7.jpg,multiple_hands
train,palm,data\hagrid_sample\hagrid-sample-30k-384p\hagrid_30k\train_val_palm\3ee89362-b958-4e1b-902f-2ed0f4e9b650.jpg,multiple_hands
train,palm,data\hagrid_sample\hagrid-sample-30k-384p\hagrid_30k\train_val_palm\7a13bc37-7b94-4a01-bb62-880aa2780f99.jpg,multiple_hands
train,palm,data\hagrid_sample\hagrid-sample-30k-384p\hagrid_30k\train_val_palm\0330128e-ad76-43a2-9b8a-c598b2d358f9.jpg,multiple_hands
train,palm,data\hagrid_sample\hagrid-sample-30k-384p\hagrid_30k\train_val_palm\80c30b15-c52e-4f93-8dd6-2c9aa030f5cb.jpg,multiple_hands
train,palm,data\hagrid_sample\hagrid-sample-30k-384p\hagrid_30k\train_val_palm\b49a2d49-fd93-4513-b642-b8fd67df55ba.jpg,no_hand
train,palm,data\hagrid_sample\hagrid-sample-30k-384p\hagrid_30k\train_val_palm\08b2a330-83a3-4e64-a6ed-fea1680a08a7.jpg,multiple_hands
train,palm,data\hagrid_sample\hagrid-sample-30k-384p\hagrid_30k\train_val_palm\a2a4451b-bf61-47b2-9018-4b46531c1449.jpg,no_hand
train,palm,data\hagrid_sample\hagrid-sample-30k-384p\hagrid_30k\train_val_palm\13e133db-e1c9-4b84-94f1-5a5ccca1d218.jpg,no_hand
train,palm,data\hagrid_sample\hagrid-sample-30k-384p\hagrid_30k\train_val_palm\b463c605-27e0-4af5-9b15-3b7a74cdd089.jpg,multiple_hands
train,palm,data\hagrid_sample\hagrid-sample-30k-384p\hagrid_30k\train_val_palm\55a7f005-ffd5-4451-b83c-17aa68619b2d.jpg,no_hand
train,palm,data\hagrid_sample\hagrid-sample-30k-384p\hagrid_30k\train_val_palm\f1723732-9199-4e4f-a77c-aafb1e37bb61.jpg,no_hand
train,palm,data\hagrid_sample\hagrid-sample-30k-384p\hagrid_30k\train_val_palm\7e251668-4052-4597-8f0f-729dbe94670d.jpg,multiple_hands
train,palm,data\hagrid_sample\hagrid-sample-30k-384p\hagrid_30k\train_val_palm\0c4da5a8-6e10-42b8-9318-65b1d21d1a10.jpg,multiple_hands
train,palm,data\hagrid_sample\hagrid-sample-30k-384p\hagrid_30k\train_val_palm\8b972f46-0e3b-4013-b32c-43d7ffc7b8e9.jpg,multiple_hands
train,palm,data\hagrid_sample\hagrid-sample-30k-384p\hagrid_30k\train_val_palm\afbde1ea-3042-4ba3-8029-1e00cdbd0aa8.jpg,multiple_hands
train,palm,data\hagrid_sample\hagrid-sample-30k-384p\hagrid_30k\train_val_palm\2554789a-b052-4fac-b6c4-31c1cc660ad6.jpg,no_hand
train,palm,data\hagrid_sample\hagrid-sample-30k-384p\hagrid_30k\train_val_palm\9bfcf824-650a-4027-b938-e8530c8b7030.jpg,multiple_hands
train,palm,data\hagrid_sample\hagrid-sample-30k-384p\hagrid_30k\train_val_palm\b997ab15-7f83-4ff8-aac1-5ed97698b162.jpg,no_hand
train,palm,data\hagrid_sample\hagrid-sample-30k-384p\hagrid_30k\train_val_palm\b57be026-b625-4e0f-a221-df919b1bba0d.jpg,multiple_hands
train,palm,data\hagrid_sample\hagrid-sample-30k-384p\hagrid_30k\train_val_palm\20eb88c1-2ae2-46f8-8b90-867cea5074ac.jpg,no_hand
train,palm,data\hagrid_sample\hagrid-sample-30k-384p\hagrid_30k\train_val_palm\8427157b-7d3e-4d28-8506-8dc032ea99e9.jpg,no_hand
train,palm,data\hagrid_sample\hagrid-sample-30k-384p\hagrid_30k\train_val_palm\2e800500-3eb7-4dd0-b507-2e0cf706a459.jpg,multiple_hands
train,palm,data\hagrid_sample\hagrid-sample-30k-384p\hagrid_30k\train_val_palm\677e37ac-6629-4729-8fb7-a30ef9785dcd.jpg,multiple_hands
train,palm,data\hagrid_sample\hagrid-sample-30k-384p\hagrid_30k\train_val_palm\93e71182-6352-4b20-b85e-c285d2c864c8.jpg,multiple_hands
train,palm,data\hagrid_sample\hagrid-sample-30k-384p\hagrid_30k\train_val_palm\62ae6406-e884-484f-b6fa-7e971c9bc167.jpg,multiple_hands
train,palm,data\hagrid_sample\hagrid-sample-30k-384p\hagrid_30k\train_val_palm\01b85749-2b31-42a0-85e4-f1c273857242.jpg,multiple_hands
train,palm,data\hagrid_sample\hagrid-sample-30k-384p\hagrid_30k\train_val_palm\5422775a-40fd-4516-bc00-16aa16d256e1.jpg,multiple_hands
train,palm,data\hagrid_sample\hagrid-sample-30k-384p\hagrid_30k\train_val_palm\d4400ee4-9975-471b-a58d-6d14c4b926b9.jpg,multiple_hands
train,palm,data\hagrid_sample\hagrid-sample-30k-384p\hagrid_30k\train_val_palm\c1b79a0f-5e39-4e60-a0ac-eb93d2c1f5a0.jpg,multiple_hands
train,palm,data\hagrid_sample\hagrid-sample-30k-384p\hagrid_30k\train_val_palm\4bf02ced-572a-4ae4-b251-0f85b8a720a0.jpg,multiple_hands
train,palm,data\hagrid_sample\hagrid-sample-30k-384p\hagrid_30k\train_val_palm\59b427d0-db0b-41c4-8792-a53bd58619f0.jpg,multiple_hands
train,palm,data\hagrid_sample\hagrid-sample-30k-384p\hagrid_30k\train_val_palm\745058df-19e5-49e5-9e2c-e3a2d985d376.jpg,multiple_hands
train,palm,data\hagrid_sample\hagrid-sample-30k-384p\hagrid_30k\train_val_palm\edbcdd91-00c5-4485-ac5a-c4f80c36809f.jpg,multiple_hands
train,palm,data\hagrid_sample\hagrid-sample-30k-384p\hagrid_30k\train_val_palm\6995e01f-0d2f-4171-b29b-07edd9d4a89b.jpg,multiple_hands
train,palm,data\hagrid_sample\hagrid-sample-30k-384p\hagrid_30k\train_val_palm\5f81304d-b1fa-4c29-a15a-a0102e73780d.jpg,multiple_hands
train,palm,data\hagrid_sample\hagrid-sample-30k-384p\hagrid_30k\train_val_palm\110880bd-9069-4df4-9479-8bc8f469acee.jpg,multiple_hands
train,palm,data\hagrid_sample\hagrid-sample-30k-384p\hagrid_30k\train_val_palm\f5c5e5eb-a258-4e90-b9bb-b1371c332f2d.jpg,multiple_hands
train,palm,data\hagrid_sample\hagrid-sample-30k-384p\hagrid_30k\train_val_palm\8352451a-b78f-4d6f-8e26-c704b09c2600.jpg,multiple_hands
train,palm,data\hagrid_sample\hagrid-sample-30k-384p\hagrid_30k\train_val_palm\48c6a202-2318-4f70-9882-385d149edd29.jpg,multiple_hands
train,palm,data\hagrid_sample\hagrid-sample-30k-384p\hagrid_30k\train_val_palm\e7474577-44ab-4a38-bc32-452ca209546b.jpg,no_hand
train,palm,data\hagrid_sample\hagrid-sample-30k-384p\hagrid_30k\train_val_palm\016e4ecf-6229-4931-88e6-ab02b8682d5d.jpg,multiple_hands
train,palm,data\hagrid_sample\hagrid-sample-30k-384p\hagrid_30k\train_val_palm\88f788b2-3eeb-470d-96ca-5a28aa6aa1eb.jpg,multiple_hands
train,palm,data\hagrid_sample\hagrid-sample-30k-384p\hagrid_30k\train_val_palm\fb16993b-02d5-459b-9282-b539fcec790b.jpg,multiple_hands
train,palm,data\hagrid_sample\hagrid-sample-30k-384p\hagrid_30k\train_val_palm\9c993605-0c09-4541-b643-64baaf7bc35d.jpg,multiple_hands
train,palm,data\hagrid_sample\hagrid-sample-30k-384p\hagrid_30k\train_val_palm\a24d8c07-6685-49e2-9c6d-a5038d196076.jpg,multiple_hands
train,palm,data\hagrid_sample\hagrid-sample-30k-384p\hagrid_30k\train_val_palm\0d6fdcd2-3bcb-4ddb-96f5-41308ffd2a27.jpg,no_hand
train,palm,data\hagrid_sample\hagrid-sample-30k-384p\hagrid_30k\train_val_palm\5f24a327-5517-4b34-b35c-63bc69b4659e.jpg,multiple_hands
train,palm,data\hagrid_sample\hagrid-sample-30k-384p\hagrid_30k\train_val_palm\6edec93b-d803-42a9-9945-7a7bf896d9d3.jpg,multiple_hands
train,palm,data\hagrid_sample\hagrid-sample-30k-384p\hagrid_30k\train_val_palm\5fefdb5c-db55-4fd1-b55a-dab12a557473.jpg,no_hand
train,palm,data\hagrid_sample\hagrid-sample-30k-384p\hagrid_30k\train_val_palm\95e26899-1e58-432f-a05a-e3ad6a03f307.jpg,multiple_hands
train,palm,data\hagrid_sample\hagrid-sample-30k-384p\hagrid_30k\train_val_palm\b012c807-32ea-4e68-bf96-a25b57c1217f.jpg,multiple_hands
train,palm,data\hagrid_sample\hagrid-sample-30k-384p\hagrid_30k\train_val_palm\647348a7-f198-44e6-b1dd-ed44c0dee499.jpg,no_hand
train,palm,data\hagrid_sample\hagrid-sample-30k-384p\hagrid_30k\train_val_palm\c5dc5c73-d3c3-43ae-9f0e-4e0e98436a76.jpg,multiple_hands
train,palm,data\hagrid_sample\hagrid-sample-30k-384p\hagrid_30k\train_val_palm\bed27a4e-31f9-4bd0-bda4-d6056c8b5441.jpg,multiple_hands
train,palm,data\hagrid_sample\hagrid-sample-30k-384p\hagrid_30k\train_val_palm\20811b83-299e-4b30-9991-a4035577d9d1.jpg,multiple_hands
train,palm,data\hagrid_sample\hagrid-sample-30k-384p\hagrid_30k\train_val_palm\66174054-76ce-4f2c-ac0f-db28d3a78789.jpg,multiple_hands
train,palm,data\hagrid_sample\hagrid-sample-30k-384p\hagrid_30k\train_val_palm\6f5331a1-db1d-49d9-b8b3-65dd520412aa.jpg,multiple_hands
val,palm,data\hagrid_sample\hagrid-sample-30k-384p\hagrid_30k\train_val_palm\66c09083-0ea1-4313-a135-150099dcbf5b.jpg,no_hand
val,palm,data\hagrid_sample\hagrid-sample-30k-384p\hagrid_30k\train_val_palm\b175fca6-699e-451c-92c5-fd639a4c0aaa.jpg,multiple_hands
val,palm,data\hagrid_sample\hagrid-sample-30k-384p\hagrid_30k\train_val_palm\ef144a32-0150-48d5-9dcc-5d41f900c9ec.jpg,no_hand
val,palm,data\hagrid_sample\hagrid-sample-30k-384p\hagrid_30k\train_val_palm\f3801b4d-3e6c-44ef-beb7-333143709e38.jpg,multiple_hands
val,palm,data\hagrid_sample\hagrid-sample-30k-384p\hagrid_30k\train_val_palm\33de4e4f-d9eb-4abd-86fe-d41c3e72aad9.jpg,multiple_hands
val,palm,data\hagrid_sample\hagrid-sample-30k-384p\hagrid_30k\train_val_palm\12a0852a-275f-4d41-b495-4a29e88b4223.jpg,multiple_hands
val,palm,data\hagrid_sample\hagrid-sample-30k-384p\hagrid_30k\train_val_palm\5c233260-23ca-45f8-825a-4f6f6988a46a.jpg,multiple_hands
val,palm,data\hagrid_sample\hagrid-sample-30k-384p\hagrid_30k\train_val_palm\097f40fc-db0f-4335-8161-05e93f2adb4a.jpg,multiple_hands
val,palm,data\hagrid_sample\hagrid-sample-30k-384p\hagrid_30k\train_val_palm\6f7a0777-9583-4593-ace9-eb6002ae84d7.jpg,multiple_hands
val,palm,data\hagrid_sample\hagrid-sample-30k-384p\hagrid_30k\train_val_palm\5a87a473-2729-4beb-a22f-7617b2524b96.jpg,multiple_hands
val,palm,data\hagrid_sample\hagrid-sample-30k-384p\hagrid_30k\train_val_palm\20b10bbd-ae6d-432f-965f-4bc2249b9b54.jpg,no_hand
val,palm,data\hagrid_sample\hagrid-sample-30k-384p\hagrid_30k\train_val_palm\6c40913c-2191-4a9a-b5af-5d3fa04e1160.jpg,multiple_hands
val,palm,data\hagrid_sample\hagrid-sample-30k-384p\hagrid_30k\train_val_palm\73738a9b-3967-45b2-8a0d-e22c54dcb6cc.jpg,no_hand
val,palm,data\hagrid_sample\hagrid-sample-30k-384p\hagrid_30k\train_val_palm\2c9600aa-54d1-40f9-a23c-ef6504602370.jpg,no_hand
val,palm,data\hagrid_sample\hagrid-sample-30k-384p\hagrid_30k\train_val_palm\93c6f599-219c-41ab-acb5-be5006c32249.jpg,no_hand
val,palm,data\hagrid_sample\hagrid-sample-30k-384p\hagrid_30k\train_val_palm\3b5cff38-8d58-48f7-9cf2-abd0c1380f39.jpg,multiple_hands
val,palm,data\hagrid_sample\hagrid-sample-30k-384p\hagrid_30k\train_val_palm\cd9f4786-1d8e-45dc-b64c-d464863feb5c.jpg,no_hand
val,palm,data\hagrid_sample\hagrid-sample-30k-384p\hagrid_30k\train_val_palm\26bce0dd-ef27-4d2f-afeb-3b52acd738c8.jpg,no_hand
val,palm,data\hagrid_sample\hagrid-sample-30k-384p\hagrid_30k\train_val_palm\fb933463-67a1-4718-8618-31b1981627ca.jpg,multiple_hands
val,palm,data\hagrid_sample\hagrid-sample-30k-384p\hagrid_30k\train_val_palm\54f5e933-993b-48e7-877b-0ebb7d1fd1d7.jpg,multiple_hands
val,palm,data\hagrid_sample\hagrid-sample-30k-384p\hagrid_30k\train_val_palm\a3b6ec8d-774d-4211-8969-91a1af5ed348.jpg,multiple_hands
val,palm,data\hagrid_sample\hagrid-sample-30k-384p\hagrid_30k\train_val_palm\f00ba978-8365-4f51-a439-c06b611c6b54.jpg,multiple_hands
val,palm,data\hagrid_sample\hagrid-sample-30k-384p\hagrid_30k\train_val_palm\ae605238-7aa4-4906-84c6-93fbf7e1cce2.jpg,no_hand
val,palm,data\hagrid_sample\hagrid-sample-30k-384p\hagrid_30k\train_val_palm\a7a51d60-4bc6-4776-a81d-f83dd12c8ed8.jpg,multiple_hands
val,palm,data\hagrid_sample\hagrid-sample-30k-384p\hagrid_30k\train_val_palm\4dd22c15-2427-41e8-ae5e-3ea64ca19570.jpg,no_hand
val,palm,data\hagrid_sample\hagrid-sample-30k-384p\hagrid_30k\train_val_palm\0259e4c4-7220-4fdf-b7a6-df34896db45b.jpg,multiple_hands
val,palm,data\hagrid_sample\hagrid-sample-30k-384p\hagrid_30k\train_val_palm\9ee409ff-4c92-41d4-8c15-367f6770d318.jpg,no_hand
val,palm,data\hagrid_sample\hagrid-sample-30k-384p\hagrid_30k\train_val_palm\d53952e7-8d2b-41fa-9fa0-382ff70a0e72.jpg,multiple_hands
val,palm,data\hagrid_sample\hagrid-sample-30k-384p\hagrid_30k\train_val_palm\89f81bbc-e7e0-428b-908b-33955e0bce47.jpg,multiple_hands
val,palm,data\hagrid_sample\hagrid-sample-30k-384p\hagrid_30k\train_val_palm\38b1782c-b546-4f25-9bb0-bdc91a846a79.jpg,multiple_hands
val,palm,data\hagrid_sample\hagrid-sample-30k-384p\hagrid_30k\train_val_palm\af6fd110-8b3b-4624-bdd3-baf81e6b2b51.jpg,no_hand
val,palm,data\hagrid_sample\hagrid-sample-30k-384p\hagrid_30k\train_val_palm\ab367245-2be8-46e5-94e3-eba124b69b1e.jpg,multiple_hands
val,palm,data\hagrid_sample\hagrid-sample-30k-384p\hagrid_30k\train_val_palm\491f15ac-73fa-436d-b538-e33a3a53343e.jpg,multiple_hands
val,palm,data\hagrid_sample\hagrid-sample-30k-384p\hagrid_30k\train_val_palm\2a700a41-9e4f-4b6e-91f6-ef581653649d.jpg,no_hand
val,palm,data\hagrid_sample\hagrid-sample-30k-384p\hagrid_30k\train_val_palm\24e12854-754a-4a16-b3a5-90bf6ef7c899.jpg,multiple_hands
val,palm,data\hagrid_sample\hagrid-sample-30k-384p\hagrid_30k\train_val_palm\b4d33f92-3a1f-4844-b006-b2684cb856eb.jpg,multiple_hands
val,palm,data\hagrid_sample\hagrid-sample-30k-384p\hagrid_30k\train_val_palm\97f4dc50-5ca2-4db7-98ef-43c44d714aae.jpg,multiple_hands
val,palm,data\hagrid_sample\hagrid-sample-30k-384p\hagrid_30k\train_val_palm\2f4fdfe8-9fe7-4117-aa2d-e9a5f2493af5.jpg,multiple_hands
val,palm,data\hagrid_sample\hagrid-sample-30k-384p\hagrid_30k\train_val_palm\cb71b1d1-9b78-43b4-915e-f5331a937ac9.jpg,multiple_hands
val,palm,data\hagrid_sample\hagrid-sample-30k-384p\hagrid_30k\train_val_palm\a966d2b2-8a66-4e21-ab7d-28a208148137.jpg,multiple_hands
val,palm,data\hagrid_sample\hagrid-sample-30k-384p\hagrid_30k\train_val_palm\0dbac752-b6af-4702-95a3-95f9d436c631.jpg,multiple_hands
val,palm,data\hagrid_sample\hagrid-sample-30k-384p\hagrid_30k\train_val_palm\f4f0f958-8ee2-4dc4-8214-a9c8950a86fa.jpg,no_hand
val,palm,data\hagrid_sample\hagrid-sample-30k-384p\hagrid_30k\train_val_palm\c4d51748-dd40-4f26-88ed-ab5f8f24f2bd.jpg,multiple_hands
val,palm,data\hagrid_sample\hagrid-sample-30k-384p\hagrid_30k\train_val_palm\9dc6a25d-7fc0-48e9-86fe-b583047f527c.jpg,multiple_hands
val,palm,data\hagrid_sample\hagrid-sample-30k-384p\hagrid_30k\train_val_palm\9935179a-2082-4907-b952-83cac4d04d74.jpg,multiple_hands
val,palm,data\hagrid_sample\hagrid-sample-30k-384p\hagrid_30k\train_val_palm\991546bf-80e8-4de7-91d0-ebfbd606349f.jpg,multiple_hands
val,palm,data\hagrid_sample\hagrid-sample-30k-384p\hagrid_30k\train_val_palm\10c151ae-4fe1-4f2e-88db-65f49dfbd5f3.jpg,multiple_hands
test,palm,data\hagrid_sample\hagrid-sample-30k-384p\hagrid_30k\train_val_palm\f3a1e69b-983b-4926-b8a7-5aba5948ec00.jpg,no_hand
test,palm,data\hagrid_sample\hagrid-sample-30k-384p\hagrid_30k\train_val_palm\ba24eaf4-6fcd-4f4f-b94c-ee2d783318ab.jpg,multiple_hands
test,palm,data\hagrid_sample\hagrid-sample-30k-384p\hagrid_30k\train_val_palm\5d4377a4-ea50-431f-8035-3280517fa4f4.jpg,no_hand
test,palm,data\hagrid_sample\hagrid-sample-30k-384p\hagrid_30k\train_val_palm\c007900c-6d9e-42c4-b7ed-6bc694978aba.jpg,multiple_hands
test,palm,data\hagrid_sample\hagrid-sample-30k-384p\hagrid_30k\train_val_palm\f279ac9e-b6c5-474e-9332-688a65147682.jpg,multiple_hands
test,palm,data\hagrid_sample\hagrid-sample-30k-384p\hagrid_30k\train_val_palm\3bf5f87a-108d-4c05-9ef4-1a84630fac6b.jpg,multiple_hands
test,palm,data\hagrid_sample\hagrid-sample-30k-384p\hagrid_30k\train_val_palm\24984cea-2d15-436c-86f4-b173c13f9520.jpg,no_hand
test,palm,data\hagrid_sample\hagrid-sample-30k-384p\hagrid_30k\train_val_palm\1a3dfcee-a986-49ce-bbf6-c8c2a41a63a7.jpg,multiple_hands
test,palm,data\hagrid_sample\hagrid-sample-30k-384p\hagrid_30k\train_val_palm\8374e1db-2425-4693-a1d9-52d5092ac2f8.jpg,no_hand
test,palm,data\hagrid_sample\hagrid-sample-30k-384p\hagrid_30k\train_val_palm\28d22e95-64a5-4a23-96af-ec35b57b8b2c.jpg,multiple_hands
test,palm,data\hagrid_sample\hagrid-sample-30k-384p\hagrid_30k\train_val_palm\2509acc4-c5f7-453b-ae14-15c2d404d2be.jpg,multiple_hands
test,palm,data\hagrid_sample\hagrid-sample-30k-384p\hagrid_30k\train_val_palm\3ba1e7df-7d5e-4619-8c49-5b507ed76a07.jpg,multiple_hands
test,palm,data\hagrid_sample\hagrid-sample-30k-384p\hagrid_30k\train_val_palm\53ca310d-a715-4392-9a26-b60d2317b574.jpg,multiple_hands
test,palm,data\hagrid_sample\hagrid-sample-30k-384p\hagrid_30k\train_val_palm\3fa7e53e-d77d-4532-bf96-2c9520e6defd.jpg,multiple_hands
test,palm,data\hagrid_sample\hagrid-sample-30k-384p\hagrid_30k\train_val_palm\ca181116-f5da-4973-8012-2c4e18d986f9.jpg,no_hand
test,palm,data\hagrid_sample\hagrid-sample-30k-384p\hagrid_30k\train_val_palm\37a20054-55af-4322-a3eb-112bc46eb665.jpg,multiple_hands
test,palm,data\hagrid_sample\hagrid-sample-30k-384p\hagrid_30k\train_val_palm\c051d89a-4411-4631-933f-dd6cd2450cb0.jpg,no_hand
test,palm,data\hagrid_sample\hagrid-sample-30k-384p\hagrid_30k\train_val_palm\dff5bec1-e5d2-4753-831b-a4aab6dac8ed.jpg,multiple_hands
test,palm,data\hagrid_sample\hagrid-sample-30k-384p\hagrid_30k\train_val_palm\c9916341-47b2-4533-aa10-51185fd132ff.jpg,multiple_hands
test,palm,data\hagrid_sample\hagrid-sample-30k-384p\hagrid_30k\train_val_palm\2de98954-b67b-4a05-afac-40c1b114c1d4.jpg,no_hand
test,palm,data\hagrid_sample\hagrid-sample-30k-384p\hagrid_30k\train_val_palm\26053bae-0a3f-4413-a397-ded73da56662.jpg,multiple_hands
test,palm,data\hagrid_sample\hagrid-sample-30k-384p\hagrid_30k\train_val_palm\8196daa8-6d43-487a-a710-3b8891b4151c.jpg,multiple_hands
test,palm,data\hagrid_sample\hagrid-sample-30k-384p\hagrid_30k\train_val_palm\b441a8b5-0956-4f0b-82c7-98f2555d6fb5.jpg,multiple_hands
test,palm,data\hagrid_sample\hagrid-sample-30k-384p\hagrid_30k\train_val_palm\9735383e-8fb5-47e8-a161-8fb68f35f15a.jpg,multiple_hands
test,palm,data\hagrid_sample\hagrid-sample-30k-384p\hagrid_30k\train_val_palm\c69224f5-d105-4460-8e47-ad28b7de31e1.jpg,multiple_hands
test,palm,data\hagrid_sample\hagrid-sample-30k-384p\hagrid_30k\train_val_palm\31f66a42-4568-4684-b3a7-068af5031986.jpg,no_hand
test,palm,data\hagrid_sample\hagrid-sample-30k-384p\hagrid_30k\train_val_palm\83beff4b-d7f5-43c5-854f-57422c48ebf5.jpg,multiple_hands
test,palm,data\hagrid_sample\hagrid-sample-30k-384p\hagrid_30k\train_val_palm\563ccb0e-0a37-473c-863f-5bb3977696ac.jpg,multiple_hands
test,palm,data\hagrid_sample\hagrid-sample-30k-384p\hagrid_30k\train_val_palm\b2cc1ff4-d9cc-44f6-83d7-a91ae72258ab.jpg,multiple_hands
test,palm,data\hagrid_sample\hagrid-sample-30k-384p\hagrid_30k\train_val_palm\7f54ece3-60e3-4f1a-9150-1b452ab2cf4d.jpg,multiple_hands
test,palm,data\hagrid_sample\hagrid-sample-30k-384p\hagrid_30k\train_val_palm\994e4329-db67-46b7-a7ee-f41117022877.jpg,multiple_hands
test,palm,data\hagrid_sample\hagrid-sample-30k-384p\hagrid_30k\train_val_palm\cd2ff5d1-c246-4f86-9a8f-0ded6fcbfd34.jpg,multiple_hands
test,palm,data\hagrid_sample\hagrid-sample-30k-384p\hagrid_30k\train_val_palm\81fd2456-7085-4e3b-9f88-4674ed10d12c.jpg,no_hand
test,palm,data\hagrid_sample\hagrid-sample-30k-384p\hagrid_30k\train_val_palm\0afdf8ea-d59c-4ca4-9f63-985e21a82673.jpg,multiple_hands
test,palm,data\hagrid_sample\hagrid-sample-30k-384p\hagrid_30k\train_val_palm\75349b38-35c5-4976-9b9f-c8d3930631d3.jpg,multiple_hands
test,palm,data\hagrid_sample\hagrid-sample-30k-384p\hagrid_30k\train_val_palm\368518d8-76e1-4806-8c0f-af2e9094f1da.jpg,multiple_hands
test,palm,data\hagrid_sample\hagrid-sample-30k-384p\hagrid_30k\train_val_palm\ce22e25a-768e-4a22-b6f2-4d017e1aee5e.jpg,no_hand
test,palm,data\hagrid_sample\hagrid-sample-30k-384p\hagrid_30k\train_val_palm\0d53dcf6-211b-4055-a383-1543e51c3457.jpg,multiple_hands
test,palm,data\hagrid_sample\hagrid-sample-30k-384p\hagrid_30k\train_val_palm\1f01e6dc-b06e-4220-a88e-3623af0ff4f6.jpg,multiple_hands
test,palm,data\hagrid_sample\hagrid-sample-30k-384p\hagrid_30k\train_val_palm\c2950b1c-9246-464a-9799-26c0bc6d0819.jpg,multiple_hands
test,palm,data\hagrid_sample\hagrid-sample-30k-384p\hagrid_30k\train_val_palm\da7d6b7c-b1fb-463a-af9b-e84c8c2fedc4.jpg,multiple_hands
test,palm,data\hagrid_sample\hagrid-sample-30k-384p\hagrid_30k\train_val_palm\7199c70e-4908-4a72-8199-a8af59ba46e0.jpg,multiple_hands
test,palm,data\hagrid_sample\hagrid-sample-30k-384p\hagrid_30k\train_val_palm\ead342f2-c24f-4093-95a5-adc112ca15fc.jpg,no_hand
test,palm,data\hagrid_sample\hagrid-sample-30k-384p\hagrid_30k\train_val_palm\14543881-e3d6-4d5f-a8ca-62bb799bf185.jpg,multiple_hands
test,palm,data\hagrid_sample\hagrid-sample-30k-384p\hagrid_30k\train_val_palm\199ff258-19e3-4542-8cb0-5a9428097104.jpg,multiple_hands
test,palm,data\hagrid_sample\hagrid-sample-30k-384p\hagrid_30k\train_val_palm\7ae589ac-981c-46d5-bb8d-7b342d92603e.jpg,multiple_hands
train,like,data\hagrid_sample\hagrid-sample-30k-384p\hagrid_30k\train_val_like\f4bbcde4-7c6f-46dd-8620-56575b68dca2.jpg,no_hand
train,like,data\hagrid_sample\hagrid-sample-30k-384p\hagrid_30k\train_val_like\f7f99037-cf56-48ad-acae-176799982e8a.jpg,multiple_hands
train,like,data\hagrid_sample\hagrid-sample-30k-384p\hagrid_30k\train_val_like\50d22d4c-9375-4e93-a363-c5ff65a92925.jpg,no_hand
train,like,data\hagrid_sample\hagrid-sample-30k-384p\hagrid_30k\train_val_like\a43a9f65-d586-4672-a996-1383bcb95273.jpg,no_hand
train,like,data\hagrid_sample\hagrid-sample-30k-384p\hagrid_30k\train_val_like\1319e7cd-2d2e-4e9e-b351-9c528d87c1b5.jpg,no_hand
train,like,data\hagrid_sample\hagrid-sample-30k-384p\hagrid_30k\train_val_like\3e835560-79a1-4f1a-8e49-c0e12c952b2d.jpg,no_hand
train,like,data\hagrid_sample\hagrid-sample-30k-384p\hagrid_30k\train_val_like\bab40ed8-5f66-4fc9-a461-99ce08814425.jpg,multiple_hands
train,like,data\hagrid_sample\hagrid-sample-30k-384p\hagrid_30k\train_val_like\91dc6e21-931d-46a1-8ff2-fcccc9d7437b.jpg,multiple_hands
train,like,data\hagrid_sample\hagrid-sample-30k-384p\hagrid_30k\train_val_like\7b5b65d8-972c-4656-a0fe-78adb7a5614b.jpg,multiple_hands
train,like,data\hagrid_sample\hagrid-sample-30k-384p\hagrid_30k\train_val_like\c2c8dfe4-6c77-477d-a16b-d396e1062d6c.jpg,no_hand
train,like,data\hagrid_sample\hagrid-sample-30k-384p\hagrid_30k\train_val_like\8c4c238c-aa16-42f6-8c49-e240cea4c268.jpg,multiple_hands
train,like,data\hagrid_sample\hagrid-sample-30k-384p\hagrid_30k\train_val_like\c2254dd6-071d-4701-a3d3-08c57a3e74ba.jpg,multiple_hands
train,like,data\hagrid_sample\hagrid-sample-30k-384p\hagrid_30k\train_val_like\911d1340-2b70-48e4-a6d4-de88dde2916b.jpg,no_hand
train,like,data\hagrid_sample\hagrid-sample-30k-384p\hagrid_30k\train_val_like\75ac7400-c98f-4612-b5b1-05a4358f6aa7.jpg,no_hand
train,like,data\hagrid_sample\hagrid-sample-30k-384p\hagrid_30k\train_val_like\9b14714f-5c7a-4c88-ac3b-ea109929645a.jpg,multiple_hands
train,like,data\hagrid_sample\hagrid-sample-30k-384p\hagrid_30k\train_val_like\0e8814b9-03c5-4357-a8ac-686189b2f248.jpg,no_hand
train,like,data\hagrid_sample\hagrid-sample-30k-384p\hagrid_30k\train_val_like\a2882385-2d8e-41d9-9f5e-7b172ae2f03e.jpg,multiple_hands
train,like,data\hagrid_sample\hagrid-sample-30k-384p\hagrid_30k\train_val_like\e6e5024c-c8ea-4984-a12d-402392b28845.jpg,multiple_hands
train,like,data\hagrid_sample\hagrid-sample-30k-384p\hagrid_30k\train_val_like\3152d09a-b874-47cc-a7ea-fcbf40b98f52.jpg,multiple_hands
train,like,data\hagrid_sample\hagrid-sample-30k-384p\hagrid_30k\train_val_like\ee468228-bf3b-4c29-a326-e04f7ce8bd26.jpg,no_hand
train,like,data\hagrid_sample\hagrid-sample-30k-384p\hagrid_30k\train_val_like\929c66fc-45d1-4a9f-9b83-b3b256aa4e79.jpg,no_hand
train,like,data\hagrid_sample\hagrid-sample-30k-384p\hagrid_30k\train_val_like\7debdce6-7cfe-4993-8fef-a0fbd9f3d3f0.jpg,multiple_hands
train,like,data\hagrid_sample\hagrid-sample-30k-384p\hagrid_30k\train_val_like\8591679e-1fb3-4286-abcc-53a82a68fcd4.jpg,no_hand
train,like,data\hagrid_sample\hagrid-sample-30k-384p\hagrid_30k\train_val_like\583194d8-6a80-4aed-9545-b8b45d20d372.jpg,no_hand
train,like,data\hagrid_sample\hagrid-sample-30k-384p\hagrid_30k\train_val_like\ae34a6f1-0d87-4cf8-8d3c-21ba191e734e.jpg,multiple_hands
train,like,data\hagrid_sample\hagrid-sample-30k-384p\hagrid_30k\train_val_like\0641693d-610b-43a9-8c51-ac0f00bd71bc.jpg,multiple_hands
train,like,data\hagrid_sample\hagrid-sample-30k-384p\hagrid_30k\train_val_like\971b9506-97c8-4285-812e-86b72b7cb6fd.jpg,multiple_hands
train,like,data\hagrid_sample\hagrid-sample-30k-384p\hagrid_30k\train_val_like\f6920f7d-e166-40ea-8433-f3f74a3c33ec.jpg,no_hand
train,like,data\hagrid_sample\hagrid-sample-30k-384p\hagrid_30k\train_val_like\73ea156a-dbf7-43a0-984a-b9b466ae2aaa.jpg,no_hand
train,like,data\hagrid_sample\hagrid-sample-30k-384p\hagrid_30k\train_val_like\a23dc3a9-1dbb-4f70-afe6-a29012817e6a.jpg,no_hand
train,like,data\hagrid_sample\hagrid-sample-30k-384p\hagrid_30k\train_val_like\453a7a64-a0c8-426f-8893-6e682b667937.jpg,no_hand
train,like,data\hagrid_sample\hagrid-sample-30k-384p\hagrid_30k\train_val_like\921aa3a1-3078-4dc8-8030-7a014f1ddb0e.jpg,no_hand
train,like,data\hagrid_sample\hagrid-sample-30k-384p\hagrid_30k\train_val_like\17fa30bd-c2d3-40c6-9770-fcbec0304d77.jpg,multiple_hands
train,like,data\hagrid_sample\hagrid-sample-30k-384p\hagrid_30k\train_val_like\994a8522-abed-4332-beb4-aa2a871f7db5.jpg,no_hand
train,like,data\hagrid_sample\hagrid-sample-30k-384p\hagrid_30k\train_val_like\e9d719c6-076c-48dd-b07a-34619beb8ea6.jpg,multiple_hands
train,like,data\hagrid_sample\hagrid-sample-30k-384p\hagrid_30k\train_val_like\a7c6bf33-2832-453e-aaba-603e7c8e04a2.jpg,multiple_hands
train,like,data\hagrid_sample\hagrid-sample-30k-384p\hagrid_30k\train_val_like\9a8e6603-23cb-444f-b6f5-ae41a0046f44.jpg,multiple_hands
train,like,data\hagrid_sample\hagrid-sample-30k-384p\hagrid_30k\train_val_like\3af37dd1-4a07-45bb-995b-bf28792c8f41.jpg,multiple_hands
train,like,data\hagrid_sample\hagrid-sample-30k-384p\hagrid_30k\train_val_like\d7cc6218-6a0f-4d40-b30c-85822787fc88.jpg,no_hand
train,like,data\hagrid_sample\hagrid-sample-30k-384p\hagrid_30k\train_val_like\8725d04f-d395-4a07-ad5d-b9946dd729ac.jpg,multiple_hands
train,like,data\hagrid_sample\hagrid-sample-30k-384p\hagrid_30k\train_val_like\dfa6d4d2-e792-4384-8ffb-08edf0ab1cb6.jpg,no_hand
train,like,data\hagrid_sample\hagrid-sample-30k-384p\hagrid_30k\train_val_like\854940a4-4b4e-4c65-9433-322921f2c10a.jpg,multiple_hands
train,like,data\hagrid_sample\hagrid-sample-30k-384p\hagrid_30k\train_val_like\62981a0a-2beb-4440-b24e-091e1dc8b83e.jpg,multiple_hands
train,like,data\hagrid_sample\hagrid-sample-30k-384p\hagrid_30k\train_val_like\8d81eb64-ca14-48fa-b22a-bd7e77fa70d1.jpg,no_hand
train,like,data\hagrid_sample\hagrid-sample-30k-384p\hagrid_30k\train_val_like\b6cdf7e1-c6c6-41a9-8e17-ac6a7c0b6b82.jpg,multiple_hands
train,like,data\hagrid_sample\hagrid-sample-30k-384p\hagrid_30k\train_val_like\9db9790e-f2fe-4890-94d5-21e87199e920.jpg,multiple_hands
train,like,data\hagrid_sample\hagrid-sample-30k-384p\hagrid_30k\train_val_like\3ce0e9e4-b579-41a9-98a0-bb7ebd4f28dc.jpg,multiple_hands
train,like,data\hagrid_sample\hagrid-sample-30k-384p\hagrid_30k\train_val_like\da3bf97e-53f3-4900-931e-2686612c6a0d.jpg,no_hand
train,like,data\hagrid_sample\hagrid-sample-30k-384p\hagrid_30k\train_val_like\c583da00-8aa9-4964-a366-b8d097493813.jpg,no_hand
train,like,data\hagrid_sample\hagrid-sample-30k-384p\hagrid_30k\train_val_like\1ea7c047-2e36-4661-af67-2ff8b0eacaf5.jpg,no_hand
train,like,data\hagrid_sample\hagrid-sample-30k-384p\hagrid_30k\train_val_like\bf40687f-333f-47c9-a4e2-3ae612189df9.jpg,multiple_hands
train,like,data\hagrid_sample\hagrid-sample-30k-384p\hagrid_30k\train_val_like\b0bd6158-aecf-4ad9-8666-b134ddc3d647.jpg,multiple_hands
train,like,data\hagrid_sample\hagrid-sample-30k-384p\hagrid_30k\train_val_like\575796c9-ee1b-49db-a55c-17b2689ec18c.jpg,multiple_hands
train,like,data\hagrid_sample\hagrid-sample-30k-384p\hagrid_30k\train_val_like\05a76344-990a-4984-80ca-00430bee5ea0.jpg,multiple_hands
train,like,data\hagrid_sample\hagrid-sample-30k-384p\hagrid_30k\train_val_like\b16413c4-f5d4-4476-a59e-173526de0203.jpg,multiple_hands
train,like,data\hagrid_sample\hagrid-sample-30k-384p\hagrid_30k\train_val_like\3c25e1ce-dc88-48f3-a5af-55b0e63fb3c4.jpg,multiple_hands
train,like,data\hagrid_sample\hagrid-sample-30k-384p\hagrid_30k\train_val_like\a67a0001-8521-42fb-acc6-27645203a65b.jpg,no_hand
train,like,data\hagrid_sample\hagrid-sample-30k-384p\hagrid_30k\train_val_like\c9c0615b-935e-45ad-bdea-4b64dc715712.jpg,no_hand
train,like,data\hagrid_sample\hagrid-sample-30k-384p\hagrid_30k\train_val_like\a8cff957-eb1d-456a-b2f9-4e16a6a6321e.jpg,multiple_hands
train,like,data\hagrid_sample\hagrid-sample-30k-384p\hagrid_30k\train_val_like\18b46d72-9150-4511-9a2b-00d3fee655b7.jpg,multiple_hands
train,like,data\hagrid_sample\hagrid-sample-30k-384p\hagrid_30k\train_val_like\7b87c890-a4d2-41ab-85eb-cf4e75c10306.jpg,no_hand
train,like,data\hagrid_sample\hagrid-sample-30k-384p\hagrid_30k\train_val_like\e41f7926-559b-41ae-92d0-8deee5199f4a.jpg,multiple_hands
train,like,data\hagrid_sample\hagrid-sample-30k-384p\hagrid_30k\train_val_like\0b34c72a-7780-484b-b35f-80de5f1ba706.jpg,multiple_hands
train,like,data\hagrid_sample\hagrid-sample-30k-384p\hagrid_30k\train_val_like\505ba341-6944-477a-b360-2c0229e52b6f.jpg,multiple_hands
train,like,data\hagrid_sample\hagrid-sample-30k-384p\hagrid_30k\train_val_like\219680b6-53a8-4305-81a9-ef8c7bbf51e7.jpg,no_hand
train,like,data\hagrid_sample\hagrid-sample-30k-384p\hagrid_30k\train_val_like\5a7602f6-a091-4a17-97af-c5075928b5e6.jpg,multiple_hands
train,like,data\hagrid_sample\hagrid-sample-30k-384p\hagrid_30k\train_val_like\e1c5df56-17ac-41bf-bcbf-e168ac1bb918.jpg,no_hand
train,like,data\hagrid_sample\hagrid-sample-30k-384p\hagrid_30k\train_val_like\f1a65571-fe59-4e4e-ae19-333bf574ad7e.jpg,multiple_hands
train,like,data\hagrid_sample\hagrid-sample-30k-384p\hagrid_30k\train_val_like\86921ea2-8660-4848-a438-39e8f781539b.jpg,no_hand
train,like,data\hagrid_sample\hagrid-sample-30k-384p\hagrid_30k\train_val_like\979f02f1-d65a-4f03-85f9-8d7101261802.jpg,multiple_hands
train,like,data\hagrid_sample\hagrid-sample-30k-384p\hagrid_30k\train_val_like\5bf7b84c-e252-4b75-ba9b-66a9bc365286.jpg,no_hand
train,like,data\hagrid_sample\hagrid-sample-30k-384p\hagrid_30k\train_val_like\723b5955-be36-4015-a690-4f37f3386462.jpg,no_hand
train,like,data\hagrid_sample\hagrid-sample-30k-384p\hagrid_30k\train_val_like\ec326f42-3730-4c93-912c-5cf63d5121f8.jpg,no_hand
train,like,data\hagrid_sample\hagrid-sample-30k-384p\hagrid_30k\train_val_like\0d59be02-a6ad-4432-8edb-df11249991a1.jpg,multiple_hands
train,like,data\hagrid_sample\hagrid-sample-30k-384p\hagrid_30k\train_val_like\2b0f00a7-086c-4a83-bcb6-60f72a4a827f.jpg,no_hand
train,like,data\hagrid_sample\hagrid-sample-30k-384p\hagrid_30k\train_val_like\2cccdd59-b561-4d6b-82e8-f13179a3db2a.jpg,multiple_hands
train,like,data\hagrid_sample\hagrid-sample-30k-384p\hagrid_30k\train_val_like\7734d075-0996-4bde-b4d7-7b3295706220.jpg,multiple_hands
train,like,data\hagrid_sample\hagrid-sample-30k-384p\hagrid_30k\train_val_like\23cd9d18-08b1-4fa9-91ea-f0439ae39647.jpg,no_hand
train,like,data\hagrid_sample\hagrid-sample-30k-384p\hagrid_30k\train_val_like\0947a5a5-e1c4-49a2-beaf-8987ed098f1f.jpg,multiple_hands
train,like,data\hagrid_sample\hagrid-sample-30k-384p\hagrid_30k\train_val_like\ef7eb7e2-d694-46b2-8d62-e4d4ff8adb7f.jpg,no_hand
train,like,data\hagrid_sample\hagrid-sample-30k-384p\hagrid_30k\train_val_like\361b4dd9-e1cc-4f1c-a4e0-8e9f960fb514.jpg,no_hand
train,like,data\hagrid_sample\hagrid-sample-30k-384p\hagrid_30k\train_val_like\c9e05b8d-64d5-4d89-989e-dc3ec8ffd7bd.jpg,no_hand
train,like,data\hagrid_sample\hagrid-sample-30k-384p\hagrid_30k\train_val_like\96695c71-8e93-4d3c-b436-c4e45e0c9472.jpg,no_hand
train,like,data\hagrid_sample\hagrid-sample-30k-384p\hagrid_30k\train_val_like\5c267917-6c81-4b91-b20d-aad8d588142e.jpg,multiple_hands
train,like,data\hagrid_sample\hagrid-sample-30k-384p\hagrid_30k\train_val_like\d4c8b48d-d8f8-4d06-b99f-3880e50c1408.jpg,multiple_hands
train,like,data\hagrid_sample\hagrid-sample-30k-384p\hagrid_30k\train_val_like\ac50d41b-86ec-4fe1-ae30-c1032e0ab6b4.jpg,multiple_hands
train,like,data\hagrid_sample\hagrid-sample-30k-384p\hagrid_30k\train_val_like\5856e82f-8888-4748-8751-f80b79a85640.jpg,no_hand
train,like,data\hagrid_sample\hagrid-sample-30k-384p\hagrid_30k\train_val_like\6527634d-cb1d-4760-bb2a-2cc17c9641d2.jpg,multiple_hands
train,like,data\hagrid_sample\hagrid-sample-30k-384p\hagrid_30k\train_val_like\6e2e26b0-0a11-4494-baee-db0cd7900645.jpg,no_hand
train,like,data\hagrid_sample\hagrid-sample-30k-384p\hagrid_30k\train_val_like\c5cbc913-0d79-42a5-82b0-18653be790b5.jpg,no_hand
train,like,data\hagrid_sample\hagrid-sample-30k-384p\hagrid_30k\train_val_like\8651ea96-cbe7-4787-8795-d1d3a67e21da.jpg,no_hand
train,like,data\hagrid_sample\hagrid-sample-30k-384p\hagrid_30k\train_val_like\dda5a018-c552-4839-bcf2-bf882a364f76.jpg,no_hand
train,like,data\hagrid_sample\hagrid-sample-30k-384p\hagrid_30k\train_val_like\9620e441-6ad6-4b1a-98dd-4a501e37922f.jpg,no_hand
train,like,data\hagrid_sample\hagrid-sample-30k-384p\hagrid_30k\train_val_like\23ffc0c2-dc5a-4ef7-8430-07be11ee8be5.jpg,no_hand
train,like,data\hagrid_sample\hagrid-sample-30k-384p\hagrid_30k\train_val_like\bcdd01c1-77cc-4e23-9075-954a51101185.jpg,no_hand
train,like,data\hagrid_sample\hagrid-sample-30k-384p\hagrid_30k\train_val_like\939fbcfc-f40b-47cf-b00e-41caf57e14f9.jpg,no_hand
train,like,data\hagrid_sample\hagrid-sample-30k-384p\hagrid_30k\train_val_like\157fe28c-5f3a-4796-bc84-f3008da78723.jpg,multiple_hands
train,like,data\hagrid_sample\hagrid-sample-30k-384p\hagrid_30k\train_val_like\bd264eb3-dcf9-4afd-afb7-5b64eef2808d.jpg,no_hand
train,like,data\hagrid_sample\hagrid-sample-30k-384p\hagrid_30k\train_val_like\0cbba8d4-bab7-4203-9804-bdd702b12040.jpg,multiple_hands
train,like,data\hagrid_sample\hagrid-sample-30k-384p\hagrid_30k\train_val_like\42040613-4619-4f8f-abc4-c15d92cbb1d8.jpg,no_hand
train,like,data\hagrid_sample\hagrid-sample-30k-384p\hagrid_30k\train_val_like\70c36725-ecff-49cb-92df-6e3c370516f7.jpg,no_hand
train,like,data\hagrid_sample\hagrid-sample-30k-384p\hagrid_30k\train_val_like\c141fd5f-dfde-4fcf-b77b-668b7ec88445.jpg,no_hand
train,like,data\hagrid_sample\hagrid-sample-30k-384p\hagrid_30k\train_val_like\b6f71434-4c5a-4cdd-bc86-f8936863a302.jpg,multiple_hands
train,like,data\hagrid_sample\hagrid-sample-30k-384p\hagrid_30k\train_val_like\4b72fd4f-833a-4616-81f1-a6f3652d6889.jpg,multiple_hands
train,like,data\hagrid_sample\hagrid-sample-30k-384p\hagrid_30k\train_val_like\4f56968e-b015-4c73-9053-1046f2866172.jpg,no_hand
train,like,data\hagrid_sample\hagrid-sample-30k-384p\hagrid_30k\train_val_like\a196707d-2234-4878-956a-a179935c771c.jpg,multiple_hands
train,like,data\hagrid_sample\hagrid-sample-30k-384p\hagrid_30k\train_val_like\1428143c-c609-46d3-84bd-9bae03a211bd.jpg,multiple_hands
train,like,data\hagrid_sample\hagrid-sample-30k-384p\hagrid_30k\train_val_like\fc928d63-81ac-47da-b849-e1811bd1e32b.jpg,no_hand
train,like,data\hagrid_sample\hagrid-sample-30k-384p\hagrid_30k\train_val_like\446f4872-2795-47ec-892c-1e7548f0f019.jpg,no_hand
train,like,data\hagrid_sample\hagrid-sample-30k-384p\hagrid_30k\train_val_like\a9194fb8-775b-4364-9ebe-17b29e4a41ae.jpg,no_hand
train,like,data\hagrid_sample\hagrid-sample-30k-384p\hagrid_30k\train_val_like\d43250ac-f419-444f-a45b-5f981046f7f8.jpg,no_hand
train,like,data\hagrid_sample\hagrid-sample-30k-384p\hagrid_30k\train_val_like\740ad31a-209d-4918-8814-421d4d8ff0dd.jpg,no_hand
train,like,data\hagrid_sample\hagrid-sample-30k-384p\hagrid_30k\train_val_like\4dc19d1b-9134-4343-b60b-0357542715a6.jpg,multiple_hands
train,like,data\hagrid_sample\hagrid-sample-30k-384p\hagrid_30k\train_val_like\37aeec09-ecd7-4965-9cd8-2001e1c63f8e.jpg,multiple_hands
train,like,data\hagrid_sample\hagrid-sample-30k-384p\hagrid_30k\train_val_like\e057d824-55c8-4ad7-9fad-6aa15eb3305f.jpg,no_hand
train,like,data\hagrid_sample\hagrid-sample-30k-384p\hagrid_30k\train_val_like\87e36ae4-5851-4bc3-abf1-bd8b29f9f262.jpg,no_hand
train,like,data\hagrid_sample\hagrid-sample-30k-384p\hagrid_30k\train_val_like\b78ba0cd-3ce0-4c97-a0fa-178f768dd04a.jpg,multiple_hands
train,like,data\hagrid_sample\hagrid-sample-30k-384p\hagrid_30k\train_val_like\4e903508-e6f0-4db1-b98c-e4eca5fe754f.jpg,multiple_hands
train,like,data\hagrid_sample\hagrid-sample-30k-384p\hagrid_30k\train_val_like\3e57780a-1aff-4d32-bda5-64bbdfe710a7.jpg,multiple_hands
train,like,data\hagrid_sample\hagrid-sample-30k-384p\hagrid_30k\train_val_like\0721212b-4c53-4a51-aaef-3b7f64d379e8.jpg,no_hand
train,like,data\hagrid_sample\hagrid-sample-30k-384p\hagrid_30k\train_val_like\ad0e6a91-d5a2-4935-814c-e2c868617198.jpg,no_hand
train,like,data\hagrid_sample\hagrid-sample-30k-384p\hagrid_30k\train_val_like\1bf20577-777c-40e6-8d20-3569bd01e181.jpg,no_hand
train,like,data\hagrid_sample\hagrid-sample-30k-384p\hagrid_30k\train_val_like\3187aca3-7f94-4d7a-a5b2-b52918bf2353.jpg,multiple_hands
train,like,data\hagrid_sample\hagrid-sample-30k-384p\hagrid_30k\train_val_like\3a432dd9-ccd7-4f5b-ad2a-fe74a522e84a.jpg,multiple_hands
train,like,data\hagrid_sample\hagrid-sample-30k-384p\hagrid_30k\train_val_like\cc9f2c00-f391-4faf-9cb2-43c9863d2052.jpg,no_hand
train,like,data\hagrid_sample\hagrid-sample-30k-384p\hagrid_30k\train_val_like\429ef908-8cc7-4eb8-b091-ffd62c516ab3.jpg,multiple_hands
train,like,data\hagrid_sample\hagrid-sample-30k-384p\hagrid_30k\train_val_like\89c7e87d-1c00-41b5-8b03-09dfb8e4a4a1.jpg,no_hand
train,like,data\hagrid_sample\hagrid-sample-30k-384p\hagrid_30k\train_val_like\d29bc90a-e636-4a1e-b58a-74cf7f4c7479.jpg,multiple_hands
train,like,data\hagrid_sample\hagrid-sample-30k-384p\hagrid_30k\train_val_like\53747147-5fda-4c3d-8222-e44fcea987b1.jpg,multiple_hands
train,like,data\hagrid_sample\hagrid-sample-30k-384p\hagrid_30k\train_val_like\3bccc9ca-9a66-4b79-a81c-35be01bbe1dc.jpg,multiple_hands
train,like,data\hagrid_sample\hagrid-sample-30k-384p\hagrid_30k\train_val_like\66833d68-7472-4978-bada-378609aac83f.jpg,multiple_hands
train,like,data\hagrid_sample\hagrid-sample-30k-384p\hagrid_30k\train_val_like\333293fa-6ea4-4e79-8305-57a80084df52.jpg,no_hand
train,like,data\hagrid_sample\hagrid-sample-30k-384p\hagrid_30k\train_val_like\3fcd8fed-9d03-4603-9122-6269234b2721.jpg,multiple_hands
train,like,data\hagrid_sample\hagrid-sample-30k-384p\hagrid_30k\train_val_like\08965177-abb0-48c7-b362-6a85ea6ecbd7.jpg,no_hand
train,like,data\hagrid_sample\hagrid-sample-30k-384p\hagrid_30k\train_val_like\a2b5a90f-4b20-4bfe-8d9b-aa694171b5c7.jpg,multiple_hands
train,like,data\hagrid_sample\hagrid-sample-30k-384p\hagrid_30k\train_val_like\f5632434-0d62-45b7-9240-f7fc0f94061f.jpg,multiple_hands
train,like,data\hagrid_sample\hagrid-sample-30k-384p\hagrid_30k\train_val_like\d46fc279-d529-4bdf-82f2-2a14c273c62c.jpg,multiple_hands
train,like,data\hagrid_sample\hagrid-sample-30k-384p\hagrid_30k\train_val_like\a64deaea-f98a-44c8-910a-b16819b407e5.jpg,multiple_hands
train,like,data\hagrid_sample\hagrid-sample-30k-384p\hagrid_30k\train_val_like\71739f41-b319-4e7c-b8fd-70a3a9f775d9.jpg,no_hand
train,like,data\hagrid_sample\hagrid-sample-30k-384p\hagrid_30k\train_val_like\90890587-663d-4cb3-b7b3-727e850358ae.jpg,no_hand
train,like,data\hagrid_sample\hagrid-sample-30k-384p\hagrid_30k\train_val_like\cef7f688-8873-4b93-acf3-a89c62e1bbb4.jpg,no_hand
train,like,data\hagrid_sample\hagrid-sample-30k-384p\hagrid_30k\train_val_like\e63efa90-aedd-41f5-a559-2f00c63a8dde.jpg,no_hand
train,like,data\hagrid_sample\hagrid-sample-30k-384p\hagrid_30k\train_val_like\29eb0b1c-a818-4adb-96ca-ad02829401e9.jpg,multiple_hands
train,like,data\hagrid_sample\hagrid-sample-30k-384p\hagrid_30k\train_val_like\8569aa73-963e-47cc-a4cf-de713767ab7d.jpg,no_hand
train,like,data\hagrid_sample\hagrid-sample-30k-384p\hagrid_30k\train_val_like\ca9e557a-1081-4ce6-aaf7-b118d266edc0.jpg,multiple_hands
train,like,data\hagrid_sample\hagrid-sample-30k-384p\hagrid_30k\train_val_like\17aef007-a051-4c32-b3dc-9b928babc6ff.jpg,no_hand
train,like,data\hagrid_sample\hagrid-sample-30k-384p\hagrid_30k\train_val_like\f473c1fe-b92e-4f79-b095-1ee30a2f7d90.jpg,multiple_hands
train,like,data\hagrid_sample\hagrid-sample-30k-384p\hagrid_30k\train_val_like\91a83817-6c1e-4642-8c95-1f0d37f771c8.jpg,no_hand
train,like,data\hagrid_sample\hagrid-sample-30k-384p\hagrid_30k\train_val_like\5b6e7f70-7df0-472c-9926-a777c3811bcb.jpg,multiple_hands
train,like,data\hagrid_sample\hagrid-sample-30k-384p\hagrid_30k\train_val_like\8b32fc74-7ea2-4b93-8af2-cf9d63287605.jpg,multiple_hands
train,like,data\hagrid_sample\hagrid-sample-30k-384p\hagrid_30k\train_val_like\fad2fed9-fcb0-43c2-b360-17af9240a78e.jpg,multiple_hands
train,like,data\hagrid_sample\hagrid-sample-30k-384p\hagrid_30k\train_val_like\cdeb36af-2d74-41f1-a6ef-43bfb9a4de19.jpg,multiple_hands
train,like,data\hagrid_sample\hagrid-sample-30k-384p\hagrid_30k\train_val_like\beb7cfc2-ece4-42df-9bd9-d649a3688d3b.jpg,no_hand
train,like,data\hagrid_sample\hagrid-sample-30k-384p\hagrid_30k\train_val_like\0fe0f74a-7369-46d0-a933-b5fb5d816226.jpg,no_hand
train,like,data\hagrid_sample\hagrid-sample-30k-384p\hagrid_30k\train_val_like\c7af80c5-4135-4b82-8932-2538d57a2f18.jpg,multiple_hands
train,like,data\hagrid_sample\hagrid-sample-30k-384p\hagrid_30k\train_val_like\f869832a-58be-49ee-a2d8-7ac8112c77a6.jpg,no_hand
train,like,data\hagrid_sample\hagrid-sample-30k-384p\hagrid_30k\train_val_like\02c2f3b2-0948-4194-8bd9-b53c038dfaf7.jpg,multiple_hands
train,like,data\hagrid_sample\hagrid-sample-30k-384p\hagrid_30k\train_val_like\c18105c6-4a36-48e2-aaf1-efaeabb0d8e9.jpg,multiple_hands
train,like,data\hagrid_sample\hagrid-sample-30k-384p\hagrid_30k\train_val_like\518604e6-0f2e-4d06-837e-2cbfce3f3f4e.jpg,no_hand
train,like,data\hagrid_sample\hagrid-sample-30k-384p\hagrid_30k\train_val_like\f258b74e-4c13-421c-b19a-0df9eeffad1e.jpg,no_hand
train,like,data\hagrid_sample\hagrid-sample-30k-384p\hagrid_30k\train_val_like\eaedc559-ecae-4509-b770-96985150fdae.jpg,multiple_hands
train,like,data\hagrid_sample\hagrid-sample-30k-384p\hagrid_30k\train_val_like\f8fc8208-225f-49dd-94b2-35026ddabc16.jpg,multiple_hands
train,like,data\hagrid_sample\hagrid-sample-30k-384p\hagrid_30k\train_val_like\57c64863-db4c-4e0a-97cb-cce0da342e2b.jpg,multiple_hands
train,like,data\hagrid_sample\hagrid-sample-30k-384p\hagrid_30k\train_val_like\9f5c2a9c-c9f2-4d46-b016-d5b1109cd6be.jpg,multiple_hands
train,like,data\hagrid_sample\hagrid-sample-30k-384p\hagrid_30k\train_val_like\77a0be0c-b748-40fa-8d3b-729e72b0ae3a.jpg,no_hand
train,like,data\hagrid_sample\hagrid-sample-30k-384p\hagrid_30k\train_val_like\985b8ba5-4172-4404-a78d-ff414163cd47.jpg,no_hand
train,like,data\hagrid_sample\hagrid-sample-30k-384p\hagrid_30k\train_val_like\4a5d8eeb-a246-4c8a-bd32-5eeb2b3696c9.jpg,multiple_hands
train,like,data\hagrid_sample\hagrid-sample-30k-384p\hagrid_30k\train_val_like\e2eb212e-d8be-414c-ace4-7c234323d1b9.jpg,multiple_hands
train,like,data\hagrid_sample\hagrid-sample-30k-384p\hagrid_30k\train_val_like\effc02f2-9ec4-4b2d-80f2-4ece358967ea.jpg,no_hand
train,like,data\hagrid_sample\hagrid-sample-30k-384p\hagrid_30k\train_val_like\e78b0da2-7fa1-47a1-ae3f-b8d6f9f72746.jpg,multiple_hands
train,like,data\hagrid_sample\hagrid-sample-30k-384p\hagrid_30k\train_val_like\e086c72c-3ee8-4270-996a-56abc26b66b0.jpg,no_hand
train,like,data\hagrid_sample\hagrid-sample-30k-384p\hagrid_30k\train_val_like\951c4ace-e222-49bd-a6eb-aefa601697be.jpg,no_hand
train,like,data\hagrid_sample\hagrid-sample-30k-384p\hagrid_30k\train_val_like\97f8d8cb-2cbe-4d9b-a3ca-6996bcdf94c1.jpg,no_hand
train,like,data\hagrid_sample\hagrid-sample-30k-384p\hagrid_30k\train_val_like\f5d1d3e7-9d75-4bcd-9baf-3adb5f8e106a.jpg,multiple_hands
train,like,data\hagrid_sample\hagrid-sample-30k-384p\hagrid_30k\train_val_like\47eaf99c-ecb2-47b5-bbb9-5998991b2059.jpg,multiple_hands
train,like,data\hagrid_sample\hagrid-sample-30k-384p\hagrid_30k\train_val_like\d166e38c-f507-45df-b768-86dba7047075.jpg,multiple_hands
train,like,data\hagrid_sample\hagrid-sample-30k-384p\hagrid_30k\train_val_like\fb00d8e8-659e-4325-964a-d84e35b0fa53.jpg,no_hand
train,like,data\hagrid_sample\hagrid-sample-30k-384p\hagrid_30k\train_val_like\cd3b2517-7d9d-45b6-b576-87f762886b5d.jpg,multiple_hands
train,like,data\hagrid_sample\hagrid-sample-30k-384p\hagrid_30k\train_val_like\c6ea6ac8-9cfc-4a5e-8213-554bcd7e51ce.jpg,no_hand
train,like,data\hagrid_sample\hagrid-sample-30k-384p\hagrid_30k\train_val_like\2875d875-7e6f-45fc-a80e-0249064f37df.jpg,multiple_hands
train,like,data\hagrid_sample\hagrid-sample-30k-384p\hagrid_30k\train_val_like\403f42a9-19b8-499c-b2b6-d9bb1bfecf77.jpg,multiple_hands
train,like,data\hagrid_sample\hagrid-sample-30k-384p\hagrid_30k\train_val_like\a69dc2cf-37ce-4ef6-aa3e-5e41c69e85da.jpg,multiple_hands
train,like,data\hagrid_sample\hagrid-sample-30k-384p\hagrid_30k\train_val_like\a4a25307-fdd9-43a2-97fb-1bc5b4ea479e.jpg,multiple_hands
train,like,data\hagrid_sample\hagrid-sample-30k-384p\hagrid_30k\train_val_like\74971f15-97c1-4d28-a595-867a923b6ba0.jpg,multiple_hands
train,like,data\hagrid_sample\hagrid-sample-30k-384p\hagrid_30k\train_val_like\47cefea6-f50b-4ca1-af47-c4c56f4f4f46.jpg,multiple_hands
train,like,data\hagrid_sample\hagrid-sample-30k-384p\hagrid_30k\train_val_like\93f8589e-b319-4011-86dd-735adbe9f54d.jpg,multiple_hands
train,like,data\hagrid_sample\hagrid-sample-30k-384p\hagrid_30k\train_val_like\fd9b0c3c-64eb-4e2f-9804-35d238b809be.jpg,no_hand
train,like,data\hagrid_sample\hagrid-sample-30k-384p\hagrid_30k\train_val_like\f3328493-b682-4d1d-b1d3-c71277158944.jpg,multiple_hands
train,like,data\hagrid_sample\hagrid-sample-30k-384p\hagrid_30k\train_val_like\e260c210-eef3-4538-a058-38c6f3931096.jpg,no_hand
train,like,data\hagrid_sample\hagrid-sample-30k-384p\hagrid_30k\train_val_like\f0ea957b-6bac-4f19-82fb-77e09da7d7b7.jpg,multiple_hands
train,like,data\hagrid_sample\hagrid-sample-30k-384p\hagrid_30k\train_val_like\6badc2a9-b5f0-40a6-a44d-0e66296aa95d.jpg,multiple_hands
train,like,data\hagrid_sample\hagrid-sample-30k-384p\hagrid_30k\train_val_like\adfcf402-9c2c-4c6e-985b-2898f95cb313.jpg,no_hand
train,like,data\hagrid_sample\hagrid-sample-30k-384p\hagrid_30k\train_val_like\d03369e0-3954-4992-b847-9fe98a2b2453.jpg,multiple_hands
train,like,data\hagrid_sample\hagrid-sample-30k-384p\hagrid_30k\train_val_like\2dc0897a-5e91-4df4-ad2f-a9c9ea8eb56b.jpg,no_hand
train,like,data\hagrid_sample\hagrid-sample-30k-384p\hagrid_30k\train_val_like\2be1b822-86b0-4f61-bcdd-e755e3c4dad4.jpg,multiple_hands
train,like,data\hagrid_sample\hagrid-sample-30k-384p\hagrid_30k\train_val_like\9cfd74b1-83f5-4d5e-8ae6-4d024a92bf88.jpg,multiple_hands
train,like,data\hagrid_sample\hagrid-sample-30k-384p\hagrid_30k\train_val_like\58b1b9c1-b88a-49bb-8f01-ae8714752804.jpg,no_hand
train,like,data\hagrid_sample\hagrid-sample-30k-384p\hagrid_30k\train_val_like\e5ba2c52-29b6-40c8-9d34-7a9a7e047a11.jpg,multiple_hands
train,like,data\hagrid_sample\hagrid-sample-30k-384p\hagrid_30k\train_val_like\72a62810-aca2-45b0-b780-9cf47394aaea.jpg,multiple_hands
train,like,data\hagrid_sample\hagrid-sample-30k-384p\hagrid_30k\train_val_like\dbc98354-05f5-4ba2-84ce-6f3d4bb988b2.jpg,multiple_hands
train,like,data\hagrid_sample\hagrid-sample-30k-384p\hagrid_30k\train_val_like\ada73d04-50c5-4594-9374-54f588e5e499.jpg,multiple_hands
train,like,data\hagrid_sample\hagrid-sample-30k-384p\hagrid_30k\train_val_like\fe43b55a-e48a-4960-9905-986f32af1fa4.jpg,no_hand
train,like,data\hagrid_sample\hagrid-sample-30k-384p\hagrid_30k\train_val_like\ffdf037c-020a-4cdc-ae77-96bed49d8c73.jpg,no_hand
train,like,data\hagrid_sample\hagrid-sample-30k-384p\hagrid_30k\train_val_like\de3952c5-b6fa-48a1-83ef-e9e702b180e3.jpg,no_hand
train,like,data\hagrid_sample\hagrid-sample-30k-384p\hagrid_30k\train_val_like\22e390ce-ead2-422f-8ff0-12b23bffb9c1.jpg,no_hand
train,like,data\hagrid_sample\hagrid-sample-30k-384p\hagrid_30k\train_val_like\72e57de7-82ec-40f6-bd91-207c3b93e51f.jpg,multiple_hands
train,like,data\hagrid_sample\hagrid-sample-30k-384p\hagrid_30k\train_val_like\8084caac-cdaf-49c8-8618-23fd4f6d6565.jpg,multiple_hands
train,like,data\hagrid_sample\hagrid-sample-30k-384p\hagrid_30k\train_val_like\3eb2943b-46d9-4d11-ae05-5bb961d552e3.jpg,multiple_hands
train,like,data\hagrid_sample\hagrid-sample-30k-384p\hagrid_30k\train_val_like\63086909-9f14-4e69-8c85-de7b66535d23.jpg,no_hand
train,like,data\hagrid_sample\hagrid-sample-30k-384p\hagrid_30k\train_val_like\227fbd7b-8a3c-4721-921d-ad93af0b7567.jpg,multiple_hands
train,like,data\hagrid_sample\hagrid-sample-30k-384p\hagrid_30k\train_val_like\3b3de6d8-927b-4dc3-bab0-66d3cb3ccb3c.jpg,multiple_hands
train,like,data\hagrid_sample\hagrid-sample-30k-384p\hagrid_30k\train_val_like\e15344a9-3c64-494b-a003-60df8d2245fd.jpg,no_hand
train,like,data\hagrid_sample\hagrid-sample-30k-384p\hagrid_30k\train_val_like\68b8c24a-3f32-4e38-b149-c797596c07c9.jpg,no_hand
train,like,data\hagrid_sample\hagrid-sample-30k-384p\hagrid_30k\train_val_like\71dcb5c5-5d21-43d8-8eeb-f4146d649fb1.jpg,multiple_hands
train,like,data\hagrid_sample\hagrid-sample-30k-384p\hagrid_30k\train_val_like\8a9153f1-be7c-4146-8ca7-6e9b672cc701.jpg,no_hand
train,like,data\hagrid_sample\hagrid-sample-30k-384p\hagrid_30k\train_val_like\53fad35e-eb90-4473-a0f6-1a4555e01cfc.jpg,multiple_hands
train,like,data\hagrid_sample\hagrid-sample-30k-384p\hagrid_30k\train_val_like\483c1f46-2c71-4e21-a69e-a35dfbd68811.jpg,multiple_hands
train,like,data\hagrid_sample\hagrid-sample-30k-384p\hagrid_30k\train_val_like\a47f254b-9a19-4dd3-bcc8-19c0053347e7.jpg,multiple_hands
train,like,data\hagrid_sample\hagrid-sample-30k-384p\hagrid_30k\train_val_like\e4dae239-d7ed-479c-98e6-e0924ab37726.jpg,multiple_hands
train,like,data\hagrid_sample\hagrid-sample-30k-384p\hagrid_30k\train_val_like\5a24163c-94ba-41c3-927a-570a1bc75016.jpg,no_hand
train,like,data\hagrid_sample\hagrid-sample-30k-384p\hagrid_30k\train_val_like\80b07612-d86a-42af-a70f-69659bc144b9.jpg,multiple_hands
train,like,data\hagrid_sample\hagrid-sample-30k-384p\hagrid_30k\train_val_like\82750997-e52d-494f-872a-49406af62625.jpg,multiple_hands
train,like,data\hagrid_sample\hagrid-sample-30k-384p\hagrid_30k\train_val_like\4d1c0116-0572-48a0-80ef-165c4ff98c98.jpg,multiple_hands
train,like,data\hagrid_sample\hagrid-sample-30k-384p\hagrid_30k\train_val_like\37689ae6-9674-46c1-a679-526c26c76a8a.jpg,no_hand
train,like,data\hagrid_sample\hagrid-sample-30k-384p\hagrid_30k\train_val_like\d31f9ea0-32e0-4083-be6f-ae0d53fae512.jpg,no_hand
train,like,data\hagrid_sample\hagrid-sample-30k-384p\hagrid_30k\train_val_like\f88a4f21-274a-4348-8799-8c4776e8234c.jpg,no_hand
train,like,data\hagrid_sample\hagrid-sample-30k-384p\hagrid_30k\train_val_like\26eaba5b-1916-495c-b10a-966764043b08.jpg,multiple_hands
train,like,data\hagrid_sample\hagrid-sample-30k-384p\hagrid_30k\train_val_like\08ff34e1-b5c2-403f-b20b-2cf1711da753.jpg,no_hand
train,like,data\hagrid_sample\hagrid-sample-30k-384p\hagrid_30k\train_val_like\bb094927-a0ef-4fc7-b61b-0e34c6255440.jpg,multiple_hands
train,like,data\hagrid_sample\hagrid-sample-30k-384p\hagrid_30k\train_val_like\8c8ad12a-a345-4e73-af4e-079af57f85a2.jpg,no_hand
train,like,data\hagrid_sample\hagrid-sample-30k-384p\hagrid_30k\train_val_like\046f9661-1e94-4466-a43c-0f6cb17e2374.jpg,no_hand
train,like,data\hagrid_sample\hagrid-sample-30k-384p\hagrid_30k\train_val_like\a3686dde-5682-4385-8764-794f8d40034c.jpg,no_hand
train,like,data\hagrid_sample\hagrid-sample-30k-384p\hagrid_30k\train_val_like\3dc34bdb-37ff-4696-84c2-ab54436f7323.jpg,multiple_hands
train,like,data\hagrid_sample\hagrid-sample-30k-384p\hagrid_30k\train_val_like\91ff2653-a7e5-4f30-a801-83a596b28e63.jpg,no_hand
train,like,data\hagrid_sample\hagrid-sample-30k-384p\hagrid_30k\train_val_like\394ade21-7a2f-4207-ba98-4ced46f38d05.jpg,multiple_hands
train,like,data\hagrid_sample\hagrid-sample-30k-384p\hagrid_30k\train_val_like\4ef635cf-4e23-4094-8ed0-7a50bb950d2a.jpg,multiple_hands
train,like,data\hagrid_sample\hagrid-sample-30k-384p\hagrid_30k\train_val_like\cbe0a3fa-914b-49de-bf40-d7c267f0009b.jpg,multiple_hands
train,like,data\hagrid_sample\hagrid-sample-30k-384p\hagrid_30k\train_val_like\709382d8-a303-48c0-ae46-f73589765543.jpg,no_hand
train,like,data\hagrid_sample\hagrid-sample-30k-384p\hagrid_30k\train_val_like\fb6d6909-7272-4747-b016-058287034253.jpg,multiple_hands
train,like,data\hagrid_sample\hagrid-sample-30k-384p\hagrid_30k\train_val_like\4367595a-72f3-4a23-a35b-0877b19f4d8d.jpg,no_hand
train,like,data\hagrid_sample\hagrid-sample-30k-384p\hagrid_30k\train_val_like\d76b6e66-7853-4b52-87d9-754de034a8e5.jpg,no_hand
train,like,data\hagrid_sample\hagrid-sample-30k-384p\hagrid_30k\train_val_like\239d5f7f-9582-4716-92d3-24343ee0ce19.jpg,multiple_hands
train,like,data\hagrid_sample\hagrid-sample-30k-384p\hagrid_30k\train_val_like\69a7a4da-9c32-4673-8a87-6b4b8829e28f.jpg,multiple_hands
train,like,data\hagrid_sample\hagrid-sample-30k-384p\hagrid_30k\train_val_like\339decb9-0452-4b8f-9e03-7411f86c74e8.jpg,no_hand
train,like,data\hagrid_sample\hagrid-sample-30k-384p\hagrid_30k\train_val_like\39195f8b-9cc4-4521-93a1-df377b546721.jpg,multiple_hands
train,like,data\hagrid_sample\hagrid-sample-30k-384p\hagrid_30k\train_val_like\90c4a5a8-1cf2-404f-98a6-954fcd585606.jpg,multiple_hands
train,like,data\hagrid_sample\hagrid-sample-30k-384p\hagrid_30k\train_val_like\bb96c6a9-8c6b-4ff6-95e8-ff080be8b1af.jpg,no_hand
train,like,data\hagrid_sample\hagrid-sample-30k-384p\hagrid_30k\train_val_like\f4204e7d-d4e9-494e-ad4e-09d5e268399e.jpg,multiple_hands
train,like,data\hagrid_sample\hagrid-sample-30k-384p\hagrid_30k\train_val_like\d9dcf485-b6b5-4480-a0ec-1f388add9119.jpg,multiple_hands
train,like,data\hagrid_sample\hagrid-sample-30k-384p\hagrid_30k\train_val_like\ab5ba7c0-ef1d-4fac-8fc8-78d9e8cfdc7d.jpg,multiple_hands
train,like,data\hagrid_sample\hagrid-sample-30k-384p\hagrid_30k\train_val_like\f1c93d6c-8254-4fa0-bdc9-8ed3fc1c574e.jpg,no_hand
train,like,data\hagrid_sample\hagrid-sample-30k-384p\hagrid_30k\train_val_like\bff05cc6-3494-467a-bf87-5ee4c73255a6.jpg,multiple_hands
train,like,data\hagrid_sample\hagrid-sample-30k-384p\hagrid_30k\train_val_like\49fad3f6-64f4-42e8-845c-3aa1f65bab53.jpg,no_hand
train,like,data\hagrid_sample\hagrid-sample-30k-384p\hagrid_30k\train_val_like\cd72e12d-8a8d-4606-ab37-e93983dddcf6.jpg,multiple_hands
train,like,data\hagrid_sample\hagrid-sample-30k-384p\hagrid_30k\train_val_like\ede16cc4-1ef5-40ae-b969-284462ff7e16.jpg,no_hand
train,like,data\hagrid_sample\hagrid-sample-30k-384p\hagrid_30k\train_val_like\9c2c0bbd-ed06-4b67-8c85-1a7068e564a4.jpg,multiple_hands
train,like,data\hagrid_sample\hagrid-sample-30k-384p\hagrid_30k\train_val_like\59595f95-ec21-4c77-b99f-d14d124c3217.jpg,no_hand
train,like,data\hagrid_sample\hagrid-sample-30k-384p\hagrid_30k\train_val_like\fb23d996-f37c-4a9b-9da8-94c6b69a3877.jpg,multiple_hands
train,like,data\hagrid_sample\hagrid-sample-30k-384p\hagrid_30k\train_val_like\8b16ec65-5793-449f-af4a-6140ca518fe0.jpg,multiple_hands
train,like,data\hagrid_sample\hagrid-sample-30k-384p\hagrid_30k\train_val_like\9e829a15-0579-47ea-8a9a-f792bf0f4157.jpg,multiple_hands
train,like,data\hagrid_sample\hagrid-sample-30k-384p\hagrid_30k\train_val_like\dca14920-cb9c-4fa2-849f-a962a9f2356f.jpg,multiple_hands
train,like,data\hagrid_sample\hagrid-sample-30k-384p\hagrid_30k\train_val_like\a3316bcd-867e-48cb-909c-c1102910983d.jpg,multiple_hands
train,like,data\hagrid_sample\hagrid-sample-30k-384p\hagrid_30k\train_val_like\a869ae2d-76ac-4ad6-bcdd-6d147c965881.jpg,multiple_hands
train,like,data\hagrid_sample\hagrid-sample-30k-384p\hagrid_30k\train_val_like\2ae35b39-13d2-4d18-9397-5351211cc925.jpg,no_hand
train,like,data\hagrid_sample\hagrid-sample-30k-384p\hagrid_30k\train_val_like\824cf47d-8a30-4f9a-a607-0eff6dd0697d.jpg,multiple_hands
train,like,data\hagrid_sample\hagrid-sample-30k-384p\hagrid_30k\train_val_like\54367880-cd82-4f48-b1e6-b6c8fbc6ea5a.jpg,multiple_hands
train,like,data\hagrid_sample\hagrid-sample-30k-384p\hagrid_30k\train_val_like\c70409ab-a64f-4aeb-a70f-25e021b2ba8d.jpg,no_hand
train,like,data\hagrid_sample\hagrid-sample-30k-384p\hagrid_30k\train_val_like\7ec9d1d3-d47d-46c3-84d3-e848b84e96e2.jpg,no_hand
train,like,data\hagrid_sample\hagrid-sample-30k-384p\hagrid_30k\train_val_like\8fe8a44e-8d4d-43e5-8464-a17cd7ae9f83.jpg,multiple_hands
train,like,data\hagrid_sample\hagrid-sample-30k-384p\hagrid_30k\train_val_like\dddf8c4c-d9e2-4ff1-b5c7-33035e47e5c6.jpg,multiple_hands
train,like,data\hagrid_sample\hagrid-sample-30k-384p\hagrid_30k\train_val_like\a02499d6-2b0c-44fd-8367-f4461db15877.jpg,multiple_hands
train,like,data\hagrid_sample\hagrid-sample-30k-384p\hagrid_30k\train_val_like\66f8bc14-6bd4-465f-84a1-69f0901eee49.jpg,multiple_hands
train,like,data\hagrid_sample\hagrid-sample-30k-384p\hagrid_30k\train_val_like\81cd2c48-a3e8-4876-9585-84b53b3ccc25.jpg,multiple_hands
train,like,data\hagrid_sample\hagrid-sample-30k-384p\hagrid_30k\train_val_like\0c21c050-7d36-4601-adfd-28f60bee270c.jpg,no_hand
train,like,data\hagrid_sample\hagrid-sample-30k-384p\hagrid_30k\train_val_like\d6fa9bf7-8d08-4e3b-87b8-5b6da687bd50.jpg,multiple_hands
train,like,data\hagrid_sample\hagrid-sample-30k-384p\hagrid_30k\train_val_like\f11435a6-edec-4a04-884b-1dd224b248f7.jpg,no_hand
train,like,data\hagrid_sample\hagrid-sample-30k-384p\hagrid_30k\train_val_like\51b9cb46-d2d5-448e-8153-4604b6d03a48.jpg,multiple_hands
train,like,data\hagrid_sample\hagrid-sample-30k-384p\hagrid_30k\train_val_like\2370343a-f0d8-44f3-85c2-ee2d2f74a8cf.jpg,no_hand
train,like,data\hagrid_sample\hagrid-sample-30k-384p\hagrid_30k\train_val_like\99776cd0-1d2e-4e83-ae01-978da19943ac.jpg,no_hand
train,like,data\hagrid_sample\hagrid-sample-30k-384p\hagrid_30k\train_val_like\528b41c1-b994-4d04-88f9-3a85dbdb087d.jpg,multiple_hands
train,like,data\hagrid_sample\hagrid-sample-30k-384p\hagrid_30k\train_val_like\7a840be1-06bb-4573-a2d0-2524f501a845.jpg,no_hand
train,like,data\hagrid_sample\hagrid-sample-30k-384p\hagrid_30k\train_val_like\34a6b0fc-e4d3-4919-9725-5b2d7d3317b8.jpg,no_hand
train,like,data\hagrid_sample\hagrid-sample-30k-384p\hagrid_30k\train_val_like\55e9e9fd-5dc2-4e30-bdd6-9a9493cb2174.jpg,no_hand
train,like,data\hagrid_sample\hagrid-sample-30k-384p\hagrid_30k\train_val_like\2348a8a4-4a72-4935-af2a-74dc87e94277.jpg,multiple_hands
train,like,data\hagrid_sample\hagrid-sample-30k-384p\hagrid_30k\train_val_like\95f4a509-fdaf-41e2-9af8-fc4536c9275c.jpg,multiple_hands
train,like,data\hagrid_sample\hagrid-sample-30k-384p\hagrid_30k\train_val_like\430bc5cd-d96e-4c46-9f60-e56cabf3d1eb.jpg,multiple_hands
train,like,data\hagrid_sample\hagrid-sample-30k-384p\hagrid_30k\train_val_like\28e883b5-b4b9-4f77-8be9-997f6b0725df.jpg,multiple_hands
train,like,data\hagrid_sample\hagrid-sample-30k-384p\hagrid_30k\train_val_like\eb1a07ae-2353-4745-a0be-20fc5c9d4738.jpg,multiple_hands
train,like,data\hagrid_sample\hagrid-sample-30k-384p\hagrid_30k\train_val_like\61a914b1-8836-4ffb-a6f7-e9d37913523b.jpg,multiple_hands
train,like,data\hagrid_sample\hagrid-sample-30k-384p\hagrid_30k\train_val_like\947903bd-627d-4278-bb95-35f4a55ec199.jpg,no_hand
train,like,data\hagrid_sample\hagrid-sample-30k-384p\hagrid_30k\train_val_like\c0aea149-493c-4a70-a380-1816944c7514.jpg,multiple_hands
train,like,data\hagrid_sample\hagrid-sample-30k-384p\hagrid_30k\train_val_like\dc22fd8a-9844-4289-951e-add3cf958b65.jpg,multiple_hands
train,like,data\hagrid_sample\hagrid-sample-30k-384p\hagrid_30k\train_val_like\3f45db9b-b870-4d9b-8d95-9f91d24687d7.jpg,multiple_hands
train,like,data\hagrid_sample\hagrid-sample-30k-384p\hagrid_30k\train_val_like\91898692-a861-49e1-ab36-691e3401d2a1.jpg,no_hand
train,like,data\hagrid_sample\hagrid-sample-30k-384p\hagrid_30k\train_val_like\f5e32127-7c6c-40bc-b583-6abfcc17d749.jpg,no_hand
train,like,data\hagrid_sample\hagrid-sample-30k-384p\hagrid_30k\train_val_like\e543cf04-0718-46c1-baf5-709b645a97ed.jpg,multiple_hands
train,like,data\hagrid_sample\hagrid-sample-30k-384p\hagrid_30k\train_val_like\c3e6b74d-a46f-4efe-be3c-34a151e6e917.jpg,multiple_hands
train,like,data\hagrid_sample\hagrid-sample-30k-384p\hagrid_30k\train_val_like\0f4bed9a-9393-4e71-9290-7ba9339c8d63.jpg,no_hand
train,like,data\hagrid_sample\hagrid-sample-30k-384p\hagrid_30k\train_val_like\1e16d717-a509-4b46-87f5-6dc1114f3249.jpg,multiple_hands
val,like,data\hagrid_sample\hagrid-sample-30k-384p\hagrid_30k\train_val_like\a3df53eb-41a6-41a4-8f8e-ced43bc3c70a.jpg,multiple_hands
val,like,data\hagrid_sample\hagrid-sample-30k-384p\hagrid_30k\train_val_like\7c2f62d0-3056-448b-af79-205a0c8937d0.jpg,no_hand
val,like,data\hagrid_sample\hagrid-sample-30k-384p\hagrid_30k\train_val_like\b3fc3a13-0b96-432b-aa39-b8fa27f83aa8.jpg,no_hand
val,like,data\hagrid_sample\hagrid-sample-30k-384p\hagrid_30k\train_val_like\1080e3e9-1ab2-4064-a076-cc27658d095b.jpg,multiple_hands
val,like,data\hagrid_sample\hagrid-sample-30k-384p\hagrid_30k\train_val_like\300fdb11-fca6-43f6-8717-462ab759c89e.jpg,multiple_hands
val,like,data\hagrid_sample\hagrid-sample-30k-384p\hagrid_30k\train_val_like\66c57c2d-933d-4ac4-a9f6-f8c263dba7af.jpg,multiple_hands
val,like,data\hagrid_sample\hagrid-sample-30k-384p\hagrid_30k\train_val_like\de5de79b-1528-4b4f-9115-de228f539698.jpg,multiple_hands
val,like,data\hagrid_sample\hagrid-sample-30k-384p\hagrid_30k\train_val_like\31304134-57a2-41cd-85b1-4abb850d6dd2.jpg,multiple_hands
val,like,data\hagrid_sample\hagrid-sample-30k-384p\hagrid_30k\train_val_like\20b8a91c-a2a2-4ef2-afda-ee6af04fa65f.jpg,no_hand
val,like,data\hagrid_sample\hagrid-sample-30k-384p\hagrid_30k\train_val_like\a6f58005-7c7f-4085-a54c-d43c1af72e13.jpg,no_hand
val,like,data\hagrid_sample\hagrid-sample-30k-384p\hagrid_30k\train_val_like\0a49636f-b2ca-4edc-bb58-31bd11b6cd14.jpg,no_hand
val,like,data\hagrid_sample\hagrid-sample-30k-384p\hagrid_30k\train_val_like\44a5d737-231d-475c-8409-59397377c516.jpg,multiple_hands
val,like,data\hagrid_sample\hagrid-sample-30k-384p\hagrid_30k\train_val_like\b5575918-b14e-4848-8e31-ee1724b2a596.jpg,no_hand
val,like,data\hagrid_sample\hagrid-sample-30k-384p\hagrid_30k\train_val_like\7325721c-78e8-4a2e-9aab-f586eb0019d1.jpg,multiple_hands
val,like,data\hagrid_sample\hagrid-sample-30k-384p\hagrid_30k\train_val_like\959f5d39-54e8-4562-80bf-2539b5c18e89.jpg,multiple_hands
val,like,data\hagrid_sample\hagrid-sample-30k-384p\hagrid_30k\train_val_like\c7d67136-cbff-4037-b315-556cc2580df9.jpg,no_hand
val,like,data\hagrid_sample\hagrid-sample-30k-384p\hagrid_30k\train_val_like\852ca481-5dba-4a5f-9287-51ba59a642e7.jpg,multiple_hands
val,like,data\hagrid_sample\hagrid-sample-30k-384p\hagrid_30k\train_val_like\e4aebc9e-ff5c-4144-b08a-be0c128d9690.jpg,multiple_hands
val,like,data\hagrid_sample\hagrid-sample-30k-384p\hagrid_30k\train_val_like\0ee50fee-0662-406f-8e39-795e53c118e9.jpg,no_hand
val,like,data\hagrid_sample\hagrid-sample-30k-384p\hagrid_30k\train_val_like\e7d6ac1e-6009-425f-ad9c-ac54a403eb17.jpg,multiple_hands
val,like,data\hagrid_sample\hagrid-sample-30k-384p\hagrid_30k\train_val_like\21addb27-93c5-4250-a512-d3b3b51bf815.jpg,no_hand
val,like,data\hagrid_sample\hagrid-sample-30k-384p\hagrid_30k\train_val_like\4013c8f8-eab3-4954-8026-981247ea3c16.jpg,multiple_hands
val,like,data\hagrid_sample\hagrid-sample-30k-384p\hagrid_30k\train_val_like\af62c455-c2d4-4701-9bd8-508d21d011f7.jpg,multiple_hands
val,like,data\hagrid_sample\hagrid-sample-30k-384p\hagrid_30k\train_val_like\37cc509e-a8f2-4632-aeb6-a85f7c149fdd.jpg,multiple_hands
val,like,data\hagrid_sample\hagrid-sample-30k-384p\hagrid_30k\train_val_like\aaf344f1-1e28-4bff-be81-45a7334f65f5.jpg,multiple_hands
val,like,data\hagrid_sample\hagrid-sample-30k-384p\hagrid_30k\train_val_like\27b4840f-7a7e-4002-9c75-5aa940383f4c.jpg,multiple_hands
val,like,data\hagrid_sample\hagrid-sample-30k-384p\hagrid_30k\train_val_like\597c96fb-58e3-426a-b9c2-bcea2c1a7763.jpg,no_hand
val,like,data\hagrid_sample\hagrid-sample-30k-384p\hagrid_30k\train_val_like\5d2d1963-ce76-402b-8bbc-85ec53b17c55.jpg,multiple_hands
val,like,data\hagrid_sample\hagrid-sample-30k-384p\hagrid_30k\train_val_like\620c77dd-ba20-41e2-aecc-d7005438f420.jpg,no_hand
val,like,data\hagrid_sample\hagrid-sample-30k-384p\hagrid_30k\train_val_like\1f6b710e-6754-4568-996b-d40f3ca5056b.jpg,multiple_hands
val,like,data\hagrid_sample\hagrid-sample-30k-384p\hagrid_30k\train_val_like\71b6e278-4dfd-4dd1-82d7-ad67ea925f13.jpg,no_hand
val,like,data\hagrid_sample\hagrid-sample-30k-384p\hagrid_30k\train_val_like\9fab9631-021e-4a62-995f-106acf88a11b.jpg,no_hand
val,like,data\hagrid_sample\hagrid-sample-30k-384p\hagrid_30k\train_val_like\1260042d-82f3-4e07-b9da-bb6d8524310f.jpg,no_hand
val,like,data\hagrid_sample\hagrid-sample-30k-384p\hagrid_30k\train_val_like\367d215d-5a26-40e0-9f7b-5ca3b2bb8e60.jpg,no_hand
val,like,data\hagrid_sample\hagrid-sample-30k-384p\hagrid_30k\train_val_like\677655db-cddf-41ea-9c5e-27cc01406d3d.jpg,multiple_hands
val,like,data\hagrid_sample\hagrid-sample-30k-384p\hagrid_30k\train_val_like\f0516fbc-ab9e-4948-8a8c-1fd6f4d8fa11.jpg,multiple_hands
val,like,data\hagrid_sample\hagrid-sample-30k-384p\hagrid_30k\train_val_like\ef972a5f-953f-4722-a600-5f37c1001023.jpg,no_hand
val,like,data\hagrid_sample\hagrid-sample-30k-384p\hagrid_30k\train_val_like\b0996c4f-8f1b-40fd-9891-428e4b81c40b.jpg,multiple_hands
val,like,data\hagrid_sample\hagrid-sample-30k-384p\hagrid_30k\train_val_like\116f631a-5c08-47b0-b242-62c17a408665.jpg,no_hand
val,like,data\hagrid_sample\hagrid-sample-30k-384p\hagrid_30k\train_val_like\0b9d5474-61df-4d79-982a-a84e20445398.jpg,multiple_hands
val,like,data\hagrid_sample\hagrid-sample-30k-384p\hagrid_30k\train_val_like\c76d5be1-5dca-4966-8df9-1fd2b7fb7da7.jpg,no_hand
val,like,data\hagrid_sample\hagrid-sample-30k-384p\hagrid_30k\train_val_like\cc4a716d-bedc-46a4-aa35-638162e2ada0.jpg,multiple_hands
val,like,data\hagrid_sample\hagrid-sample-30k-384p\hagrid_30k\train_val_like\c4fc4b90-82c0-4bd0-9278-8e9f3a74c895.jpg,multiple_hands
val,like,data\hagrid_sample\hagrid-sample-30k-384p\hagrid_30k\train_val_like\6cff4f2d-7f83-486b-812b-addf5051b99b.jpg,no_hand
val,like,data\hagrid_sample\hagrid-sample-30k-384p\hagrid_30k\train_val_like\ae9fb1b5-7b46-4ed5-a08b-fb4ac6b8e715.jpg,no_hand
val,like,data\hagrid_sample\hagrid-sample-30k-384p\hagrid_30k\train_val_like\42e4dd0a-4875-4723-93f7-3d839575c708.jpg,no_hand
val,like,data\hagrid_sample\hagrid-sample-30k-384p\hagrid_30k\train_val_like\eab7e35f-f6bd-4071-be65-25d02761418a.jpg,multiple_hands
val,like,data\hagrid_sample\hagrid-sample-30k-384p\hagrid_30k\train_val_like\30ccecd6-0946-4207-996d-4449c0a1cec0.jpg,multiple_hands
val,like,data\hagrid_sample\hagrid-sample-30k-384p\hagrid_30k\train_val_like\f1438f33-0b94-4d29-a303-c9f0d444a8fc.jpg,multiple_hands
val,like,data\hagrid_sample\hagrid-sample-30k-384p\hagrid_30k\train_val_like\11fbcdd8-6bd6-4954-8b7a-735752c7f1b5.jpg,multiple_hands
val,like,data\hagrid_sample\hagrid-sample-30k-384p\hagrid_30k\train_val_like\61097a4c-931c-4143-8d62-89f09a671314.jpg,no_hand
val,like,data\hagrid_sample\hagrid-sample-30k-384p\hagrid_30k\train_val_like\37455e39-d011-472e-bea6-4d96fb8bf533.jpg,multiple_hands
val,like,data\hagrid_sample\hagrid-sample-30k-384p\hagrid_30k\train_val_like\527493be-2ea3-4b31-94f1-5263f90c1ad9.jpg,multiple_hands
val,like,data\hagrid_sample\hagrid-sample-30k-384p\hagrid_30k\train_val_like\61ceeb62-ada5-4d38-a659-bcf68164c49c.jpg,multiple_hands
val,like,data\hagrid_sample\hagrid-sample-30k-384p\hagrid_30k\train_val_like\cf418c1c-9969-45c0-8ddf-093853f2e530.jpg,multiple_hands
val,like,data\hagrid_sample\hagrid-sample-30k-384p\hagrid_30k\train_val_like\d0e14502-e558-4af6-b69f-f0b70c8fc197.jpg,no_hand
val,like,data\hagrid_sample\hagrid-sample-30k-384p\hagrid_30k\train_val_like\8755988d-f4f7-4a67-b59b-f1e043204619.jpg,multiple_hands
val,like,data\hagrid_sample\hagrid-sample-30k-384p\hagrid_30k\train_val_like\53db2ed6-73e9-4d7c-b59d-a940a10b88fa.jpg,multiple_hands
val,like,data\hagrid_sample\hagrid-sample-30k-384p\hagrid_30k\train_val_like\41adad3f-b7f9-4fee-abd1-f33b83d39a28.jpg,no_hand
val,like,data\hagrid_sample\hagrid-sample-30k-384p\hagrid_30k\train_val_like\81b6102d-cce8-452b-bcb5-6fdae81de8a5.jpg,multiple_hands
val,like,data\hagrid_sample\hagrid-sample-30k-384p\hagrid_30k\train_val_like\2631cb45-32ab-41da-8abc-f522fb003a88.jpg,no_hand
val,like,data\hagrid_sample\hagrid-sample-30k-384p\hagrid_30k\train_val_like\64f97089-02aa-4387-9e50-2ef21af2ea94.jpg,no_hand
val,like,data\hagrid_sample\hagrid-sample-30k-384p\hagrid_30k\train_val_like\06979341-a9ee-49bc-8303-d1c68e360bd3.jpg,multiple_hands
val,like,data\hagrid_sample\hagrid-sample-30k-384p\hagrid_30k\train_val_like\d7b20cf6-6c74-4068-ae37-7cb991152497.jpg,no_hand
val,like,data\hagrid_sample\hagrid-sample-30k-384p\hagrid_30k\train_val_like\3c7c7def-a708-4abf-acf8-0c6aa80e2f4a.jpg,no_hand
val,like,data\hagrid_sample\hagrid-sample-30k-384p\hagrid_30k\train_val_like\133c33ea-edb6-40ef-80cc-79a97636ae0e.jpg,no_hand
val,like,data\hagrid_sample\hagrid-sample-30k-384p\hagrid_30k\train_val_like\e39f0b64-7a61-4368-8d4c-e1b27fd57e91.jpg,multiple_hands
test,like,data\hagrid_sample\hagrid-sample-30k-384p\hagrid_30k\train_val_like\8c29a446-df79-40a8-bc56-492475076a0f.jpg,no_hand
test,like,data\hagrid_sample\hagrid-sample-30k-384p\hagrid_30k\train_val_like\89327e1d-1c1d-4f18-990e-daaa0428dec8.jpg,multiple_hands
test,like,data\hagrid_sample\hagrid-sample-30k-384p\hagrid_30k\train_val_like\7aa80c18-7248-4bab-a3c9-8169cea51014.jpg,multiple_hands
test,like,data\hagrid_sample\hagrid-sample-30k-384p\hagrid_30k\train_val_like\eefce8bb-7290-487c-ad55-1cbbb30dd2c4.jpg,multiple_hands
test,like,data\hagrid_sample\hagrid-sample-30k-384p\hagrid_30k\train_val_like\f4de0389-f1f5-4d5e-9a7d-ec53296a9688.jpg,multiple_hands
test,like,data\hagrid_sample\hagrid-sample-30k-384p\hagrid_30k\train_val_like\41c7ac81-2160-4b14-bc99-c18b07def9bd.jpg,multiple_hands
test,like,data\hagrid_sample\hagrid-sample-30k-384p\hagrid_30k\train_val_like\1c4b93f0-1f94-4518-b216-5609c4044f6a.jpg,no_hand
test,like,data\hagrid_sample\hagrid-sample-30k-384p\hagrid_30k\train_val_like\fd1c4a4e-a2fa-4480-9f73-8d01f166a0c4.jpg,multiple_hands
test,like,data\hagrid_sample\hagrid-sample-30k-384p\hagrid_30k\train_val_like\a2dc3743-3101-425d-8795-0d3f91e2e530.jpg,multiple_hands
test,like,data\hagrid_sample\hagrid-sample-30k-384p\hagrid_30k\train_val_like\5f591cde-77dd-4538-899d-b9a669d7fc7d.jpg,multiple_hands
test,like,data\hagrid_sample\hagrid-sample-30k-384p\hagrid_30k\train_val_like\20f34fd3-98e3-4c74-ad1f-b0a4ff71006e.jpg,multiple_hands
test,like,data\hagrid_sample\hagrid-sample-30k-384p\hagrid_30k\train_val_like\22071ae5-cc80-4535-8137-90d069c05558.jpg,no_hand
test,like,data\hagrid_sample\hagrid-sample-30k-384p\hagrid_30k\train_val_like\17099106-d6e0-4e33-9445-2d37041d036c.jpg,multiple_hands
test,like,data\hagrid_sample\hagrid-sample-30k-384p\hagrid_30k\train_val_like\895d8173-e3af-4251-a15b-6c42370cc978.jpg,no_hand
test,like,data\hagrid_sample\hagrid-sample-30k-384p\hagrid_30k\train_val_like\5fb4caa5-3a98-4f2c-828d-0a7e0b93df44.jpg,no_hand
test,like,data\hagrid_sample\hagrid-sample-30k-384p\hagrid_30k\train_val_like\ee03cf26-e2d5-4272-89c0-8a4b5ad61b59.jpg,multiple_hands
test,like,data\hagrid_sample\hagrid-sample-30k-384p\hagrid_30k\train_val_like\173174f4-01b3-43ae-993a-14291ced270c.jpg,no_hand
test,like,data\hagrid_sample\hagrid-sample-30k-384p\hagrid_30k\train_val_like\77c310c3-980c-48b2-a50b-e3cb7908c8b4.jpg,multiple_hands
test,like,data\hagrid_sample\hagrid-sample-30k-384p\hagrid_30k\train_val_like\1df17b02-ac62-4d03-81dd-22e04cea38c2.jpg,no_hand
test,like,data\hagrid_sample\hagrid-sample-30k-384p\hagrid_30k\train_val_like\afe05bda-7f78-40e8-a628-feacb037da02.jpg,multiple_hands
test,like,data\hagrid_sample\hagrid-sample-30k-384p\hagrid_30k\train_val_like\1a3533b3-5afc-4683-9760-0c1c143bee2d.jpg,multiple_hands
test,like,data\hagrid_sample\hagrid-sample-30k-384p\hagrid_30k\train_val_like\fdc091ef-001b-4092-a81c-e2b12dcfcd19.jpg,multiple_hands
test,like,data\hagrid_sample\hagrid-sample-30k-384p\hagrid_30k\train_val_like\4679c931-26f3-4869-bdc2-471c68cd2ba9.jpg,no_hand
test,like,data\hagrid_sample\hagrid-sample-30k-384p\hagrid_30k\train_val_like\7f9309df-b5ab-427a-bab8-014779584d76.jpg,no_hand
test,like,data\hagrid_sample\hagrid-sample-30k-384p\hagrid_30k\train_val_like\72743f99-b577-4f13-854d-f59cd18e533a.jpg,no_hand
test,like,data\hagrid_sample\hagrid-sample-30k-384p\hagrid_30k\train_val_like\c67b2a98-1754-4bcc-a10b-62a5dda68b08.jpg,multiple_hands
test,like,data\hagrid_sample\hagrid-sample-30k-384p\hagrid_30k\train_val_like\f30d66d2-424f-47c3-857f-7f6e9f182da2.jpg,multiple_hands
test,like,data\hagrid_sample\hagrid-sample-30k-384p\hagrid_30k\train_val_like\c0699aa2-8651-45a3-93a1-d62411a1a6e8.jpg,multiple_hands
test,like,data\hagrid_sample\hagrid-sample-30k-384p\hagrid_30k\train_val_like\074f0d83-6822-4d2c-8056-c0131738a0f6.jpg,multiple_hands
test,like,data\hagrid_sample\hagrid-sample-30k-384p\hagrid_30k\train_val_like\95c1928a-84fd-4682-bd46-eb943e049a34.jpg,multiple_hands
test,like,data\hagrid_sample\hagrid-sample-30k-384p\hagrid_30k\train_val_like\b32083b4-f4f7-4367-8c5c-6aefb187419c.jpg,multiple_hands
test,like,data\hagrid_sample\hagrid-sample-30k-384p\hagrid_30k\train_val_like\49cffbf9-4db3-4168-a75f-b013535542f5.jpg,multiple_hands
test,like,data\hagrid_sample\hagrid-sample-30k-384p\hagrid_30k\train_val_like\5c3ac2a1-dff7-4fd9-adad-a0fec1e9e4b0.jpg,multiple_hands
test,like,data\hagrid_sample\hagrid-sample-30k-384p\hagrid_30k\train_val_like\f1627ebf-27e3-4781-8beb-4af1b8f824a4.jpg,no_hand
test,like,data\hagrid_sample\hagrid-sample-30k-384p\hagrid_30k\train_val_like\feb33807-2626-476b-8c10-277e948bbf65.jpg,no_hand
test,like,data\hagrid_sample\hagrid-sample-30k-384p\hagrid_30k\train_val_like\8d002ce2-e85f-4fc7-90f7-b8dd819538c3.jpg,multiple_hands
test,like,data\hagrid_sample\hagrid-sample-30k-384p\hagrid_30k\train_val_like\d261e497-7d89-41e3-adbd-a687c6c09f36.jpg,no_hand
test,like,data\hagrid_sample\hagrid-sample-30k-384p\hagrid_30k\train_val_like\9cd455df-acb7-4c0e-b7dd-c629a6f06803.jpg,no_hand
test,like,data\hagrid_sample\hagrid-sample-30k-384p\hagrid_30k\train_val_like\104d6984-8628-46a7-931c-de1f4632c4c6.jpg,multiple_hands
test,like,data\hagrid_sample\hagrid-sample-30k-384p\hagrid_30k\train_val_like\cb3bed29-a42c-4510-947a-d1f1e4d1262c.jpg,multiple_hands
test,like,data\hagrid_sample\hagrid-sample-30k-384p\hagrid_30k\train_val_like\713ab82e-c2d8-4e47-ae8d-0ccb1b2d5a7e.jpg,multiple_hands
test,like,data\hagrid_sample\hagrid-sample-30k-384p\hagrid_30k\train_val_like\f29828a6-876f-40a8-9b71-caf30649f7c0.jpg,multiple_hands
test,like,data\hagrid_sample\hagrid-sample-30k-384p\hagrid_30k\train_val_like\7e8f5beb-3e02-43cc-9389-25271c11a8f9.jpg,no_hand
test,like,data\hagrid_sample\hagrid-sample-30k-384p\hagrid_30k\train_val_like\61ec2cf8-8a6b-430f-83e4-2fb4dcabcad4.jpg,no_hand
test,like,data\hagrid_sample\hagrid-sample-30k-384p\hagrid_30k\train_val_like\a818d205-0b3f-4469-91a5-434e6db50186.jpg,multiple_hands
test,like,data\hagrid_sample\hagrid-sample-30k-384p\hagrid_30k\train_val_like\dae452ae-b7ac-4acb-8b2a-ddd9fe22eaa9.jpg,no_hand
test,like,data\hagrid_sample\hagrid-sample-30k-384p\hagrid_30k\train_val_like\d91dd858-0bc0-4c46-a51a-dcd1907bb956.jpg,multiple_hands
test,like,data\hagrid_sample\hagrid-sample-30k-384p\hagrid_30k\train_val_like\0db2b087-42ec-462c-b41b-f85ef8e063b1.jpg,multiple_hands
test,like,data\hagrid_sample\hagrid-sample-30k-384p\hagrid_30k\train_val_like\fe6042c3-d733-4c2a-87fb-02f807f63237.jpg,no_hand
test,like,data\hagrid_sample\hagrid-sample-30k-384p\hagrid_30k\train_val_like\4589686f-84af-4fbc-aa5f-2cd225702e9d.jpg,no_hand
test,like,data\hagrid_sample\hagrid-sample-30k-384p\hagrid_30k\train_val_like\ae13be5b-5979-4f06-a350-03e89e4d415a.jpg,multiple_hands
test,like,data\hagrid_sample\hagrid-sample-30k-384p\hagrid_30k\train_val_like\e4370575-70a2-4e4e-b4e3-4d0cd10cfb81.jpg,multiple_hands
test,like,data\hagrid_sample\hagrid-sample-30k-384p\hagrid_30k\train_val_like\11217219-75c0-4bbc-aab6-493b82458d59.jpg,multiple_hands
test,like,data\hagrid_sample\hagrid-sample-30k-384p\hagrid_30k\train_val_like\6d837eff-e43b-45a9-ae37-c85dd560f436.jpg,no_hand
test,like,data\hagrid_sample\hagrid-sample-30k-384p\hagrid_30k\train_val_like\9b504e6a-eae4-45b8-85bf-1473babbdf56.jpg,no_hand
test,like,data\hagrid_sample\hagrid-sample-30k-384p\hagrid_30k\train_val_like\be0997cb-0a45-47d5-8d8f-6a0b25be28e4.jpg,no_hand
test,like,data\hagrid_sample\hagrid-sample-30k-384p\hagrid_30k\train_val_like\aebe489d-8fbd-49ed-b462-9afb0f64e16a.jpg,no_hand
test,like,data\hagrid_sample\hagrid-sample-30k-384p\hagrid_30k\train_val_like\507f9fde-d94d-4f6c-9a2c-4cdb90fef58b.jpg,no_hand
test,like,data\hagrid_sample\hagrid-sample-30k-384p\hagrid_30k\train_val_like\f5859bc7-b827-4ce2-9cfc-285553f5f1c1.jpg,multiple_hands
test,like,data\hagrid_sample\hagrid-sample-30k-384p\hagrid_30k\train_val_like\330db442-84f5-47e5-953f-73d237ed9370.jpg,no_hand
test,like,data\hagrid_sample\hagrid-sample-30k-384p\hagrid_30k\train_val_like\4f2fc837-49d2-4f5c-a86f-917aa5c8d1bb.jpg,multiple_hands
test,like,data\hagrid_sample\hagrid-sample-30k-384p\hagrid_30k\train_val_like\9f05cd7c-79cd-4f74-9414-1ab83c03a5e1.jpg,multiple_hands
test,like,data\hagrid_sample\hagrid-sample-30k-384p\hagrid_30k\train_val_like\6964eb50-71e6-4227-9b44-5222bfcb4d93.jpg,no_hand
test,like,data\hagrid_sample\hagrid-sample-30k-384p\hagrid_30k\train_val_like\03996086-897a-40a4-81da-820050db4a66.jpg,no_hand
test,like,data\hagrid_sample\hagrid-sample-30k-384p\hagrid_30k\train_val_like\2aae7316-1007-49e7-80d3-8e8957af3528.jpg,multiple_hands
test,like,data\hagrid_sample\hagrid-sample-30k-384p\hagrid_30k\train_val_like\b82a8e72-8844-4106-ac87-e8b20fe4bc16.jpg,no_hand
test,like,data\hagrid_sample\hagrid-sample-30k-384p\hagrid_30k\train_val_like\244d0f87-4e7c-440b-92b0-1abda558543d.jpg,multiple_hands
test,like,data\hagrid_sample\hagrid-sample-30k-384p\hagrid_30k\train_val_like\d30503a1-c99e-4d7c-91ce-f7db0f778882.jpg,multiple_hands
test,like,data\hagrid_sample\hagrid-sample-30k-384p\hagrid_30k\train_val_like\5e448179-1aa0-4b88-a2d6-4841a6fbd7db.jpg,multiple_hands
test,like,data\hagrid_sample\hagrid-sample-30k-384p\hagrid_30k\train_val_like\c286ef68-45dc-4c83-9cfb-e5e886aedd8e.jpg,multiple_hands
train,ok,data\hagrid_sample\hagrid-sample-30k-384p\hagrid_30k\train_val_ok\892a6c62-589f-4106-9511-0bbac1811b36.jpg,no_hand
train,ok,data\hagrid_sample\hagrid-sample-30k-384p\hagrid_30k\train_val_ok\50ad7590-3f99-4984-a354-f01c2f4033ef.jpg,multiple_hands
train,ok,data\hagrid_sample\hagrid-sample-30k-384p\hagrid_30k\train_val_ok\f0bb9e9f-b047-4337-960d-8323c06ee613.jpg,no_hand
train,ok,data\hagrid_sample\hagrid-sample-30k-384p\hagrid_30k\train_val_ok\645c1b2a-c4c7-4a9e-9c13-2b74f75132c6.jpg,no_hand
train,ok,data\hagrid_sample\hagrid-sample-30k-384p\hagrid_30k\train_val_ok\913179e8-e8b1-4665-9a67-4e8fe00e4e9f.jpg,no_hand
train,ok,data\hagrid_sample\hagrid-sample-30k-384p\hagrid_30k\train_val_ok\9b4bd72d-e482-4aeb-854e-bf35bd6225fd.jpg,no_hand
train,ok,data\hagrid_sample\hagrid-sample-30k-384p\hagrid_30k\train_val_ok\2157579f-3ab2-4f35-9de4-722ea071fe71.jpg,multiple_hands
train,ok,data\hagrid_sample\hagrid-sample-30k-384p\hagrid_30k\train_val_ok\965cfdad-fab7-4383-a849-3289d688636b.jpg,multiple_hands
train,ok,data\hagrid_sample\hagrid-sample-30k-384p\hagrid_30k\train_val_ok\ff5a10f9-9738-4437-9de0-4f33c5c9f1c3.jpg,multiple_hands
train,ok,data\hagrid_sample\hagrid-sample-30k-384p\hagrid_30k\train_val_ok\c08f42eb-5486-40d7-9522-da3570424932.jpg,no_hand
train,ok,data\hagrid_sample\hagrid-sample-30k-384p\hagrid_30k\train_val_ok\fb29972d-1290-4218-b17e-a795a7ea1642.jpg,multiple_hands
train,ok,data\hagrid_sample\hagrid-sample-30k-384p\hagrid_30k\train_val_ok\258b90e2-a3e5-4f5c-89c6-59285fea1b1c.jpg,multiple_hands
train,ok,data\hagrid_sample\hagrid-sample-30k-384p\hagrid_30k\train_val_ok\3c38c1bf-06b7-416a-a0c0-99219739389d.jpg,no_hand
train,ok,data\hagrid_sample\hagrid-sample-30k-384p\hagrid_30k\train_val_ok\991af3a8-8ff6-4bf9-8ebc-0565514cc4f4.jpg,no_hand
train,ok,data\hagrid_sample\hagrid-sample-30k-384p\hagrid_30k\train_val_ok\926268ac-8803-4b94-b9a9-d70b29623084.jpg,no_hand
train,ok,data\hagrid_sample\hagrid-sample-30k-384p\hagrid_30k\train_val_ok\3367cfcd-2c0d-4569-bbe4-c8fdb7a0d72c.jpg,no_hand
train,ok,data\hagrid_sample\hagrid-sample-30k-384p\hagrid_30k\train_val_ok\99bf0c99-c9e1-4023-9571-b1c72bd5acd4.jpg,no_hand
train,ok,data\hagrid_sample\hagrid-sample-30k-384p\hagrid_30k\train_val_ok\4884f441-8667-48f0-9633-fa86e14cee94.jpg,multiple_hands
train,ok,data\hagrid_sample\hagrid-sample-30k-384p\hagrid_30k\train_val_ok\10d4b2a7-5569-4e80-9edd-e7ec714604c2.jpg,multiple_hands
train,ok,data\hagrid_sample\hagrid-sample-30k-384p\hagrid_30k\train_val_ok\be68b033-251f-41cb-8120-74582a3fa56d.jpg,no_hand
train,ok,data\hagrid_sample\hagrid-sample-30k-384p\hagrid_30k\train_val_ok\c7fc8536-1bc3-48e8-ae61-b377e1b8fbcb.jpg,multiple_hands
train,ok,data\hagrid_sample\hagrid-sample-30k-384p\hagrid_30k\train_val_ok\9e86d3cb-453c-42ad-9726-bd3adc30c8db.jpg,no_hand
train,ok,data\hagrid_sample\hagrid-sample-30k-384p\hagrid_30k\train_val_ok\dfc9d71f-e880-49ca-9636-309ca67101b4.jpg,no_hand
train,ok,data\hagrid_sample\hagrid-sample-30k-384p\hagrid_30k\train_val_ok\7955c1fa-08a5-4e6b-b0ec-a4b98ca2f056.jpg,no_hand
train,ok,data\hagrid_sample\hagrid-sample-30k-384p\hagrid_30k\train_val_ok\b8ac67c6-ad12-4a54-806c-60b64aac2218.jpg,multiple_hands
train,ok,data\hagrid_sample\hagrid-sample-30k-384p\hagrid_30k\train_val_ok\595aa283-7379-4c18-8928-d01ef65f7bb8.jpg,multiple_hands
train,ok,data\hagrid_sample\hagrid-sample-30k-384p\hagrid_30k\train_val_ok\2c31e115-4cea-470a-885f-e72cbe6d9de2.jpg,no_hand
train,ok,data\hagrid_sample\hagrid-sample-30k-384p\hagrid_30k\train_val_ok\9bbc2035-63e8-4628-9372-b0bcb538ec8b.jpg,no_hand
train,ok,data\hagrid_sample\hagrid-sample-30k-384p\hagrid_30k\train_val_ok\60e7af98-a161-420d-9bc2-b84694e173af.jpg,multiple_hands
train,ok,data\hagrid_sample\hagrid-sample-30k-384p\hagrid_30k\train_val_ok\9009983a-ba06-4ee5-82cd-b6bdd827ec29.jpg,multiple_hands
train,ok,data\hagrid_sample\hagrid-sample-30k-384p\hagrid_30k\train_val_ok\4b956894-f386-4ed2-aa84-d29cbe26a074.jpg,multiple_hands
train,ok,data\hagrid_sample\hagrid-sample-30k-384p\hagrid_30k\train_val_ok\3ebf813d-241a-48f2-9301-af93839acdfe.jpg,multiple_hands
train,ok,data\hagrid_sample\hagrid-sample-30k-384p\hagrid_30k\train_val_ok\52854073-c9dd-4e81-812b-7c068d2581ff.jpg,multiple_hands
train,ok,data\hagrid_sample\hagrid-sample-30k-384p\hagrid_30k\train_val_ok\78db277a-8f0f-41e7-9064-4a857999df5a.jpg,no_hand
train,ok,data\hagrid_sample\hagrid-sample-30k-384p\hagrid_30k\train_val_ok\a6aef811-6465-41f9-bb20-7272e34266ae.jpg,multiple_hands
train,ok,data\hagrid_sample\hagrid-sample-30k-384p\hagrid_30k\train_val_ok\74285857-8f79-4218-a457-90195996d424.jpg,no_hand
train,ok,data\hagrid_sample\hagrid-sample-30k-384p\hagrid_30k\train_val_ok\bdde1978-f0e4-42aa-a84f-1617de31a628.jpg,no_hand
train,ok,data\hagrid_sample\hagrid-sample-30k-384p\hagrid_30k\train_val_ok\3b1cc693-4cdf-4f8d-b022-d7d1f20bdf8a.jpg,no_hand
train,ok,data\hagrid_sample\hagrid-sample-30k-384p\hagrid_30k\train_val_ok\e5583ec0-5807-47bc-aee3-00f7b8d89f51.jpg,multiple_hands
train,ok,data\hagrid_sample\hagrid-sample-30k-384p\hagrid_30k\train_val_ok\69539619-a165-4051-9499-f79bfd229029.jpg,multiple_hands
train,ok,data\hagrid_sample\hagrid-sample-30k-384p\hagrid_30k\train_val_ok\33118444-6b42-4030-8ddc-99629254fd39.jpg,multiple_hands
train,ok,data\hagrid_sample\hagrid-sample-30k-384p\hagrid_30k\train_val_ok\77a819ce-5f8c-463b-b46b-0e0fce303484.jpg,multiple_hands
train,ok,data\hagrid_sample\hagrid-sample-30k-384p\hagrid_30k\train_val_ok\7a068fd4-1ab3-40fb-9ffb-ef10d6e27cb3.jpg,multiple_hands
train,ok,data\hagrid_sample\hagrid-sample-30k-384p\hagrid_30k\train_val_ok\921baacc-e7ac-42a4-8ba3-b5831cdd20f1.jpg,multiple_hands
train,ok,data\hagrid_sample\hagrid-sample-30k-384p\hagrid_30k\train_val_ok\ba13255f-b7dd-4697-b474-07d2a73624ee.jpg,no_hand
train,ok,data\hagrid_sample\hagrid-sample-30k-384p\hagrid_30k\train_val_ok\53c3a8fb-9d5e-4c9d-85b5-c19caa83813b.jpg,multiple_hands
train,ok,data\hagrid_sample\hagrid-sample-30k-384p\hagrid_30k\train_val_ok\a760cd56-b4f9-4ace-afaa-f93a459b5269.jpg,no_hand
train,ok,data\hagrid_sample\hagrid-sample-30k-384p\hagrid_30k\train_val_ok\de1b61c6-984c-464f-aba6-ab98c934d832.jpg,multiple_hands
train,ok,data\hagrid_sample\hagrid-sample-30k-384p\hagrid_30k\train_val_ok\39cbe112-fc3e-4a42-bd25-c0f14ca4bcf9.jpg,multiple_hands
train,ok,data\hagrid_sample\hagrid-sample-30k-384p\hagrid_30k\train_val_ok\f13c5b3f-01bc-4a6c-ad5f-43bd03e071cf.jpg,multiple_hands
train,ok,data\hagrid_sample\hagrid-sample-30k-384p\hagrid_30k\train_val_ok\256b47cf-3106-4efa-8e76-336cf53974ad.jpg,multiple_hands
train,ok,data\hagrid_sample\hagrid-sample-30k-384p\hagrid_30k\train_val_ok\27c65f6d-2c43-4a10-8303-6fa3bfbffc43.jpg,multiple_hands
train,ok,data\hagrid_sample\hagrid-sample-30k-384p\hagrid_30k\train_val_ok\e607ed28-c654-462f-a389-df0c5dd8c34b.jpg,multiple_hands
train,ok,data\hagrid_sample\hagrid-sample-30k-384p\hagrid_30k\train_val_ok\73cf513c-862d-4b58-939b-7b911af50e2a.jpg,no_hand
train,ok,data\hagrid_sample\hagrid-sample-30k-384p\hagrid_30k\train_val_ok\ec9185ad-d7dc-43fe-82f8-031630ad90da.jpg,multiple_hands
train,ok,data\hagrid_sample\hagrid-sample-30k-384p\hagrid_30k\train_val_ok\b9114ccd-5f0e-4a76-bb3c-ac7843f9994f.jpg,multiple_hands
train,ok,data\hagrid_sample\hagrid-sample-30k-384p\hagrid_30k\train_val_ok\5a259078-c897-42ae-b6fe-0e302dbe1cb5.jpg,multiple_hands
train,ok,data\hagrid_sample\hagrid-sample-30k-384p\hagrid_30k\train_val_ok\2cedfa49-e2ef-45f2-b014-51327564e2ee.jpg,no_hand
train,ok,data\hagrid_sample\hagrid-sample-30k-384p\hagrid_30k\train_val_ok\d2c17678-f330-408c-9495-ab11d5c79d44.jpg,no_hand
train,ok,data\hagrid_sample\hagrid-sample-30k-384p\hagrid_30k\train_val_ok\493ea7fe-e7f6-4a07-8b56-6e1007f0e1c7.jpg,multiple_hands
train,ok,data\hagrid_sample\hagrid-sample-30k-384p\hagrid_30k\train_val_ok\217b4ea1-ed23-4d08-ad16-84032946c49f.jpg,multiple_hands
train,ok,data\hagrid_sample\hagrid-sample-30k-384p\hagrid_30k\train_val_ok\d4200c97-ea38-4f44-b627-cbe9c3beb840.jpg,no_hand
train,ok,data\hagrid_sample\hagrid-sample-30k-384p\hagrid_30k\train_val_ok\e278813e-44e5-4990-a79a-0a802495ed97.jpg,no_hand
train,ok,data\hagrid_sample\hagrid-sample-30k-384p\hagrid_30k\train_val_ok\eddc186c-bc40-4694-b6c9-713014e6f0ca.jpg,no_hand
train,ok,data\hagrid_sample\hagrid-sample-30k-384p\hagrid_30k\train_val_ok\8310d9b6-5d8f-4953-8a61-fe978457847e.jpg,multiple_hands
train,ok,data\hagrid_sample\hagrid-sample-30k-384p\hagrid_30k\train_val_ok\4eabafda-9c02-40b6-96f3-410aa3ccf729.jpg,no_hand
train,ok,data\hagrid_sample\hagrid-sample-30k-384p\hagrid_30k\train_val_ok\6280a2b5-05bc-408a-93e5-b6c804d9e9bd.jpg,multiple_hands
train,ok,data\hagrid_sample\hagrid-sample-30k-384p\hagrid_30k\train_val_ok\6e52dd98-0056-40af-9186-ae76333da4c8.jpg,multiple_hands
train,ok,data\hagrid_sample\hagrid-sample-30k-384p\hagrid_30k\train_val_ok\b691474b-e19f-4cb1-a3c7-705d5f3affee.jpg,multiple_hands
train,ok,data\hagrid_sample\hagrid-sample-30k-384p\hagrid_30k\train_val_ok\316d5fd7-6dfb-42b8-b811-8ed69b3662c0.jpg,multiple_hands
train,ok,data\hagrid_sample\hagrid-sample-30k-384p\hagrid_30k\train_val_ok\0089f3d7-6a04-4436-b8d0-454135e496ba.jpg,multiple_hands
train,ok,data\hagrid_sample\hagrid-sample-30k-384p\hagrid_30k\train_val_ok\6ef88cb9-1e20-410c-ae00-d887744b72a9.jpg,multiple_hands
train,ok,data\hagrid_sample\hagrid-sample-30k-384p\hagrid_30k\train_val_ok\484bc2cb-01be-4002-8ada-68e2c51a2408.jpg,multiple_hands
train,ok,data\hagrid_sample\hagrid-sample-30k-384p\hagrid_30k\train_val_ok\5922e2b8-b791-41af-92d4-d2708c5c2654.jpg,multiple_hands
train,ok,data\hagrid_sample\hagrid-sample-30k-384p\hagrid_30k\train_val_ok\bb93091b-df04-487b-bc14-da9ec7b9c1e1.jpg,multiple_hands
train,ok,data\hagrid_sample\hagrid-sample-30k-384p\hagrid_30k\train_val_ok\b9a1ff4a-19d6-4bc3-ba5b-de54a68d394a.jpg,multiple_hands
train,ok,data\hagrid_sample\hagrid-sample-30k-384p\hagrid_30k\train_val_ok\219976f1-83fe-41a1-9ba8-59833b03ffd3.jpg,multiple_hands
train,ok,data\hagrid_sample\hagrid-sample-30k-384p\hagrid_30k\train_val_ok\db2b76a0-6542-46d7-8950-4ff7c5bd59b0.jpg,no_hand
train,ok,data\hagrid_sample\hagrid-sample-30k-384p\hagrid_30k\train_val_ok\617b917d-c75a-46f8-9414-3576e351b9b0.jpg,multiple_hands
train,ok,data\hagrid_sample\hagrid-sample-30k-384p\hagrid_30k\train_val_ok\ed1f050c-5fa5-4021-9e1a-b3d4546b55ac.jpg,multiple_hands
train,ok,data\hagrid_sample\hagrid-sample-30k-384p\hagrid_30k\train_val_ok\8b24bf7d-31f6-4dbe-b35f-52cc2193bba7.jpg,multiple_hands
train,ok,data\hagrid_sample\hagrid-sample-30k-384p\hagrid_30k\train_val_ok\44d2688f-4219-40cd-a577-5aab3110f9ab.jpg,multiple_hands
train,ok,data\hagrid_sample\hagrid-sample-30k-384p\hagrid_30k\train_val_ok\fc7b897c-31d4-4bb1-856e-b3c249517ac7.jpg,multiple_hands
train,ok,data\hagrid_sample\hagrid-sample-30k-384p\hagrid_30k\train_val_ok\9ec74243-aef0-4ca9-9361-0daba59455c7.jpg,no_hand
train,ok,data\hagrid_sample\hagrid-sample-30k-384p\hagrid_30k\train_val_ok\7a3dad73-f210-4012-a1d4-8b57f24abb5b.jpg,multiple_hands
train,ok,data\hagrid_sample\hagrid-sample-30k-384p\hagrid_30k\train_val_ok\dafbb639-58b2-4354-9443-9dab37824c47.jpg,multiple_hands
train,ok,data\hagrid_sample\hagrid-sample-30k-384p\hagrid_30k\train_val_ok\1983c99e-f1db-4a23-80b3-20c6dbae1d6c.jpg,multiple_hands
train,ok,data\hagrid_sample\hagrid-sample-30k-384p\hagrid_30k\train_val_ok\1b0c3489-0bfa-41af-be6f-4db141d45fb8.jpg,multiple_hands
train,ok,data\hagrid_sample\hagrid-sample-30k-384p\hagrid_30k\train_val_ok\8b8340ed-2bb7-48b7-a0a4-9fc174d4d068.jpg,multiple_hands
train,ok,data\hagrid_sample\hagrid-sample-30k-384p\hagrid_30k\train_val_ok\13118e11-3afd-4400-8d00-8a43e1493d06.jpg,multiple_hands
train,ok,data\hagrid_sample\hagrid-sample-30k-384p\hagrid_30k\train_val_ok\930e718c-b314-4a5f-80dd-aeac06a0ca5b.jpg,multiple_hands
train,ok,data\hagrid_sample\hagrid-sample-30k-384p\hagrid_30k\train_val_ok\097a211d-8a7d-4148-9e1a-9eecb48929c0.jpg,multiple_hands
train,ok,data\hagrid_sample\hagrid-sample-30k-384p\hagrid_30k\train_val_ok\6cc62fdf-929b-4338-a0cf-e3e291239607.jpg,multiple_hands
train,ok,data\hagrid_sample\hagrid-sample-30k-384p\hagrid_30k\train_val_ok\1128bd85-9242-4a0f-84a9-e46699a43009.jpg,multiple_hands
train,ok,data\hagrid_sample\hagrid-sample-30k-384p\hagrid_30k\train_val_ok\cb8595d0-aba0-4f03-b3b6-dc153f10643d.jpg,multiple_hands
train,ok,data\hagrid_sample\hagrid-sample-30k-384p\hagrid_30k\train_val_ok\55f998d6-9819-45fb-adf0-e9b49f601fe6.jpg,no_hand
train,ok,data\hagrid_sample\hagrid-sample-30k-384p\hagrid_30k\train_val_ok\83f56bd5-8965-4f77-a78d-96aed51914b4.jpg,no_hand
train,ok,data\hagrid_sample\hagrid-sample-30k-384p\hagrid_30k\train_val_ok\d8ca85d0-bcfb-4b9c-a1a5-c730bfec926d.jpg,no_hand
train,ok,data\hagrid_sample\hagrid-sample-30k-384p\hagrid_30k\train_val_ok\80c4c055-55ec-4b84-9ffd-a1efd2d94fcc.jpg,multiple_hands
train,ok,data\hagrid_sample\hagrid-sample-30k-384p\hagrid_30k\train_val_ok\cbd2ca81-01db-4b03-9008-f0343bc3771c.jpg,multiple_hands
train,ok,data\hagrid_sample\hagrid-sample-30k-384p\hagrid_30k\train_val_ok\93f4becb-52ef-4e4a-96e3-c94ab6ffe0d7.jpg,multiple_hands
train,ok,data\hagrid_sample\hagrid-sample-30k-384p\hagrid_30k\train_val_ok\f3955b1e-74f2-4ab2-9da5-90b651388452.jpg,multiple_hands
train,ok,data\hagrid_sample\hagrid-sample-30k-384p\hagrid_30k\train_val_ok\561b4834-edfb-40b1-807c-d7d91d17143d.jpg,multiple_hands
train,ok,data\hagrid_sample\hagrid-sample-30k-384p\hagrid_30k\train_val_ok\a538ed5f-9ac8-472a-81ab-53ba3b7f838e.jpg,multiple_hands
train,ok,data\hagrid_sample\hagrid-sample-30k-384p\hagrid_30k\train_val_ok\6db823b8-cebb-4a1a-868a-cca098ea8338.jpg,multiple_hands
train,ok,data\hagrid_sample\hagrid-sample-30k-384p\hagrid_30k\train_val_ok\34a1e184-dd99-429e-aef3-e82305baa45f.jpg,multiple_hands
train,ok,data\hagrid_sample\hagrid-sample-30k-384p\hagrid_30k\train_val_ok\8390c336-79dd-4e3a-9ac9-65aea91ad91a.jpg,multiple_hands
train,ok,data\hagrid_sample\hagrid-sample-30k-384p\hagrid_30k\train_val_ok\f034294c-3e73-435a-992e-fd1a2f8f886c.jpg,multiple_hands
train,ok,data\hagrid_sample\hagrid-sample-30k-384p\hagrid_30k\train_val_ok\3c1fdd57-6e25-4c28-ac9c-e034860826de.jpg,multiple_hands
train,ok,data\hagrid_sample\hagrid-sample-30k-384p\hagrid_30k\train_val_ok\51947a52-1369-4f80-a17f-369f30a2132d.jpg,multiple_hands
train,ok,data\hagrid_sample\hagrid-sample-30k-384p\hagrid_30k\train_val_ok\1836327a-4cf3-40dc-a1ed-fa1eaa3298bb.jpg,multiple_hands
train,ok,data\hagrid_sample\hagrid-sample-30k-384p\hagrid_30k\train_val_ok\f2eee3a2-9f52-4919-954e-c7c159c2baa1.jpg,multiple_hands
train,ok,data\hagrid_sample\hagrid-sample-30k-384p\hagrid_30k\train_val_ok\05a3c207-868e-4250-8a2f-1bf2588cf88c.jpg,multiple_hands
train,ok,data\hagrid_sample\hagrid-sample-30k-384p\hagrid_30k\train_val_ok\5b648fa9-f820-4696-a709-4a6aa11f4c6e.jpg,multiple_hands
train,ok,data\hagrid_sample\hagrid-sample-30k-384p\hagrid_30k\train_val_ok\d9f74daa-8a8d-4357-9bc0-62fefb03a72a.jpg,multiple_hands
train,ok,data\hagrid_sample\hagrid-sample-30k-384p\hagrid_30k\train_val_ok\a930b4b3-3caf-41b5-a85a-ee0ecbf8ecdf.jpg,multiple_hands
train,ok,data\hagrid_sample\hagrid-sample-30k-384p\hagrid_30k\train_val_ok\653ba915-f57d-459e-bb18-0ad681553784.jpg,multiple_hands
train,ok,data\hagrid_sample\hagrid-sample-30k-384p\hagrid_30k\train_val_ok\f7787066-b57d-4fc5-8bdb-54a0db5ebcac.jpg,multiple_hands
train,ok,data\hagrid_sample\hagrid-sample-30k-384p\hagrid_30k\train_val_ok\54d7540d-a522-4adb-95c1-117145753118.jpg,no_hand
train,ok,data\hagrid_sample\hagrid-sample-30k-384p\hagrid_30k\train_val_ok\c186f6fb-c259-4bd2-9a99-afb5fa788908.jpg,multiple_hands
train,ok,data\hagrid_sample\hagrid-sample-30k-384p\hagrid_30k\train_val_ok\0daa64d2-6775-405d-8107-9bdaa6f74b49.jpg,multiple_hands
train,ok,data\hagrid_sample\hagrid-sample-30k-384p\hagrid_30k\train_val_ok\bd6faf3a-6861-42bd-8969-e1a5df2aaa56.jpg,no_hand
train,ok,data\hagrid_sample\hagrid-sample-30k-384p\hagrid_30k\train_val_ok\3d4e769b-fe10-4138-81f1-b35a3bf99c66.jpg,multiple_hands
train,ok,data\hagrid_sample\hagrid-sample-30k-384p\hagrid_30k\train_val_ok\23923a02-683c-479e-8fd5-6f2bc445fdf9.jpg,multiple_hands
train,ok,data\hagrid_sample\hagrid-sample-30k-384p\hagrid_30k\train_val_ok\5bde9ee1-e666-4687-af4b-c80c3941347a.jpg,multiple_hands
train,ok,data\hagrid_sample\hagrid-sample-30k-384p\hagrid_30k\train_val_ok\1b53e0bf-f933-49a7-a70b-9a5de10bd0ac.jpg,no_hand
train,ok,data\hagrid_sample\hagrid-sample-30k-384p\hagrid_30k\train_val_ok\2c0e992b-0fee-44d8-9398-6d68ae755b31.jpg,multiple_hands
train,ok,data\hagrid_sample\hagrid-sample-30k-384p\hagrid_30k\train_val_ok\173436e8-1aca-4df5-9f57-058856e273d4.jpg,no_hand
train,ok,data\hagrid_sample\hagrid-sample-30k-384p\hagrid_30k\train_val_ok\5244bdcc-3801-4c8b-9d10-a4d6d771267b.jpg,multiple_hands
train,ok,data\hagrid_sample\hagrid-sample-30k-384p\hagrid_30k\train_val_ok\291276c3-3e45-4930-a58e-1ee844c8ef34.jpg,no_hand
train,ok,data\hagrid_sample\hagrid-sample-30k-384p\hagrid_30k\train_val_ok\e0f9490b-5811-4a93-8a76-4978b6081611.jpg,multiple_hands
train,ok,data\hagrid_sample\hagrid-sample-30k-384p\hagrid_30k\train_val_ok\a1409dea-c3a3-4ead-80af-6ab019625221.jpg,multiple_hands
train,ok,data\hagrid_sample\hagrid-sample-30k-384p\hagrid_30k\train_val_ok\7bf83c28-845e-4672-9c0b-2ac8bd2c6baa.jpg,multiple_hands
train,ok,data\hagrid_sample\hagrid-sample-30k-384p\hagrid_30k\train_val_ok\c11a465e-2762-438e-8ef0-b36c23d33ee7.jpg,multiple_hands
train,ok,data\hagrid_sample\hagrid-sample-30k-384p\hagrid_30k\train_val_ok\d67ce963-357d-4826-afb4-27ccb84796f8.jpg,no_hand
train,ok,data\hagrid_sample\hagrid-sample-30k-384p\hagrid_30k\train_val_ok\52c1be48-dad8-4910-ab0b-c631b89f7de3.jpg,multiple_hands
train,ok,data\hagrid_sample\hagrid-sample-30k-384p\hagrid_30k\train_val_ok\d568aaac-e022-4119-9244-9ff01701fbc0.jpg,multiple_hands
train,ok,data\hagrid_sample\hagrid-sample-30k-384p\hagrid_30k\train_val_ok\3529cf5b-61d5-49b0-b86c-1a94b4ec5c7b.jpg,multiple_hands
train,ok,data\hagrid_sample\hagrid-sample-30k-384p\hagrid_30k\train_val_ok\aa45742c-06b4-401e-8fd4-f3b2419bcdd8.jpg,multiple_hands
train,ok,data\hagrid_sample\hagrid-sample-30k-384p\hagrid_30k\train_val_ok\4653283b-617b-4e34-b9c4-71aa15a7e21e.jpg,no_hand
train,ok,data\hagrid_sample\hagrid-sample-30k-384p\hagrid_30k\train_val_ok\668254a1-f4ba-4566-aa6a-fa1d1ba86ca4.jpg,multiple_hands
train,ok,data\hagrid_sample\hagrid-sample-30k-384p\hagrid_30k\train_val_ok\9d3e5223-b6a9-4ab1-9e87-572eead2d1c1.jpg,multiple_hands
train,ok,data\hagrid_sample\hagrid-sample-30k-384p\hagrid_30k\train_val_ok\e0a8bf09-c22d-4a56-8112-52711c40dd0d.jpg,multiple_hands
train,ok,data\hagrid_sample\hagrid-sample-30k-384p\hagrid_30k\train_val_ok\96ba3b2a-2dc3-448e-ad4e-e5f4d4e3a471.jpg,multiple_hands
train,ok,data\hagrid_sample\hagrid-sample-30k-384p\hagrid_30k\train_val_ok\9a548960-4a9c-41b8-8c7a-fa83a980ccd7.jpg,multiple_hands
train,ok,data\hagrid_sample\hagrid-sample-30k-384p\hagrid_30k\train_val_ok\208f9b46-130a-4fba-ba91-b59a13c04a96.jpg,multiple_hands
train,ok,data\hagrid_sample\hagrid-sample-30k-384p\hagrid_30k\train_val_ok\e5739b75-bca8-406a-ab8e-43f0b5fe8638.jpg,no_hand
train,ok,data\hagrid_sample\hagrid-sample-30k-384p\hagrid_30k\train_val_ok\5d357706-c513-488f-a3b9-9aa08b523eaa.jpg,multiple_hands
train,ok,data\hagrid_sample\hagrid-sample-30k-384p\hagrid_30k\train_val_ok\98812afd-dbfa-4e7b-ba13-63dde58b0bb7.jpg,no_hand
train,ok,data\hagrid_sample\hagrid-sample-30k-384p\hagrid_30k\train_val_ok\6d0c2822-3b8b-4f8b-b3ea-290eabb44ee8.jpg,multiple_hands
train,ok,data\hagrid_sample\hagrid-sample-30k-384p\hagrid_30k\train_val_ok\1d8a4f74-2e9f-4119-ac48-38795501bbad.jpg,multiple_hands
train,ok,data\hagrid_sample\hagrid-sample-30k-384p\hagrid_30k\train_val_ok\049fbccb-9782-47ed-ab4d-4bf72222371f.jpg,multiple_hands
train,ok,data\hagrid_sample\hagrid-sample-30k-384p\hagrid_30k\train_val_ok\39b0bc05-56d2-4a16-85d0-5d83ebed0f13.jpg,multiple_hands
train,ok,data\hagrid_sample\hagrid-sample-30k-384p\hagrid_30k\train_val_ok\019e11af-85c4-4f6b-9e57-34eaf2a0cf24.jpg,no_hand
train,ok,data\hagrid_sample\hagrid-sample-30k-384p\hagrid_30k\train_val_ok\391fcdf9-9f0c-4df0-8ce4-d0bba4c70201.jpg,multiple_hands
train,ok,data\hagrid_sample\hagrid-sample-30k-384p\hagrid_30k\train_val_ok\37835c9d-304a-4900-bae2-d23b67612b5a.jpg,multiple_hands
train,ok,data\hagrid_sample\hagrid-sample-30k-384p\hagrid_30k\train_val_ok\49a58aef-edd2-42b6-8fb1-5bfa41df47ff.jpg,multiple_hands
train,ok,data\hagrid_sample\hagrid-sample-30k-384p\hagrid_30k\train_val_ok\aa03a9de-436e-427c-8231-d565ef44c3e5.jpg,no_hand
train,ok,data\hagrid_sample\hagrid-sample-30k-384p\hagrid_30k\train_val_ok\af9df01b-43fe-47fb-b19b-35c1624ebf33.jpg,no_hand
train,ok,data\hagrid_sample\hagrid-sample-30k-384p\hagrid_30k\train_val_ok\e1f7ac4c-644a-4ffd-a0d0-ffd5d03e9d8e.jpg,multiple_hands
train,ok,data\hagrid_sample\hagrid-sample-30k-384p\hagrid_30k\train_val_ok\83ac7127-9294-4bb2-bf04-f4dc324eb248.jpg,multiple_hands
train,ok,data\hagrid_sample\hagrid-sample-30k-384p\hagrid_30k\train_val_ok\0e7e4c7f-bacc-48e0-9dbf-6494454bc052.jpg,no_hand
train,ok,data\hagrid_sample\hagrid-sample-30k-384p\hagrid_30k\train_val_ok\fbf01f94-dbbf-45bf-9444-3d330fce86d6.jpg,multiple_hands
train,ok,data\hagrid_sample\hagrid-sample-30k-384p\hagrid_30k\train_val_ok\9f2b5049-5074-42e6-ad30-216e5f57e0af.jpg,no_hand
train,ok,data\hagrid_sample\hagrid-sample-30k-384p\hagrid_30k\train_val_ok\b4991f49-dea6-4f61-a0f9-ed385da33760.jpg,multiple_hands
train,ok,data\hagrid_sample\hagrid-sample-30k-384p\hagrid_30k\train_val_ok\5c40eae5-7ab4-47f6-9841-66b2bde523c3.jpg,multiple_hands
train,ok,data\hagrid_sample\hagrid-sample-30k-384p\hagrid_30k\train_val_ok\c83577cc-86b0-4e7d-b1cd-8cc771b3fae8.jpg,no_hand
train,ok,data\hagrid_sample\hagrid-sample-30k-384p\hagrid_30k\train_val_ok\80e0209f-8e33-44f2-bd18-31d2a3f72707.jpg,multiple_hands
train,ok,data\hagrid_sample\hagrid-sample-30k-384p\hagrid_30k\train_val_ok\b4b89026-b261-45bf-b86f-60b37e9014d0.jpg,multiple_hands
train,ok,data\hagrid_sample\hagrid-sample-30k-384p\hagrid_30k\train_val_ok\5e41d5c2-7be0-40d2-8dc8-7bc6f1914bc1.jpg,multiple_hands
train,ok,data\hagrid_sample\hagrid-sample-30k-384p\hagrid_30k\train_val_ok\0fc84f1c-00bb-430c-bd30-db1f5fe9a440.jpg,no_hand
train,ok,data\hagrid_sample\hagrid-sample-30k-384p\hagrid_30k\train_val_ok\8824a7c9-e7b6-4c68-9ec4-2b95856b9606.jpg,multiple_hands
train,ok,data\hagrid_sample\hagrid-sample-30k-384p\hagrid_30k\train_val_ok\099d53d2-733a-4ef3-96eb-54eace0b2e1d.jpg,no_hand
train,ok,data\hagrid_sample\hagrid-sample-30k-384p\hagrid_30k\train_val_ok\7ed02ef6-2fcc-4746-8c32-53dd3b6b02da.jpg,no_hand
train,ok,data\hagrid_sample\hagrid-sample-30k-384p\hagrid_30k\train_val_ok\1bd65b1c-6f94-4e98-b640-49fef5c9c016.jpg,no_hand
train,ok,data\hagrid_sample\hagrid-sample-30k-384p\hagrid_30k\train_val_ok\cf291e94-fc65-493c-8e7f-18e9d400e200.jpg,multiple_hands
train,ok,data\hagrid_sample\hagrid-sample-30k-384p\hagrid_30k\train_val_ok\3f1fdf9b-8927-4043-a632-88cf888185ae.jpg,multiple_hands
train,ok,data\hagrid_sample\hagrid-sample-30k-384p\hagrid_30k\train_val_ok\20d7b571-9041-4b92-8fc6-176b4bfa2711.jpg,multiple_hands
train,ok,data\hagrid_sample\hagrid-sample-30k-384p\hagrid_30k\train_val_ok\82e2fa49-43fe-4a3a-9023-ac6aee11be63.jpg,multiple_hands
train,ok,data\hagrid_sample\hagrid-sample-30k-384p\hagrid_30k\train_val_ok\a66f3853-1f8e-42a7-83dc-8b9e32be7ae6.jpg,no_hand
train,ok,data\hagrid_sample\hagrid-sample-30k-384p\hagrid_30k\train_val_ok\9dad9b62-73b2-4643-8440-de4b24f5de83.jpg,no_hand
train,ok,data\hagrid_sample\hagrid-sample-30k-384p\hagrid_30k\train_val_ok\e2ca7aee-6dea-45b8-802e-ce2183528fe7.jpg,multiple_hands
train,ok,data\hagrid_sample\hagrid-sample-30k-384p\hagrid_30k\train_val_ok\ad085e30-37d9-4f07-9955-6f492965f92c.jpg,no_hand
train,ok,data\hagrid_sample\hagrid-sample-30k-384p\hagrid_30k\train_val_ok\71cec5ca-d4b0-4ee5-9bfe-3422b1cecdfc.jpg,no_hand
train,ok,data\hagrid_sample\hagrid-sample-30k-384p\hagrid_30k\train_val_ok\9b8dc413-750c-424a-87b2-c8603b13654f.jpg,no_hand
train,ok,data\hagrid_sample\hagrid-sample-30k-384p\hagrid_30k\train_val_ok\a21e4678-e547-4e00-8cbd-6145d14dd47c.jpg,no_hand
train,ok,data\hagrid_sample\hagrid-sample-30k-384p\hagrid_30k\train_val_ok\b7797cfe-c117-42ed-b439-cf938dcd12d1.jpg,multiple_hands
train,ok,data\hagrid_sample\hagrid-sample-30k-384p\hagrid_30k\train_val_ok\2d588409-7be3-4a8f-a8d0-bfb244864551.jpg,no_hand
train,ok,data\hagrid_sample\hagrid-sample-30k-384p\hagrid_30k\train_val_ok\2e14a4fe-b0b9-495f-b4cf-5e138017f36b.jpg,multiple_hands
train,ok,data\hagrid_sample\hagrid-sample-30k-384p\hagrid_30k\train_val_ok\77cdb1ae-2128-47ce-aa2e-d5e06056596b.jpg,multiple_hands
train,ok,data\hagrid_sample\hagrid-sample-30k-384p\hagrid_30k\train_val_ok\33e2f669-514e-4a29-af5a-71a100a0cc49.jpg,multiple_hands
train,ok,data\hagrid_sample\hagrid-sample-30k-384p\hagrid_30k\train_val_ok\2e6bccf2-24c9-4b65-b477-57376ad645da.jpg,multiple_hands
train,ok,data\hagrid_sample\hagrid-sample-30k-384p\hagrid_30k\train_val_ok\5e97bf15-5e21-47dc-a585-b94e16321623.jpg,multiple_hands
train,ok,data\hagrid_sample\hagrid-sample-30k-384p\hagrid_30k\train_val_ok\8225b28f-17a1-444f-975c-e155ab924bca.jpg,multiple_hands
train,ok,data\hagrid_sample\hagrid-sample-30k-384p\hagrid_30k\train_val_ok\586ba93f-70ee-4cf7-9211-e2ca73ae3bfa.jpg,no_hand
train,ok,data\hagrid_sample\hagrid-sample-30k-384p\hagrid_30k\train_val_ok\57a690aa-fff4-4aab-922b-e64e5e49c4f6.jpg,no_hand
train,ok,data\hagrid_sample\hagrid-sample-30k-384p\hagrid_30k\train_val_ok\a057a047-2e66-446a-9272-063b7a66b30e.jpg,no_hand
train,ok,data\hagrid_sample\hagrid-sample-30k-384p\hagrid_30k\train_val_ok\8ce5b28b-77e9-461d-83d9-9f70a5d431e3.jpg,multiple_hands
train,ok,data\hagrid_sample\hagrid-sample-30k-384p\hagrid_30k\train_val_ok\e92de98a-6188-468b-92d5-b771679196b3.jpg,multiple_hands
train,ok,data\hagrid_sample\hagrid-sample-30k-384p\hagrid_30k\train_val_ok\bc445d00-53e8-414e-a450-26142ef0ea89.jpg,multiple_hands
train,ok,data\hagrid_sample\hagrid-sample-30k-384p\hagrid_30k\train_val_ok\80400aeb-867e-4b1f-81cb-d6e55a9f59a0.jpg,multiple_hands
train,ok,data\hagrid_sample\hagrid-sample-30k-384p\hagrid_30k\train_val_ok\a1e276e4-8a7b-4663-ae84-01ea89877eea.jpg,multiple_hands
train,ok,data\hagrid_sample\hagrid-sample-30k-384p\hagrid_30k\train_val_ok\6d69d081-06f2-4545-93c9-d2d02f9ab27e.jpg,multiple_hands
train,ok,data\hagrid_sample\hagrid-sample-30k-384p\hagrid_30k\train_val_ok\24cb7ffe-eeae-4141-8891-721651b61dd1.jpg,no_hand
train,ok,data\hagrid_sample\hagrid-sample-30k-384p\hagrid_30k\train_val_ok\c3f38f50-9697-42f3-a20c-4f32322cc1a3.jpg,multiple_hands
train,ok,data\hagrid_sample\hagrid-sample-30k-384p\hagrid_30k\train_val_ok\6106f02d-34be-4624-bc17-88954b80509d.jpg,no_hand
train,ok,data\hagrid_sample\hagrid-sample-30k-384p\hagrid_30k\train_val_ok\a0d5936b-8726-4640-9357-7176f39a680d.jpg,no_hand
train,ok,data\hagrid_sample\hagrid-sample-30k-384p\hagrid_30k\train_val_ok\3b75ca8e-21d4-47d6-bbd7-8c933f19a4f5.jpg,multiple_hands
train,ok,data\hagrid_sample\hagrid-sample-30k-384p\hagrid_30k\train_val_ok\6bcce569-8f89-48dd-b484-1fd9b9aef5eb.jpg,multiple_hands
train,ok,data\hagrid_sample\hagrid-sample-30k-384p\hagrid_30k\train_val_ok\50678190-0eed-4c17-94c8-5c2293163e8e.jpg,multiple_hands
train,ok,data\hagrid_sample\hagrid-sample-30k-384p\hagrid_30k\train_val_ok\beb13994-2a36-4496-92ee-fe05adf6d227.jpg,no_hand
val,ok,data\hagrid_sample\hagrid-sample-30k-384p\hagrid_30k\train_val_ok\14825627-f2eb-43a4-8fef-26b9ab81d21c.jpg,multiple_hands
val,ok,data\hagrid_sample\hagrid-sample-30k-384p\hagrid_30k\train_val_ok\b887ecda-e920-4ce1-9491-e745b1038f6a.jpg,multiple_hands
val,ok,data\hagrid_sample\hagrid-sample-30k-384p\hagrid_30k\train_val_ok\b58ecea5-b406-45d5-9db2-6919ac025c30.jpg,multiple_hands
val,ok,data\hagrid_sample\hagrid-sample-30k-384p\hagrid_30k\train_val_ok\a5790c3f-6e6f-4bad-ab27-090f624007fb.jpg,multiple_hands
val,ok,data\hagrid_sample\hagrid-sample-30k-384p\hagrid_30k\train_val_ok\6af64982-4f54-4a96-a715-ff99ec711b22.jpg,no_hand
val,ok,data\hagrid_sample\hagrid-sample-30k-384p\hagrid_30k\train_val_ok\1d6e5a25-2bcd-4448-8ce4-b8edf3de5b67.jpg,no_hand
val,ok,data\hagrid_sample\hagrid-sample-30k-384p\hagrid_30k\train_val_ok\f51cab70-e1ef-4c65-9187-ef14fa7cdf11.jpg,multiple_hands
val,ok,data\hagrid_sample\hagrid-sample-30k-384p\hagrid_30k\train_val_ok\d48ea561-fc40-4965-83cb-b6480845aaa4.jpg,multiple_hands
val,ok,data\hagrid_sample\hagrid-sample-30k-384p\hagrid_30k\train_val_ok\34baf6db-ca7c-4075-a974-a9a106bd4d81.jpg,multiple_hands
val,ok,data\hagrid_sample\hagrid-sample-30k-384p\hagrid_30k\train_val_ok\8c5768a5-4a1b-451c-98e1-7d36377e2ed4.jpg,multiple_hands
val,ok,data\hagrid_sample\hagrid-sample-30k-384p\hagrid_30k\train_val_ok\806a00f1-73a3-4c7a-805e-7a99866f4cbe.jpg,no_hand
val,ok,data\hagrid_sample\hagrid-sample-30k-384p\hagrid_30k\train_val_ok\f3272ddd-9117-421e-9158-9c5eafda6384.jpg,multiple_hands
val,ok,data\hagrid_sample\hagrid-sample-30k-384p\hagrid_30k\train_val_ok\52e7467a-26c3-428f-8b9a-4d9e041d1a05.jpg,no_hand
val,ok,data\hagrid_sample\hagrid-sample-30k-384p\hagrid_30k\train_val_ok\d46733e9-135d-4108-89b4-b45a1f69b2d9.jpg,multiple_hands
val,ok,data\hagrid_sample\hagrid-sample-30k-384p\hagrid_30k\train_val_ok\7cb1e59e-c151-431d-acae-22ef07069c86.jpg,multiple_hands
val,ok,data\hagrid_sample\hagrid-sample-30k-384p\hagrid_30k\train_val_ok\7e1e5783-11f9-4da5-9493-bf49984291ef.jpg,no_hand
val,ok,data\hagrid_sample\hagrid-sample-30k-384p\hagrid_30k\train_val_ok\e75b29ad-2b82-40e3-b6c1-e57446562dd2.jpg,multiple_hands
val,ok,data\hagrid_sample\hagrid-sample-30k-384p\hagrid_30k\train_val_ok\abaea9a9-2753-42ca-91eb-9e08e756b74a.jpg,multiple_hands
val,ok,data\hagrid_sample\hagrid-sample-30k-384p\hagrid_30k\train_val_ok\46303342-69e4-4072-b7d7-3b46c4dc7d22.jpg,multiple_hands
val,ok,data\hagrid_sample\hagrid-sample-30k-384p\hagrid_30k\train_val_ok\4ce660b1-070e-4257-81d8-ee9d311d0148.jpg,no_hand
val,ok,data\hagrid_sample\hagrid-sample-30k-384p\hagrid_30k\train_val_ok\70ae125d-e7e1-4bd7-b4d6-ca74b1d8c432.jpg,multiple_hands
val,ok,data\hagrid_sample\hagrid-sample-30k-384p\hagrid_30k\train_val_ok\23d2183e-85c8-42f8-b029-ccee735c7764.jpg,multiple_hands
val,ok,data\hagrid_sample\hagrid-sample-30k-384p\hagrid_30k\train_val_ok\a0798358-3336-4bff-af57-6c99e183cc41.jpg,multiple_hands
val,ok,data\hagrid_sample\hagrid-sample-30k-384p\hagrid_30k\train_val_ok\7de6f779-f2ec-4320-ae55-70b94ab76aeb.jpg,multiple_hands
val,ok,data\hagrid_sample\hagrid-sample-30k-384p\hagrid_30k\train_val_ok\5d4eb14e-10ae-4846-aa17-ba6d2aa8cc30.jpg,multiple_hands
val,ok,data\hagrid_sample\hagrid-sample-30k-384p\hagrid_30k\train_val_ok\69ce1c8c-fef3-41b0-a067-19296e300782.jpg,multiple_hands
val,ok,data\hagrid_sample\hagrid-sample-30k-384p\hagrid_30k\train_val_ok\3cbd39b3-8447-4f45-bdef-51cbc686be5b.jpg,no_hand
val,ok,data\hagrid_sample\hagrid-sample-30k-384p\hagrid_30k\train_val_ok\495abc1a-df34-401a-8d0a-59e66c796617.jpg,no_hand
val,ok,data\hagrid_sample\hagrid-sample-30k-384p\hagrid_30k\train_val_ok\c497fdf5-8b63-4b24-9dbc-0313c50d794e.jpg,no_hand
val,ok,data\hagrid_sample\hagrid-sample-30k-384p\hagrid_30k\train_val_ok\419d5e8d-ac9e-4c03-b1a7-2e058654ca47.jpg,multiple_hands
val,ok,data\hagrid_sample\hagrid-sample-30k-384p\hagrid_30k\train_val_ok\ae2f12a0-3bbb-46cb-babd-749bdd8a1131.jpg,multiple_hands
val,ok,data\hagrid_sample\hagrid-sample-30k-384p\hagrid_30k\train_val_ok\4809b2bc-8ff5-46d4-ae2b-b0b98ac84674.jpg,multiple_hands
val,ok,data\hagrid_sample\hagrid-sample-30k-384p\hagrid_30k\train_val_ok\a7192efb-d441-4c8c-8cdc-fd7f25b60918.jpg,multiple_hands
val,ok,data\hagrid_sample\hagrid-sample-30k-384p\hagrid_30k\train_val_ok\9fa95e01-cdd8-4cf9-ac9b-afc2750f2b2a.jpg,multiple_hands
val,ok,data\hagrid_sample\hagrid-sample-30k-384p\hagrid_30k\train_val_ok\eb17a964-f70a-4183-bbbe-9f07daa5fd1e.jpg,no_hand
val,ok,data\hagrid_sample\hagrid-sample-30k-384p\hagrid_30k\train_val_ok\b438e032-8cc5-458e-a79d-3bb8873d07a5.jpg,multiple_hands
val,ok,data\hagrid_sample\hagrid-sample-30k-384p\hagrid_30k\train_val_ok\433cfedd-b3a3-438e-9832-015d78aa19ed.jpg,multiple_hands
val,ok,data\hagrid_sample\hagrid-sample-30k-384p\hagrid_30k\train_val_ok\d065a11c-4e3e-4b56-bc62-598c262fe21d.jpg,multiple_hands
val,ok,data\hagrid_sample\hagrid-sample-30k-384p\hagrid_30k\train_val_ok\f98430da-43a9-4ffd-88cc-ba5febc87b57.jpg,multiple_hands
val,ok,data\hagrid_sample\hagrid-sample-30k-384p\hagrid_30k\train_val_ok\e0525bd0-2415-4910-9bd5-b3279923de65.jpg,no_hand
val,ok,data\hagrid_sample\hagrid-sample-30k-384p\hagrid_30k\train_val_ok\d3147f1b-26ae-4833-b4e0-f4c46c248ae3.jpg,multiple_hands
val,ok,data\hagrid_sample\hagrid-sample-30k-384p\hagrid_30k\train_val_ok\68e1961f-70bc-44db-bc70-88a5bc38da4f.jpg,multiple_hands
val,ok,data\hagrid_sample\hagrid-sample-30k-384p\hagrid_30k\train_val_ok\000dfde3-a3a2-41b3-a3eb-e52744bf3ac4.jpg,no_hand
val,ok,data\hagrid_sample\hagrid-sample-30k-384p\hagrid_30k\train_val_ok\e19f269d-7875-4712-b4e7-f1cc9ca560b9.jpg,multiple_hands
test,ok,data\hagrid_sample\hagrid-sample-30k-384p\hagrid_30k\train_val_ok\09515092-ea80-46db-bce6-f8d9d41c90ff.jpg,multiple_hands
test,ok,data\hagrid_sample\hagrid-sample-30k-384p\hagrid_30k\train_val_ok\54f50c4a-3045-4c6a-9bc3-70c8dd6228d8.jpg,multiple_hands
test,ok,data\hagrid_sample\hagrid-sample-30k-384p\hagrid_30k\train_val_ok\3c5b7dda-70c4-4277-9b96-b22534b7b135.jpg,multiple_hands
test,ok,data\hagrid_sample\hagrid-sample-30k-384p\hagrid_30k\train_val_ok\3450a8bc-6927-4594-9c65-c40e4f688a3a.jpg,multiple_hands
test,ok,data\hagrid_sample\hagrid-sample-30k-384p\hagrid_30k\train_val_ok\10572181-8037-4b24-84e5-fca385943777.jpg,multiple_hands
test,ok,data\hagrid_sample\hagrid-sample-30k-384p\hagrid_30k\train_val_ok\b1a894a6-69a8-4639-aa9c-a14385ac1091.jpg,multiple_hands
test,ok,data\hagrid_sample\hagrid-sample-30k-384p\hagrid_30k\train_val_ok\5514cd42-228e-491f-8c42-a5d351aa0df6.jpg,multiple_hands
test,ok,data\hagrid_sample\hagrid-sample-30k-384p\hagrid_30k\train_val_ok\723bc416-c240-443d-8783-7fd5b258110f.jpg,no_hand
test,ok,data\hagrid_sample\hagrid-sample-30k-384p\hagrid_30k\train_val_ok\12698fb4-224a-48f6-889d-dee69c533acd.jpg,multiple_hands
test,ok,data\hagrid_sample\hagrid-sample-30k-384p\hagrid_30k\train_val_ok\faef8ef9-93b9-457a-b824-d37a68167f29.jpg,multiple_hands
test,ok,data\hagrid_sample\hagrid-sample-30k-384p\hagrid_30k\train_val_ok\a36cc01b-0d23-47f5-bfb2-542e1c0b1d37.jpg,multiple_hands
test,ok,data\hagrid_sample\hagrid-sample-30k-384p\hagrid_30k\train_val_ok\2932857b-0765-4181-85f8-3f2a5c8053fe.jpg,no_hand
test,ok,data\hagrid_sample\hagrid-sample-30k-384p\hagrid_30k\train_val_ok\7b0863c1-0646-4326-aabe-ac2267fb8bc4.jpg,multiple_hands
test,ok,data\hagrid_sample\hagrid-sample-30k-384p\hagrid_30k\train_val_ok\3d0eb0b9-dc53-45a0-841e-9ae7d3548065.jpg,multiple_hands
test,ok,data\hagrid_sample\hagrid-sample-30k-384p\hagrid_30k\train_val_ok\b5e8bb80-1265-4633-9811-e2f98a4ce39f.jpg,no_hand
test,ok,data\hagrid_sample\hagrid-sample-30k-384p\hagrid_30k\train_val_ok\dca85739-4d32-438c-a210-e2f55c3922db.jpg,multiple_hands
test,ok,data\hagrid_sample\hagrid-sample-30k-384p\hagrid_30k\train_val_ok\7eb329fb-d0d5-4836-80f7-62555b389db3.jpg,multiple_hands
test,ok,data\hagrid_sample\hagrid-sample-30k-384p\hagrid_30k\train_val_ok\6f7b1812-69e7-4ffe-bb48-7567cab7422d.jpg,multiple_hands
test,ok,data\hagrid_sample\hagrid-sample-30k-384p\hagrid_30k\train_val_ok\01dcb1d2-4f9a-4c28-8390-4af76c497f65.jpg,no_hand
test,ok,data\hagrid_sample\hagrid-sample-30k-384p\hagrid_30k\train_val_ok\01841342-56ea-4bb6-90df-6381b224731a.jpg,multiple_hands
test,ok,data\hagrid_sample\hagrid-sample-30k-384p\hagrid_30k\train_val_ok\b1e124d2-1196-4669-853f-267e2ae14f81.jpg,multiple_hands
test,ok,data\hagrid_sample\hagrid-sample-30k-384p\hagrid_30k\train_val_ok\1d22fa06-7e3c-4cc6-b918-4275544157c9.jpg,multiple_hands
test,ok,data\hagrid_sample\hagrid-sample-30k-384p\hagrid_30k\train_val_ok\ab1d6887-2598-4172-9a3a-ce141ebb06b1.jpg,multiple_hands
test,ok,data\hagrid_sample\hagrid-sample-30k-384p\hagrid_30k\train_val_ok\711b11f8-aee5-4ad3-90e2-284383e46ee5.jpg,no_hand
test,ok,data\hagrid_sample\hagrid-sample-30k-384p\hagrid_30k\train_val_ok\44113689-60bf-47bc-a646-5c34238a7aad.jpg,multiple_hands
test,ok,data\hagrid_sample\hagrid-sample-30k-384p\hagrid_30k\train_val_ok\7f6ee274-ed66-40f9-84dc-8ebc198a1485.jpg,no_hand
test,ok,data\hagrid_sample\hagrid-sample-30k-384p\hagrid_30k\train_val_ok\d5502961-bc9a-43d1-8307-edc091a5a900.jpg,multiple_hands
test,ok,data\hagrid_sample\hagrid-sample-30k-384p\hagrid_30k\train_val_ok\6de2931d-6e7e-4be9-b733-1120806cca90.jpg,no_hand
test,ok,data\hagrid_sample\hagrid-sample-30k-384p\hagrid_30k\train_val_ok\9b01d64f-7810-479e-be72-efa9db5230b8.jpg,multiple_hands
test,ok,data\hagrid_sample\hagrid-sample-30k-384p\hagrid_30k\train_val_ok\ca01e292-b9b2-4e8b-8b7b-174268ef9f03.jpg,multiple_hands
test,ok,data\hagrid_sample\hagrid-sample-30k-384p\hagrid_30k\train_val_ok\b36dc9d1-95ca-41ed-b5ad-68dfa7da46e2.jpg,no_hand
test,ok,data\hagrid_sample\hagrid-sample-30k-384p\hagrid_30k\train_val_ok\26b55bd2-030d-41ac-94fc-e69e6b7b1e04.jpg,multiple_hands
test,ok,data\hagrid_sample\hagrid-sample-30k-384p\hagrid_30k\train_val_ok\1b88e729-3803-4cec-83b1-f6b9050927bc.jpg,multiple_hands
test,ok,data\hagrid_sample\hagrid-sample-30k-384p\hagrid_30k\train_val_ok\95c2ed3e-23cb-422a-9117-9cba4d82f771.jpg,multiple_hands
test,ok,data\hagrid_sample\hagrid-sample-30k-384p\hagrid_30k\train_val_ok\0abd3b46-eb09-4626-b486-2135bc306028.jpg,no_hand
test,ok,data\hagrid_sample\hagrid-sample-30k-384p\hagrid_30k\train_val_ok\b249fea6-a19a-4fc0-ab2a-579cf2caba9b.jpg,multiple_hands
test,ok,data\hagrid_sample\hagrid-sample-30k-384p\hagrid_30k\train_val_ok\b41587e0-dd2f-4a74-b8bb-86593bfb1524.jpg,no_hand
test,ok,data\hagrid_sample\hagrid-sample-30k-384p\hagrid_30k\train_val_ok\04715f80-b990-48ed-b219-2f12e0fb0c27.jpg,no_hand
test,ok,data\hagrid_sample\hagrid-sample-30k-384p\hagrid_30k\train_val_ok\ecb617ef-e781-4963-8ff8-caaf8d242f87.jpg,no_hand
test,ok,data\hagrid_sample\hagrid-sample-30k-384p\hagrid_30k\train_val_ok\703d71bf-1f3a-40e6-b4fa-cee00714bf7b.jpg,multiple_hands
test,ok,data\hagrid_sample\hagrid-sample-30k-384p\hagrid_30k\train_val_ok\13b28e0c-694f-4885-be1e-7b09f63d2779.jpg,multiple_hands
test,ok,data\hagrid_sample\hagrid-sample-30k-384p\hagrid_30k\train_val_ok\d61def5b-810e-4e25-8a34-c5d4ed15dd0a.jpg,multiple_hands
test,ok,data\hagrid_sample\hagrid-sample-30k-384p\hagrid_30k\train_val_ok\fa9e1354-4afb-436c-80cd-edc697eca5c9.jpg,no_hand
test,ok,data\hagrid_sample\hagrid-sample-30k-384p\hagrid_30k\train_val_ok\9803861f-0606-47b3-89b0-19cdda622fe5.jpg,multiple_hands
test,ok,data\hagrid_sample\hagrid-sample-30k-384p\hagrid_30k\train_val_ok\facb87c4-63e8-474f-b1b3-1633a8c8d75f.jpg,no_hand
test,ok,data\hagrid_sample\hagrid-sample-30k-384p\hagrid_30k\train_val_ok\f884f9c9-ae38-4495-8650-8c87c0883e06.jpg,multiple_hands
test,ok,data\hagrid_sample\hagrid-sample-30k-384p\hagrid_30k\train_val_ok\bab16ec9-0218-41eb-8c59-2e53e343c021.jpg,multiple_hands
test,ok,data\hagrid_sample\hagrid-sample-30k-384p\hagrid_30k\train_val_ok\fd91c023-94de-4433-9c6d-62d93fce217b.jpg,no_hand
test,ok,data\hagrid_sample\hagrid-sample-30k-384p\hagrid_30k\train_val_ok\aa701fa9-ba04-4501-8225-c72e3ad01f35.jpg,no_hand
test,ok,data\hagrid_sample\hagrid-sample-30k-384p\hagrid_30k\train_val_ok\4826bc5c-087d-4b5c-aa63-9cc4ce317417.jpg,no_hand
test,ok,data\hagrid_sample\hagrid-sample-30k-384p\hagrid_30k\train_val_ok\061da151-1c1e-4100-a821-5c6ee4bc9992.jpg,multiple_hands
test,ok,data\hagrid_sample\hagrid-sample-30k-384p\hagrid_30k\train_val_ok\7a5cef69-eedf-49cf-93f0-688fd81831c0.jpg,multiple_hands
test,ok,data\hagrid_sample\hagrid-sample-30k-384p\hagrid_30k\train_val_ok\c8cb3739-dc84-4406-bad0-f07765a704f0.jpg,multiple_hands
test,ok,data\hagrid_sample\hagrid-sample-30k-384p\hagrid_30k\train_val_ok\8efea2e6-a54a-423b-aceb-d3313b10f090.jpg,multiple_hands
test,ok,data\hagrid_sample\hagrid-sample-30k-384p\hagrid_30k\train_val_ok\d6a17b5d-9662-49ea-a0ae-f479c1dc59aa.jpg,no_hand
test,ok,data\hagrid_sample\hagrid-sample-30k-384p\hagrid_30k\train_val_ok\d5a94cc5-360a-44ad-b4b3-9c95fec4f9b4.jpg,no_hand
test,ok,data\hagrid_sample\hagrid-sample-30k-384p\hagrid_30k\train_val_ok\b2fb7f61-93d9-44d2-a34c-dcbc3d86a28d.jpg,no_hand
test,ok,data\hagrid_sample\hagrid-sample-30k-384p\hagrid_30k\train_val_ok\2ccf8cff-c652-441c-afae-6e628ee4874c.jpg,multiple_hands
train,peace,data\hagrid_sample\hagrid-sample-30k-384p\hagrid_30k\train_val_peace\d88977c3-e637-4390-9fdb-22198e22efe2.jpg,multiple_hands
train,peace,data\hagrid_sample\hagrid-sample-30k-384p\hagrid_30k\train_val_peace\4cf7d1c1-39ef-4ea4-8a85-ab6aa80ba425.jpg,no_hand
train,peace,data\hagrid_sample\hagrid-sample-30k-384p\hagrid_30k\train_val_peace\47531db5-d6b0-4954-997e-e690f0283685.jpg,multiple_hands
train,peace,data\hagrid_sample\hagrid-sample-30k-384p\hagrid_30k\train_val_peace\3a13e911-039f-49eb-9f8e-865af5a545c4.jpg,multiple_hands
train,peace,data\hagrid_sample\hagrid-sample-30k-384p\hagrid_30k\train_val_peace\6f331bab-2aef-44d0-9888-6c165889a06a.jpg,no_hand
train,peace,data\hagrid_sample\hagrid-sample-30k-384p\hagrid_30k\train_val_peace\efd508a4-2b4c-4fbd-97e0-95ab028ba9df.jpg,no_hand
train,peace,data\hagrid_sample\hagrid-sample-30k-384p\hagrid_30k\train_val_peace\89323c5b-c8ca-494c-90cf-be25598b10f4.jpg,multiple_hands
train,peace,data\hagrid_sample\hagrid-sample-30k-384p\hagrid_30k\train_val_peace\4a47f0c7-ec83-403a-9b02-52cb5d2bd3c8.jpg,multiple_hands
train,peace,data\hagrid_sample\hagrid-sample-30k-384p\hagrid_30k\train_val_peace\58b87d3c-c2d0-43ef-abdf-1fe2530f5116.jpg,multiple_hands
train,peace,data\hagrid_sample\hagrid-sample-30k-384p\hagrid_30k\train_val_peace\30f57672-eb1f-4547-b2b2-a8b4dfa57846.jpg,multiple_hands
train,peace,data\hagrid_sample\hagrid-sample-30k-384p\hagrid_30k\train_val_peace\d7e8cfc1-557f-420a-bedf-e06a3e0c1ef3.jpg,no_hand
train,peace,data\hagrid_sample\hagrid-sample-30k-384p\hagrid_30k\train_val_peace\ee141a1d-5cce-465f-b0b7-180d443762ed.jpg,multiple_hands
train,peace,data\hagrid_sample\hagrid-sample-30k-384p\hagrid_30k\train_val_peace\7eeabd43-74cd-4465-b189-792ff9e7f4c1.jpg,multiple_hands
train,peace,data\hagrid_sample\hagrid-sample-30k-384p\hagrid_30k\train_val_peace\3b14c5d0-9ecb-4470-aafc-50678985f7f9.jpg,no_hand
train,peace,data\hagrid_sample\hagrid-sample-30k-384p\hagrid_30k\train_val_peace\9019e1eb-f44f-4d4b-8d21-60d60fb3fc2a.jpg,multiple_hands
train,peace,data\hagrid_sample\hagrid-sample-30k-384p\hagrid_30k\train_val_peace\5e687ec3-f252-4f2d-8028-9f99e2229eb1.jpg,no_hand
train,peace,data\hagrid_sample\hagrid-sample-30k-384p\hagrid_30k\train_val_peace\ce459383-5763-4f08-98e4-38e015ba2534.jpg,multiple_hands
train,peace,data\hagrid_sample\hagrid-sample-30k-384p\hagrid_30k\train_val_peace\f92ce10c-93c0-4d7a-97b3-8e7a972181dc.jpg,multiple_hands
train,peace,data\hagrid_sample\hagrid-sample-30k-384p\hagrid_30k\train_val_peace\9162bebc-a146-4e1d-8d76-68735763d491.jpg,multiple_hands
train,peace,data\hagrid_sample\hagrid-sample-30k-384p\hagrid_30k\train_val_peace\114e86c2-c45f-44c7-87fe-e62b49a679a9.jpg,multiple_hands
train,peace,data\hagrid_sample\hagrid-sample-30k-384p\hagrid_30k\train_val_peace\a14ddbb4-2af4-42f7-8543-131681f1532c.jpg,multiple_hands
train,peace,data\hagrid_sample\hagrid-sample-30k-384p\hagrid_30k\train_val_peace\4d9d5dab-5b8a-4f06-aec5-6fa25694182c.jpg,multiple_hands
train,peace,data\hagrid_sample\hagrid-sample-30k-384p\hagrid_30k\train_val_peace\1e269676-8dab-4101-b265-27d2f936da1f.jpg,no_hand
train,peace,data\hagrid_sample\hagrid-sample-30k-384p\hagrid_30k\train_val_peace\c14e2d91-713e-41b2-9057-577693a05be6.jpg,no_hand
train,peace,data\hagrid_sample\hagrid-sample-30k-384p\hagrid_30k\train_val_peace\922ca24b-d4ca-42d4-a987-40ebf390de9f.jpg,multiple_hands
train,peace,data\hagrid_sample\hagrid-sample-30k-384p\hagrid_30k\train_val_peace\b754a7ef-7f59-4be9-bbe7-20bcf1698aab.jpg,multiple_hands
train,peace,data\hagrid_sample\hagrid-sample-30k-384p\hagrid_30k\train_val_peace\11fd44e9-4ed7-489f-833f-8b84396380f8.jpg,no_hand
train,peace,data\hagrid_sample\hagrid-sample-30k-384p\hagrid_30k\train_val_peace\48df251d-072f-4fe7-a81e-71f7649ae80a.jpg,multiple_hands
train,peace,data\hagrid_sample\hagrid-sample-30k-384p\hagrid_30k\train_val_peace\9f241651-f376-41c8-bd60-de8146365dae.jpg,multiple_hands
train,peace,data\hagrid_sample\hagrid-sample-30k-384p\hagrid_30k\train_val_peace\dcc23e00-b484-4442-bf73-9ce65f31e06d.jpg,multiple_hands
train,peace,data\hagrid_sample\hagrid-sample-30k-384p\hagrid_30k\train_val_peace\4a03e49f-5f7d-4dc5-aac5-141cb6518aea.jpg,multiple_hands
train,peace,data\hagrid_sample\hagrid-sample-30k-384p\hagrid_30k\train_val_peace\c86dfac4-6ad6-496c-bf29-655283dcc90b.jpg,multiple_hands
train,peace,data\hagrid_sample\hagrid-sample-30k-384p\hagrid_30k\train_val_peace\e1a6361f-675b-4998-9eed-79cba72b89d2.jpg,multiple_hands
train,peace,data\hagrid_sample\hagrid-sample-30k-384p\hagrid_30k\train_val_peace\2e2a88c7-2564-449f-8b2d-792400de95bc.jpg,multiple_hands
train,peace,data\hagrid_sample\hagrid-sample-30k-384p\hagrid_30k\train_val_peace\941e0b83-1e1d-4fef-8558-a3b9c482095b.jpg,no_hand
train,peace,data\hagrid_sample\hagrid-sample-30k-384p\hagrid_30k\train_val_peace\7688f2cc-915a-4eb6-a03a-043374db8987.jpg,no_hand
train,peace,data\hagrid_sample\hagrid-sample-30k-384p\hagrid_30k\train_val_peace\7c2ed47b-59fc-4f29-aaa9-0fcaf5ef0038.jpg,no_hand
train,peace,data\hagrid_sample\hagrid-sample-30k-384p\hagrid_30k\train_val_peace\a79aaf27-4acc-4e68-ad32-79cca42263b3.jpg,multiple_hands
train,peace,data\hagrid_sample\hagrid-sample-30k-384p\hagrid_30k\train_val_peace\2df92284-43d0-485c-a0e0-a1396f234eac.jpg,multiple_hands
train,peace,data\hagrid_sample\hagrid-sample-30k-384p\hagrid_30k\train_val_peace\f04246fa-d60b-4ed0-9825-8af49d2df0a4.jpg,no_hand
train,peace,data\hagrid_sample\hagrid-sample-30k-384p\hagrid_30k\train_val_peace\2886323c-5ba6-4257-9932-e232fc13e03c.jpg,multiple_hands
train,peace,data\hagrid_sample\hagrid-sample-30k-384p\hagrid_30k\train_val_peace\3fa39125-0cac-4bd6-8fae-481c36646149.jpg,no_hand
train,peace,data\hagrid_sample\hagrid-sample-30k-384p\hagrid_30k\train_val_peace\052e17bc-896d-494e-afaa-0148e699bb61.jpg,no_hand
train,peace,data\hagrid_sample\hagrid-sample-30k-384p\hagrid_30k\train_val_peace\0edf676d-9135-4399-9809-e6e0c48f88a6.jpg,no_hand
train,peace,data\hagrid_sample\hagrid-sample-30k-384p\hagrid_30k\train_val_peace\776aebfe-579b-4d7b-9c16-7e1dd2c71b09.jpg,multiple_hands
train,peace,data\hagrid_sample\hagrid-sample-30k-384p\hagrid_30k\train_val_peace\bdc965b0-439d-47aa-9084-96d67a515414.jpg,no_hand
train,peace,data\hagrid_sample\hagrid-sample-30k-384p\hagrid_30k\train_val_peace\e8cf67e6-c900-4503-91f3-7520cf66dbf4.jpg,multiple_hands
train,peace,data\hagrid_sample\hagrid-sample-30k-384p\hagrid_30k\train_val_peace\abb59e8e-b78a-4f0a-a244-197ea76086bd.jpg,no_hand
train,peace,data\hagrid_sample\hagrid-sample-30k-384p\hagrid_30k\train_val_peace\5b3f2b01-cb61-4ade-8a82-bfd63bbd9200.jpg,no_hand
train,peace,data\hagrid_sample\hagrid-sample-30k-384p\hagrid_30k\train_val_peace\f1dd5e07-44a7-4f5b-a613-df8401563da3.jpg,multiple_hands
train,peace,data\hagrid_sample\hagrid-sample-30k-384p\hagrid_30k\train_val_peace\fed93627-1221-4326-830b-56e64c81825d.jpg,no_hand
train,peace,data\hagrid_sample\hagrid-sample-30k-384p\hagrid_30k\train_val_peace\2c9d207f-b439-42fa-8480-10aa9f2657e7.jpg,no_hand
train,peace,data\hagrid_sample\hagrid-sample-30k-384p\hagrid_30k\train_val_peace\92a7ab81-e71f-46aa-99e4-107b1a854796.jpg,multiple_hands
train,peace,data\hagrid_sample\hagrid-sample-30k-384p\hagrid_30k\train_val_peace\818a2741-21d5-4a85-b1b6-29d1846af51b.jpg,no_hand
train,peace,data\hagrid_sample\hagrid-sample-30k-384p\hagrid_30k\train_val_peace\eb29bc03-3cd6-4cee-8d80-f845de68199f.jpg,no_hand
train,peace,data\hagrid_sample\hagrid-sample-30k-384p\hagrid_30k\train_val_peace\9c36508c-4029-483c-b69a-4fcce57b25cc.jpg,no_hand
train,peace,data\hagrid_sample\hagrid-sample-30k-384p\hagrid_30k\train_val_peace\da181856-2037-4451-8880-f0d1136c543d.jpg,multiple_hands
train,peace,data\hagrid_sample\hagrid-sample-30k-384p\hagrid_30k\train_val_peace\04130e7e-1b9e-4aa0-a3b1-db715b6ee93c.jpg,no_hand
train,peace,data\hagrid_sample\hagrid-sample-30k-384p\hagrid_30k\train_val_peace\b61ceb62-ae33-433b-b7a4-df06df8296e5.jpg,multiple_hands
train,peace,data\hagrid_sample\hagrid-sample-30k-384p\hagrid_30k\train_val_peace\326e74e7-bdd3-46e5-8f7d-b0396835e380.jpg,multiple_hands
train,peace,data\hagrid_sample\hagrid-sample-30k-384p\hagrid_30k\train_val_peace\ed74001d-4eec-4b1c-9180-a6616b12511c.jpg,multiple_hands
train,peace,data\hagrid_sample\hagrid-sample-30k-384p\hagrid_30k\train_val_peace\b0087b07-886d-496a-a333-7fe4396570f1.jpg,no_hand
train,peace,data\hagrid_sample\hagrid-sample-30k-384p\hagrid_30k\train_val_peace\5670db39-d6ae-481c-b203-602866caf926.jpg,no_hand
train,peace,data\hagrid_sample\hagrid-sample-30k-384p\hagrid_30k\train_val_peace\6e28279d-27d5-4f9c-9954-774d5c0546bc.jpg,no_hand
train,peace,data\hagrid_sample\hagrid-sample-30k-384p\hagrid_30k\train_val_peace\63d85dc4-c972-43ab-a8e4-99d937e6c6cc.jpg,multiple_hands
train,peace,data\hagrid_sample\hagrid-sample-30k-384p\hagrid_30k\train_val_peace\05d73a69-72c7-4fc7-892d-84034980dd8d.jpg,multiple_hands
train,peace,data\hagrid_sample\hagrid-sample-30k-384p\hagrid_30k\train_val_peace\808e2e96-a523-4627-a291-b1671ad992d1.jpg,no_hand
train,peace,data\hagrid_sample\hagrid-sample-30k-384p\hagrid_30k\train_val_peace\a0e443be-6302-4067-8b34-92a061bc8850.jpg,multiple_hands
train,peace,data\hagrid_sample\hagrid-sample-30k-384p\hagrid_30k\train_val_peace\fd4230da-e708-4b5e-bae2-635c2642fa47.jpg,multiple_hands
train,peace,data\hagrid_sample\hagrid-sample-30k-384p\hagrid_30k\train_val_peace\880837b7-9909-4dfe-a173-e473a6b680ad.jpg,multiple_hands
train,peace,data\hagrid_sample\hagrid-sample-30k-384p\hagrid_30k\train_val_peace\7830c174-a904-49aa-8515-06e8563e3d65.jpg,multiple_hands
train,peace,data\hagrid_sample\hagrid-sample-30k-384p\hagrid_30k\train_val_peace\d86357b0-509b-4dd8-a364-1a89a0225b6a.jpg,no_hand
train,peace,data\hagrid_sample\hagrid-sample-30k-384p\hagrid_30k\train_val_peace\f234ee85-efd6-488c-87d2-7cbaf96e867b.jpg,no_hand
train,peace,data\hagrid_sample\hagrid-sample-30k-384p\hagrid_30k\train_val_peace\277f2f00-0958-4c77-9248-852a32b5ddb2.jpg,no_hand
train,peace,data\hagrid_sample\hagrid-sample-30k-384p\hagrid_30k\train_val_peace\0b7ee671-b0eb-426d-b728-3fa73e62071b.jpg,multiple_hands
train,peace,data\hagrid_sample\hagrid-sample-30k-384p\hagrid_30k\train_val_peace\b3eb495f-7979-4a46-ad63-bcf2e6676512.jpg,multiple_hands
train,peace,data\hagrid_sample\hagrid-sample-30k-384p\hagrid_30k\train_val_peace\b35406ef-1f84-4cfe-ada4-773f551131df.jpg,multiple_hands
train,peace,data\hagrid_sample\hagrid-sample-30k-384p\hagrid_30k\train_val_peace\d91b46a3-9a04-4bc9-a3af-4230306f7b2d.jpg,no_hand
train,peace,data\hagrid_sample\hagrid-sample-30k-384p\hagrid_30k\train_val_peace\2683939c-eae5-4147-b221-f3a2bfbd701f.jpg,multiple_hands
train,peace,data\hagrid_sample\hagrid-sample-30k-384p\hagrid_30k\train_val_peace\8bfcfb80-e83a-40ac-b10f-8e0677301869.jpg,no_hand
train,peace,data\hagrid_sample\hagrid-sample-30k-384p\hagrid_30k\train_val_peace\7a5d5d32-cb2c-45a8-b6b2-c7e317e6ffff.jpg,no_hand
train,peace,data\hagrid_sample\hagrid-sample-30k-384p\hagrid_30k\train_val_peace\fdb2cc40-c53b-494f-b026-447a6b9a91e3.jpg,no_hand
train,peace,data\hagrid_sample\hagrid-sample-30k-384p\hagrid_30k\train_val_peace\e38c353a-9ab6-4402-8610-9cc58733cba0.jpg,no_hand
train,peace,data\hagrid_sample\hagrid-sample-30k-384p\hagrid_30k\train_val_peace\552f45f6-d5e5-45d1-a32b-412f60406b4c.jpg,no_hand
train,peace,data\hagrid_sample\hagrid-sample-30k-384p\hagrid_30k\train_val_peace\c41fb889-500a-4eb6-b408-13cffd521fed.jpg,no_hand
train,peace,data\hagrid_sample\hagrid-sample-30k-384p\hagrid_30k\train_val_peace\e5bafc14-b393-4ca7-ae7f-b39f0ce6a440.jpg,multiple_hands
train,peace,data\hagrid_sample\hagrid-sample-30k-384p\hagrid_30k\train_val_peace\ef88e8cf-acfb-45f8-93f9-ab4ad7632883.jpg,multiple_hands
train,peace,data\hagrid_sample\hagrid-sample-30k-384p\hagrid_30k\train_val_peace\2638a83c-e25b-4042-aff3-7aa8ea33a807.jpg,multiple_hands
train,peace,data\hagrid_sample\hagrid-sample-30k-384p\hagrid_30k\train_val_peace\60c17c6d-37d0-4928-8b61-eda4c71424d2.jpg,no_hand
train,peace,data\hagrid_sample\hagrid-sample-30k-384p\hagrid_30k\train_val_peace\c5079bf0-dc6f-4054-b875-c94e9795062d.jpg,multiple_hands
train,peace,data\hagrid_sample\hagrid-sample-30k-384p\hagrid_30k\train_val_peace\03f5a034-c619-4a26-87cf-1bfe76ba58ca.jpg,no_hand
train,peace,data\hagrid_sample\hagrid-sample-30k-384p\hagrid_30k\train_val_peace\dc83c3d9-bbf7-43b0-935e-e673e7ca2f84.jpg,multiple_hands
train,peace,data\hagrid_sample\hagrid-sample-30k-384p\hagrid_30k\train_val_peace\8b24a745-879e-4c5c-92f2-a3b63f30afa7.jpg,no_hand
train,peace,data\hagrid_sample\hagrid-sample-30k-384p\hagrid_30k\train_val_peace\a41aca2f-5782-447a-826b-0bfc4c4f6701.jpg,multiple_hands
train,peace,data\hagrid_sample\hagrid-sample-30k-384p\hagrid_30k\train_val_peace\eae850f8-836c-4a3f-af19-7808c5cc14a6.jpg,multiple_hands
train,peace,data\hagrid_sample\hagrid-sample-30k-384p\hagrid_30k\train_val_peace\934bf85b-3d35-40e8-882c-39a85759c869.jpg,no_hand
train,peace,data\hagrid_sample\hagrid-sample-30k-384p\hagrid_30k\train_val_peace\f2189f12-e8e0-4add-a942-90ca1314b32c.jpg,multiple_hands
train,peace,data\hagrid_sample\hagrid-sample-30k-384p\hagrid_30k\train_val_peace\ea6ce29f-4e6b-44c2-ad83-a58e46161216.jpg,multiple_hands
train,peace,data\hagrid_sample\hagrid-sample-30k-384p\hagrid_30k\train_val_peace\301e1525-72fa-42b1-9f0d-8e58d77836c7.jpg,multiple_hands
train,peace,data\hagrid_sample\hagrid-sample-30k-384p\hagrid_30k\train_val_peace\be84b9ad-8b78-4cf3-b407-2ecc0f321d54.jpg,multiple_hands
train,peace,data\hagrid_sample\hagrid-sample-30k-384p\hagrid_30k\train_val_peace\5160a426-4dab-4060-adff-3861b400dc4e.jpg,multiple_hands
train,peace,data\hagrid_sample\hagrid-sample-30k-384p\hagrid_30k\train_val_peace\3803ef97-6018-4335-b58e-e6567d0f10fb.jpg,multiple_hands
train,peace,data\hagrid_sample\hagrid-sample-30k-384p\hagrid_30k\train_val_peace\34a921da-6840-4e73-96d4-32ef52fec881.jpg,multiple_hands
train,peace,data\hagrid_sample\hagrid-sample-30k-384p\hagrid_30k\train_val_peace\00713a3f-1c7b-43be-8aa3-8133fdbec100.jpg,multiple_hands
train,peace,data\hagrid_sample\hagrid-sample-30k-384p\hagrid_30k\train_val_peace\5de5d9c5-2882-4ea5-af88-49ef64ab9d79.jpg,multiple_hands
train,peace,data\hagrid_sample\hagrid-sample-30k-384p\hagrid_30k\train_val_peace\aa194708-c12f-4705-9d20-5a21772675c5.jpg,no_hand
train,peace,data\hagrid_sample\hagrid-sample-30k-384p\hagrid_30k\train_val_peace\193ebeb1-64fe-46ee-b565-bbbd7f30741a.jpg,multiple_hands
train,peace,data\hagrid_sample\hagrid-sample-30k-384p\hagrid_30k\train_val_peace\26e4d4f2-c64f-4366-84c9-93bf9bf43da2.jpg,no_hand
train,peace,data\hagrid_sample\hagrid-sample-30k-384p\hagrid_30k\train_val_peace\f742db5f-60bf-4edb-a80b-9dc292b1d45e.jpg,multiple_hands
train,peace,data\hagrid_sample\hagrid-sample-30k-384p\hagrid_30k\train_val_peace\4906bf5b-a3b2-44d1-b2c5-ded4580f3fc3.jpg,multiple_hands
train,peace,data\hagrid_sample\hagrid-sample-30k-384p\hagrid_30k\train_val_peace\eac6b56c-7859-4efd-8072-dfa78ce87d06.jpg,multiple_hands
train,peace,data\hagrid_sample\hagrid-sample-30k-384p\hagrid_30k\train_val_peace\48c623d4-6631-47f8-b0ac-efd5c89d26ac.jpg,no_hand
train,peace,data\hagrid_sample\hagrid-sample-30k-384p\hagrid_30k\train_val_peace\fd601fc5-2571-465b-97d3-b6dc3f08d16f.jpg,no_hand
train,peace,data\hagrid_sample\hagrid-sample-30k-384p\hagrid_30k\train_val_peace\665049f9-6027-4c5e-880e-8f9f07e64ab9.jpg,multiple_hands
train,peace,data\hagrid_sample\hagrid-sample-30k-384p\hagrid_30k\train_val_peace\e1706ad3-7c05-42c3-af39-341d1afa1a5a.jpg,multiple_hands
train,peace,data\hagrid_sample\hagrid-sample-30k-384p\hagrid_30k\train_val_peace\75c98617-9f43-48e0-a060-7327f44a799a.jpg,multiple_hands
train,peace,data\hagrid_sample\hagrid-sample-30k-384p\hagrid_30k\train_val_peace\5ffc540f-d2de-4b87-9540-98891727fde4.jpg,no_hand
train,peace,data\hagrid_sample\hagrid-sample-30k-384p\hagrid_30k\train_val_peace\08440465-f942-41ee-bd18-6344d115084e.jpg,multiple_hands
train,peace,data\hagrid_sample\hagrid-sample-30k-384p\hagrid_30k\train_val_peace\889d17b5-4a96-49ac-b781-5b96a488d8e8.jpg,no_hand
train,peace,data\hagrid_sample\hagrid-sample-30k-384p\hagrid_30k\train_val_peace\6e9a00e2-5ac6-46df-abea-60bc0616f2f8.jpg,multiple_hands
train,peace,data\hagrid_sample\hagrid-sample-30k-384p\hagrid_30k\train_val_peace\e4976a52-e7a7-43cc-9c20-ba25d6909fe8.jpg,multiple_hands
train,peace,data\hagrid_sample\hagrid-sample-30k-384p\hagrid_30k\train_val_peace\4e1f1beb-9f5e-411e-b34d-03595c303cf3.jpg,multiple_hands
train,peace,data\hagrid_sample\hagrid-sample-30k-384p\hagrid_30k\train_val_peace\6d77aa37-d40b-421a-b8e5-9e55adcc1271.jpg,multiple_hands
train,peace,data\hagrid_sample\hagrid-sample-30k-384p\hagrid_30k\train_val_peace\e98b41d1-a1f4-4c2b-b68a-7e3f44cc34d7.jpg,no_hand
train,peace,data\hagrid_sample\hagrid-sample-30k-384p\hagrid_30k\train_val_peace\b1ddcdff-da34-4409-84c6-f8f34905581d.jpg,multiple_hands
train,peace,data\hagrid_sample\hagrid-sample-30k-384p\hagrid_30k\train_val_peace\d216d61f-29ec-4db7-b1ca-285d94f2b0b9.jpg,no_hand
train,peace,data\hagrid_sample\hagrid-sample-30k-384p\hagrid_30k\train_val_peace\c172a086-5642-4328-939a-c7c9e34dd3de.jpg,no_hand
train,peace,data\hagrid_sample\hagrid-sample-30k-384p\hagrid_30k\train_val_peace\f3c08eec-0119-4cdd-9468-92eac75a38ec.jpg,no_hand
train,peace,data\hagrid_sample\hagrid-sample-30k-384p\hagrid_30k\train_val_peace\b5306d98-683f-450a-9a15-cac6da2a9cd7.jpg,multiple_hands
train,peace,data\hagrid_sample\hagrid-sample-30k-384p\hagrid_30k\train_val_peace\ace7b6ec-1c3e-41f9-b94e-742417e856df.jpg,multiple_hands
train,peace,data\hagrid_sample\hagrid-sample-30k-384p\hagrid_30k\train_val_peace\189192ba-cacd-496d-9bca-193fd0ae904b.jpg,multiple_hands
train,peace,data\hagrid_sample\hagrid-sample-30k-384p\hagrid_30k\train_val_peace\050dabcd-b592-4f0d-81b0-943e348d256a.jpg,no_hand
train,peace,data\hagrid_sample\hagrid-sample-30k-384p\hagrid_30k\train_val_peace\cd804c57-2580-4e05-8a1e-06eaec7d6be5.jpg,multiple_hands
train,peace,data\hagrid_sample\hagrid-sample-30k-384p\hagrid_30k\train_val_peace\d84599d6-8b10-444c-b2e2-97d1e98e14c6.jpg,multiple_hands
train,peace,data\hagrid_sample\hagrid-sample-30k-384p\hagrid_30k\train_val_peace\06267489-e331-4497-ada1-6a39577c0677.jpg,no_hand
train,peace,data\hagrid_sample\hagrid-sample-30k-384p\hagrid_30k\train_val_peace\b7072dc6-66e3-4c72-802c-040dbd37c930.jpg,no_hand
train,peace,data\hagrid_sample\hagrid-sample-30k-384p\hagrid_30k\train_val_peace\d46cf569-02ec-48c3-bea0-9fa21340fd18.jpg,no_hand
train,peace,data\hagrid_sample\hagrid-sample-30k-384p\hagrid_30k\train_val_peace\daed5192-833c-437f-bf2c-dc30194cae9f.jpg,multiple_hands
train,peace,data\hagrid_sample\hagrid-sample-30k-384p\hagrid_30k\train_val_peace\218a28e0-1cfd-4328-a2fb-587e714474b8.jpg,multiple_hands
train,peace,data\hagrid_sample\hagrid-sample-30k-384p\hagrid_30k\train_val_peace\9fd3199c-d44e-47c0-bf8b-9785d5edc944.jpg,multiple_hands
train,peace,data\hagrid_sample\hagrid-sample-30k-384p\hagrid_30k\train_val_peace\d512c6a3-9cd5-4ecc-97b0-f938240cf343.jpg,multiple_hands
train,peace,data\hagrid_sample\hagrid-sample-30k-384p\hagrid_30k\train_val_peace\a9dd6621-651a-4317-9a25-c79d466d4929.jpg,no_hand
train,peace,data\hagrid_sample\hagrid-sample-30k-384p\hagrid_30k\train_val_peace\c25fb38a-cf7a-463e-ac02-c776b1abab89.jpg,no_hand
train,peace,data\hagrid_sample\hagrid-sample-30k-384p\hagrid_30k\train_val_peace\8afa423c-43da-4a77-9c83-4e86aaa20738.jpg,no_hand
train,peace,data\hagrid_sample\hagrid-sample-30k-384p\hagrid_30k\train_val_peace\30a9e8b7-92ee-4d38-8eaf-c81d28dcb9bf.jpg,multiple_hands
train,peace,data\hagrid_sample\hagrid-sample-30k-384p\hagrid_30k\train_val_peace\2b348211-4709-419b-9d25-a183c4db5486.jpg,multiple_hands
train,peace,data\hagrid_sample\hagrid-sample-30k-384p\hagrid_30k\train_val_peace\b1f7d83c-4337-48dc-9704-b8bf70acbbf5.jpg,no_hand
train,peace,data\hagrid_sample\hagrid-sample-30k-384p\hagrid_30k\train_val_peace\bbb7afb5-e17a-4d3b-897b-042c2920fcbb.jpg,no_hand
train,peace,data\hagrid_sample\hagrid-sample-30k-384p\hagrid_30k\train_val_peace\ce76d4db-33df-4490-aeb3-da1be28c2320.jpg,no_hand
train,peace,data\hagrid_sample\hagrid-sample-30k-384p\hagrid_30k\train_val_peace\28f16076-8fc6-4cf9-9c05-c4432ba43cd4.jpg,multiple_hands
train,peace,data\hagrid_sample\hagrid-sample-30k-384p\hagrid_30k\train_val_peace\94c53ecb-9962-42f6-94d1-5f544788da02.jpg,multiple_hands
train,peace,data\hagrid_sample\hagrid-sample-30k-384p\hagrid_30k\train_val_peace\cd0ba22e-dc50-4bf8-a529-bfe591896e80.jpg,no_hand
train,peace,data\hagrid_sample\hagrid-sample-30k-384p\hagrid_30k\train_val_peace\b5165a95-665e-4477-8638-c4ed0498b7ae.jpg,multiple_hands
train,peace,data\hagrid_sample\hagrid-sample-30k-384p\hagrid_30k\train_val_peace\36840910-742d-461c-8c34-659e9b00a9f6.jpg,multiple_hands
train,peace,data\hagrid_sample\hagrid-sample-30k-384p\hagrid_30k\train_val_peace\762e7a11-6ed3-4fd1-b7ed-5b44c0b4e7ec.jpg,no_hand
train,peace,data\hagrid_sample\hagrid-sample-30k-384p\hagrid_30k\train_val_peace\4dfb278e-4198-47d8-9103-e396d57a24ae.jpg,multiple_hands
train,peace,data\hagrid_sample\hagrid-sample-30k-384p\hagrid_30k\train_val_peace\a9aad1cc-4548-4e13-abca-d5d5b001ed9b.jpg,multiple_hands
train,peace,data\hagrid_sample\hagrid-sample-30k-384p\hagrid_30k\train_val_peace\2fd0e110-9223-49db-b08e-b2376704ec3c.jpg,multiple_hands
train,peace,data\hagrid_sample\hagrid-sample-30k-384p\hagrid_30k\train_val_peace\468db47b-f70f-48ec-b7b8-feb62b7713c7.jpg,no_hand
train,peace,data\hagrid_sample\hagrid-sample-30k-384p\hagrid_30k\train_val_peace\801fe608-6b76-4d5d-aac5-48056bac15ab.jpg,multiple_hands
train,peace,data\hagrid_sample\hagrid-sample-30k-384p\hagrid_30k\train_val_peace\f4a6238d-16ce-492a-a278-2c16d2da1004.jpg,no_hand
train,peace,data\hagrid_sample\hagrid-sample-30k-384p\hagrid_30k\train_val_peace\bfe7b0f0-8da5-4685-9253-7476396f748b.jpg,multiple_hands
train,peace,data\hagrid_sample\hagrid-sample-30k-384p\hagrid_30k\train_val_peace\be5e1d4d-6345-4c99-9476-9e550fb89342.jpg,no_hand
train,peace,data\hagrid_sample\hagrid-sample-30k-384p\hagrid_30k\train_val_peace\db530966-02e9-4dc7-825c-86e4ae4c4582.jpg,no_hand
train,peace,data\hagrid_sample\hagrid-sample-30k-384p\hagrid_30k\train_val_peace\6fa2efcb-5867-4c5e-81cc-ddb3669de978.jpg,no_hand
train,peace,data\hagrid_sample\hagrid-sample-30k-384p\hagrid_30k\train_val_peace\c7bb7195-5d36-4fff-b47e-7de0e2abe8b5.jpg,no_hand
train,peace,data\hagrid_sample\hagrid-sample-30k-384p\hagrid_30k\train_val_peace\ad70d506-332e-4c2b-8ee8-218a8c7739ff.jpg,multiple_hands
train,peace,data\hagrid_sample\hagrid-sample-30k-384p\hagrid_30k\train_val_peace\dd29f197-6f80-48e7-a850-1a6b9b54ad78.jpg,multiple_hands
train,peace,data\hagrid_sample\hagrid-sample-30k-384p\hagrid_30k\train_val_peace\9275a299-3b19-4f23-b1ff-14ca6c6d1aae.jpg,multiple_hands
train,peace,data\hagrid_sample\hagrid-sample-30k-384p\hagrid_30k\train_val_peace\e47981f9-0317-4edf-9ee5-7aa6eefb5105.jpg,multiple_hands
train,peace,data\hagrid_sample\hagrid-sample-30k-384p\hagrid_30k\train_val_peace\8d2fe33c-ae1b-41eb-ab84-4fedfd043420.jpg,no_hand
train,peace,data\hagrid_sample\hagrid-sample-30k-384p\hagrid_30k\train_val_peace\66bd929b-e925-49df-ad67-21c895770646.jpg,multiple_hands
train,peace,data\hagrid_sample\hagrid-sample-30k-384p\hagrid_30k\train_val_peace\9441ddf3-1063-4785-81e0-c45688da5944.jpg,multiple_hands
train,peace,data\hagrid_sample\hagrid-sample-30k-384p\hagrid_30k\train_val_peace\3167d690-fe1a-4b0e-9e6e-551651eeb5c6.jpg,no_hand
train,peace,data\hagrid_sample\hagrid-sample-30k-384p\hagrid_30k\train_val_peace\36e9ed56-6fcd-4385-9247-8b5636692ee8.jpg,no_hand
train,peace,data\hagrid_sample\hagrid-sample-30k-384p\hagrid_30k\train_val_peace\99adb456-3d0e-4b09-8cd8-1b58577cf0ec.jpg,multiple_hands
train,peace,data\hagrid_sample\hagrid-sample-30k-384p\hagrid_30k\train_val_peace\dc5bb436-14e6-43df-ba2e-3f8c7e67377b.jpg,no_hand
train,peace,data\hagrid_sample\hagrid-sample-30k-384p\hagrid_30k\train_val_peace\786f8b18-31a6-4b38-9e19-ad9fdb35777c.jpg,multiple_hands
train,peace,data\hagrid_sample\hagrid-sample-30k-384p\hagrid_30k\train_val_peace\2d6d5507-ad00-49d0-9030-1e595f421f55.jpg,no_hand
train,peace,data\hagrid_sample\hagrid-sample-30k-384p\hagrid_30k\train_val_peace\745b6fad-4b62-4fc3-93ab-7617df0bad01.jpg,multiple_hands
train,peace,data\hagrid_sample\hagrid-sample-30k-384p\hagrid_30k\train_val_peace\2056a6ee-4651-4bbb-a205-86a807e5d094.jpg,no_hand
train,peace,data\hagrid_sample\hagrid-sample-30k-384p\hagrid_30k\train_val_peace\6bceb074-5773-43bc-bd90-08dcb7ce3e86.jpg,no_hand
train,peace,data\hagrid_sample\hagrid-sample-30k-384p\hagrid_30k\train_val_peace\fcb7def4-e63b-4487-929e-cdf8dce2a017.jpg,multiple_hands
train,peace,data\hagrid_sample\hagrid-sample-30k-384p\hagrid_30k\train_val_peace\236eeede-1f65-4ab0-8757-63abbf448b17.jpg,multiple_hands
train,peace,data\hagrid_sample\hagrid-sample-30k-384p\hagrid_30k\train_val_peace\49530a86-dd71-4118-acd2-17234f4b02c9.jpg,multiple_hands
train,peace,data\hagrid_sample\hagrid-sample-30k-384p\hagrid_30k\train_val_peace\4e953fc5-46ed-4ca4-9082-9ab6bbab972f.jpg,multiple_hands
train,peace,data\hagrid_sample\hagrid-sample-30k-384p\hagrid_30k\train_val_peace\04e60691-090d-4e71-b749-ddcf2ad0b740.jpg,multiple_hands
train,peace,data\hagrid_sample\hagrid-sample-30k-384p\hagrid_30k\train_val_peace\30d41aa5-dbfe-4691-af6f-ccee4bca32f7.jpg,no_hand
train,peace,data\hagrid_sample\hagrid-sample-30k-384p\hagrid_30k\train_val_peace\24674bd6-bb02-4d5e-bef9-6287a7187a42.jpg,multiple_hands
train,peace,data\hagrid_sample\hagrid-sample-30k-384p\hagrid_30k\train_val_peace\c0d9def6-5328-4017-93d5-9d58ec0a8e3c.jpg,multiple_hands
train,peace,data\hagrid_sample\hagrid-sample-30k-384p\hagrid_30k\train_val_peace\95795b32-5088-48c0-a498-9e918e3a4de7.jpg,multiple_hands
train,peace,data\hagrid_sample\hagrid-sample-30k-384p\hagrid_30k\train_val_peace\d71416b8-3be2-4412-b4fb-298d402f9fbd.jpg,multiple_hands
train,peace,data\hagrid_sample\hagrid-sample-30k-384p\hagrid_30k\train_val_peace\2bdc9a82-51ac-4f5d-bc19-dd1d904ea3f5.jpg,no_hand
train,peace,data\hagrid_sample\hagrid-sample-30k-384p\hagrid_30k\train_val_peace\32dd2605-f783-49d2-a93c-54d6b0fa39ac.jpg,no_hand
train,peace,data\hagrid_sample\hagrid-sample-30k-384p\hagrid_30k\train_val_peace\19cddbca-e2ff-4f4b-b1ed-2eda2d6dd639.jpg,multiple_hands
train,peace,data\hagrid_sample\hagrid-sample-30k-384p\hagrid_30k\train_val_peace\adbd84c6-1382-4e85-8e90-32123c8b9adf.jpg,multiple_hands
train,peace,data\hagrid_sample\hagrid-sample-30k-384p\hagrid_30k\train_val_peace\da3a1774-4609-4e45-85e7-15912bdf0dff.jpg,multiple_hands
train,peace,data\hagrid_sample\hagrid-sample-30k-384p\hagrid_30k\train_val_peace\1e4bc270-2aac-44c8-8a84-a65fb48623b6.jpg,multiple_hands
train,peace,data\hagrid_sample\hagrid-sample-30k-384p\hagrid_30k\train_val_peace\396c2afc-bd5b-4de9-9c48-c56876a3aaf2.jpg,multiple_hands
train,peace,data\hagrid_sample\hagrid-sample-30k-384p\hagrid_30k\train_val_peace\43185c63-1461-4353-8bf8-41ee04453ed2.jpg,no_hand
train,peace,data\hagrid_sample\hagrid-sample-30k-384p\hagrid_30k\train_val_peace\5a00d8d0-4290-48c5-8969-95d609de30d8.jpg,no_hand
train,peace,data\hagrid_sample\hagrid-sample-30k-384p\hagrid_30k\train_val_peace\15ea67ae-4ca2-4472-9352-e93ae90a81c3.jpg,multiple_hands
train,peace,data\hagrid_sample\hagrid-sample-30k-384p\hagrid_30k\train_val_peace\209eae13-3ee5-4135-b5a1-f9489471de00.jpg,multiple_hands
train,peace,data\hagrid_sample\hagrid-sample-30k-384p\hagrid_30k\train_val_peace\0eb572ff-ffce-4888-97cc-14ac92472746.jpg,no_hand
train,peace,data\hagrid_sample\hagrid-sample-30k-384p\hagrid_30k\train_val_peace\f351bca6-d4f7-4688-be4e-0a56f31df6f5.jpg,multiple_hands
train,peace,data\hagrid_sample\hagrid-sample-30k-384p\hagrid_30k\train_val_peace\7c8ad70e-7302-491d-ab21-1b26ae84ff0d.jpg,multiple_hands
train,peace,data\hagrid_sample\hagrid-sample-30k-384p\hagrid_30k\train_val_peace\1dae65dd-6068-41bc-b040-f085fd985480.jpg,multiple_hands
train,peace,data\hagrid_sample\hagrid-sample-30k-384p\hagrid_30k\train_val_peace\9cdeea26-2505-4ca2-8d4c-a058e1b4e7ba.jpg,no_hand
train,peace,data\hagrid_sample\hagrid-sample-30k-384p\hagrid_30k\train_val_peace\6a535267-f48e-4ae8-830a-80d979efe2f8.jpg,multiple_hands
train,peace,data\hagrid_sample\hagrid-sample-30k-384p\hagrid_30k\train_val_peace\ef1b68ab-7e15-4d9c-9fdd-c59cecd83dbf.jpg,multiple_hands
train,peace,data\hagrid_sample\hagrid-sample-30k-384p\hagrid_30k\train_val_peace\a3f68e9f-4023-48cc-8b11-6cf7a5361d6c.jpg,multiple_hands
train,peace,data\hagrid_sample\hagrid-sample-30k-384p\hagrid_30k\train_val_peace\07bdbc3b-6eb0-4ff0-aaaf-37d931777e1a.jpg,multiple_hands
train,peace,data\hagrid_sample\hagrid-sample-30k-384p\hagrid_30k\train_val_peace\c758ae0a-712c-413d-ae04-c57a850a377e.jpg,multiple_hands
train,peace,data\hagrid_sample\hagrid-sample-30k-384p\hagrid_30k\train_val_peace\42e31808-17e4-425a-b8f0-dbcea2d4e5d7.jpg,no_hand
train,peace,data\hagrid_sample\hagrid-sample-30k-384p\hagrid_30k\train_val_peace\35e85b0c-856c-483a-af0c-8c25cd4814d2.jpg,multiple_hands
train,peace,data\hagrid_sample\hagrid-sample-30k-384p\hagrid_30k\train_val_peace\ad2d2827-5778-4f8b-8705-db0b2f48e4fb.jpg,multiple_hands
train,peace,data\hagrid_sample\hagrid-sample-30k-384p\hagrid_30k\train_val_peace\1a871134-884f-4e35-b0f3-3a6ea30d358f.jpg,multiple_hands
train,peace,data\hagrid_sample\hagrid-sample-30k-384p\hagrid_30k\train_val_peace\64bd0cd3-7414-4f0e-b71a-8196f462c659.jpg,multiple_hands
train,peace,data\hagrid_sample\hagrid-sample-30k-384p\hagrid_30k\train_val_peace\168c5a89-db72-4b33-b09d-c703bf966678.jpg,multiple_hands
train,peace,data\hagrid_sample\hagrid-sample-30k-384p\hagrid_30k\train_val_peace\2912c36a-5f9d-47d9-bda7-f4d53b8f1b7e.jpg,multiple_hands
train,peace,data\hagrid_sample\hagrid-sample-30k-384p\hagrid_30k\train_val_peace\ab96d339-d8b8-4801-b624-e6803c31d9e6.jpg,multiple_hands
train,peace,data\hagrid_sample\hagrid-sample-30k-384p\hagrid_30k\train_val_peace\446be7a2-2377-440c-a870-ec393efb3501.jpg,multiple_hands
train,peace,data\hagrid_sample\hagrid-sample-30k-384p\hagrid_30k\train_val_peace\009bf0b3-a1b1-44e8-8eb4-5e9edd469bf2.jpg,no_hand
train,peace,data\hagrid_sample\hagrid-sample-30k-384p\hagrid_30k\train_val_peace\5c629f5d-40ba-462a-ad50-7533fb78ac4a.jpg,no_hand
train,peace,data\hagrid_sample\hagrid-sample-30k-384p\hagrid_30k\train_val_peace\eab5b3d6-da0a-4ccb-98cb-1b2af12345ac.jpg,multiple_hands
train,peace,data\hagrid_sample\hagrid-sample-30k-384p\hagrid_30k\train_val_peace\1b0e5a7c-e111-45d4-989f-f58658b3eaa2.jpg,multiple_hands
train,peace,data\hagrid_sample\hagrid-sample-30k-384p\hagrid_30k\train_val_peace\db13e2ab-0c13-4a73-86a5-b1d943b98c36.jpg,multiple_hands
train,peace,data\hagrid_sample\hagrid-sample-30k-384p\hagrid_30k\train_val_peace\90f771c0-61df-4701-8769-8b6c45a8b1a1.jpg,multiple_hands
train,peace,data\hagrid_sample\hagrid-sample-30k-384p\hagrid_30k\train_val_peace\6823de06-8da1-4f0f-b67c-aea136aacd90.jpg,no_hand
train,peace,data\hagrid_sample\hagrid-sample-30k-384p\hagrid_30k\train_val_peace\0d679850-6fbe-41bd-a412-25aa50f41b4a.jpg,multiple_hands
train,peace,data\hagrid_sample\hagrid-sample-30k-384p\hagrid_30k\train_val_peace\47f34c4a-657d-41bf-805a-5d6ab6061fdf.jpg,multiple_hands
train,peace,data\hagrid_sample\hagrid-sample-30k-384p\hagrid_30k\train_val_peace\13fbab7d-0e57-4aac-8a88-f37845d57b79.jpg,no_hand
train,peace,data\hagrid_sample\hagrid-sample-30k-384p\hagrid_30k\train_val_peace\56117f00-5241-491c-bef3-d8937121500b.jpg,multiple_hands
train,peace,data\hagrid_sample\hagrid-sample-30k-384p\hagrid_30k\train_val_peace\b8826505-bf65-4bfe-8c84-53d716b9035c.jpg,multiple_hands
train,peace,data\hagrid_sample\hagrid-sample-30k-384p\hagrid_30k\train_val_peace\a6e4f187-342d-4909-a257-577cc9c396eb.jpg,multiple_hands
train,peace,data\hagrid_sample\hagrid-sample-30k-384p\hagrid_30k\train_val_peace\b3b7b0a4-28ef-4646-b130-25b1cbffb4f5.jpg,multiple_hands
train,peace,data\hagrid_sample\hagrid-sample-30k-384p\hagrid_30k\train_val_peace\f196ab05-11ee-4c78-8cc8-794b22e71d70.jpg,no_hand
train,peace,data\hagrid_sample\hagrid-sample-30k-384p\hagrid_30k\train_val_peace\579be9b4-7b61-4069-91db-f6182c7fd6df.jpg,multiple_hands
train,peace,data\hagrid_sample\hagrid-sample-30k-384p\hagrid_30k\train_val_peace\f3ebfbf8-a15f-4bd9-b597-21156c74832f.jpg,no_hand
train,peace,data\hagrid_sample\hagrid-sample-30k-384p\hagrid_30k\train_val_peace\30665a7d-dd28-4b3d-a2cd-eff354404f97.jpg,no_hand
train,peace,data\hagrid_sample\hagrid-sample-30k-384p\hagrid_30k\train_val_peace\91c7055c-4b06-4f7f-9c5a-a6c1a8f86e36.jpg,no_hand
train,peace,data\hagrid_sample\hagrid-sample-30k-384p\hagrid_30k\train_val_peace\7b2f7431-d24c-4de0-b69b-86b3274a2bac.jpg,no_hand
train,peace,data\hagrid_sample\hagrid-sample-30k-384p\hagrid_30k\train_val_peace\9cc7c274-78ce-4bea-91d9-b68e4ad355cc.jpg,no_hand
train,peace,data\hagrid_sample\hagrid-sample-30k-384p\hagrid_30k\train_val_peace\addd7cf6-b1af-4397-b6b0-0c9f0e60dc2d.jpg,multiple_hands
train,peace,data\hagrid_sample\hagrid-sample-30k-384p\hagrid_30k\train_val_peace\0f07a388-9a1d-4b24-9228-c700f395e32d.jpg,multiple_hands
train,peace,data\hagrid_sample\hagrid-sample-30k-384p\hagrid_30k\train_val_peace\993e2cfb-76fc-4ae3-9a42-7e9b7886e2ad.jpg,no_hand
train,peace,data\hagrid_sample\hagrid-sample-30k-384p\hagrid_30k\train_val_peace\ce243850-4900-42f6-a6f4-5d0a7e153ad4.jpg,no_hand
val,peace,data\hagrid_sample\hagrid-sample-30k-384p\hagrid_30k\train_val_peace\22eaf4cb-f24b-41e5-9b37-da42b1db0ed9.jpg,no_hand
val,peace,data\hagrid_sample\hagrid-sample-30k-384p\hagrid_30k\train_val_peace\0cbab397-9075-4bbc-a35a-538d2c5b9fb3.jpg,no_hand
val,peace,data\hagrid_sample\hagrid-sample-30k-384p\hagrid_30k\train_val_peace\bc57a0f8-1195-4d4d-b613-474a5d7e6b14.jpg,no_hand
val,peace,data\hagrid_sample\hagrid-sample-30k-384p\hagrid_30k\train_val_peace\f459dcae-708a-4b62-b5c6-1da9489bd70b.jpg,no_hand
val,peace,data\hagrid_sample\hagrid-sample-30k-384p\hagrid_30k\train_val_peace\0aed959b-6256-4968-8587-f18b1c1f8054.jpg,multiple_hands
val,peace,data\hagrid_sample\hagrid-sample-30k-384p\hagrid_30k\train_val_peace\9466d533-6129-41b3-a3b0-a746966d13ae.jpg,multiple_hands
val,peace,data\hagrid_sample\hagrid-sample-30k-384p\hagrid_30k\train_val_peace\d11c1173-78f1-47b2-8759-649fbfceab6c.jpg,no_hand
val,peace,data\hagrid_sample\hagrid-sample-30k-384p\hagrid_30k\train_val_peace\eedeb2d8-49d7-49d2-b208-7d276c485b4e.jpg,multiple_hands
val,peace,data\hagrid_sample\hagrid-sample-30k-384p\hagrid_30k\train_val_peace\29939b11-8cfe-42da-93a7-82df4dd75cdc.jpg,no_hand
val,peace,data\hagrid_sample\hagrid-sample-30k-384p\hagrid_30k\train_val_peace\584f7e34-4a92-4007-ab89-ab7e75bf16b9.jpg,no_hand
val,peace,data\hagrid_sample\hagrid-sample-30k-384p\hagrid_30k\train_val_peace\596e0eee-c771-472b-a53b-5028e027e752.jpg,multiple_hands
val,peace,data\hagrid_sample\hagrid-sample-30k-384p\hagrid_30k\train_val_peace\c1ebddeb-9207-4577-9a60-5ce119a3eac4.jpg,multiple_hands
val,peace,data\hagrid_sample\hagrid-sample-30k-384p\hagrid_30k\train_val_peace\2d16189f-de92-4f00-bd70-e7a2f51f900b.jpg,no_hand
val,peace,data\hagrid_sample\hagrid-sample-30k-384p\hagrid_30k\train_val_peace\34fbe765-f0ad-488b-8c47-1ac1339fac72.jpg,multiple_hands
val,peace,data\hagrid_sample\hagrid-sample-30k-384p\hagrid_30k\train_val_peace\82885b7e-acc4-4aab-b0c2-a8be32d49824.jpg,no_hand
val,peace,data\hagrid_sample\hagrid-sample-30k-384p\hagrid_30k\train_val_peace\dbb6f971-0750-42a4-9d74-04b30dde921d.jpg,no_hand
val,peace,data\hagrid_sample\hagrid-sample-30k-384p\hagrid_30k\train_val_peace\61d9b1fd-69b4-403c-b0ba-c68fc5864750.jpg,multiple_hands
val,peace,data\hagrid_sample\hagrid-sample-30k-384p\hagrid_30k\train_val_peace\1663ae9d-b44f-4885-b763-046d8ad1cf34.jpg,multiple_hands
val,peace,data\hagrid_sample\hagrid-sample-30k-384p\hagrid_30k\train_val_peace\ba444b49-9d9e-4371-9620-7bcbeb7377a1.jpg,no_hand
val,peace,data\hagrid_sample\hagrid-sample-30k-384p\hagrid_30k\train_val_peace\36cbfd03-f36e-4dce-a18d-d2dd980a2c1f.jpg,multiple_hands
val,peace,data\hagrid_sample\hagrid-sample-30k-384p\hagrid_30k\train_val_peace\40184978-19f9-4ef4-8938-2d53270a0955.jpg,no_hand
val,peace,data\hagrid_sample\hagrid-sample-30k-384p\hagrid_30k\train_val_peace\0a30b15e-f9ae-4c55-90fa-6c1653ebb8d6.jpg,no_hand
val,peace,data\hagrid_sample\hagrid-sample-30k-384p\hagrid_30k\train_val_peace\f0b384ec-9cb9-44db-b388-27714b60d1ab.jpg,multiple_hands
val,peace,data\hagrid_sample\hagrid-sample-30k-384p\hagrid_30k\train_val_peace\a29334ad-8a39-4b67-895a-5637ab060cb9.jpg,multiple_hands
val,peace,data\hagrid_sample\hagrid-sample-30k-384p\hagrid_30k\train_val_peace\c312b1af-de43-4a0c-ad09-2e01183af30a.jpg,no_hand
val,peace,data\hagrid_sample\hagrid-sample-30k-384p\hagrid_30k\train_val_peace\633b6c17-f109-4096-875b-e8168bd3d154.jpg,multiple_hands
val,peace,data\hagrid_sample\hagrid-sample-30k-384p\hagrid_30k\train_val_peace\47822bba-470a-4275-ab7e-9164306ffd29.jpg,multiple_hands
val,peace,data\hagrid_sample\hagrid-sample-30k-384p\hagrid_30k\train_val_peace\ff1c9607-4624-4017-a9a6-8eb00755e7b0.jpg,no_hand
val,peace,data\hagrid_sample\hagrid-sample-30k-384p\hagrid_30k\train_val_peace\500b8fe2-d367-41a9-a5b0-34fa51099d96.jpg,no_hand
val,peace,data\hagrid_sample\hagrid-sample-30k-384p\hagrid_30k\train_val_peace\efb099dd-ef1e-4a77-8af9-66b389bd4022.jpg,multiple_hands
val,peace,data\hagrid_sample\hagrid-sample-30k-384p\hagrid_30k\train_val_peace\c8d2b243-df08-45e0-ba04-2369baefe7c6.jpg,multiple_hands
val,peace,data\hagrid_sample\hagrid-sample-30k-384p\hagrid_30k\train_val_peace\d17e8c3b-fcac-414e-802c-86c0447d1b67.jpg,multiple_hands
val,peace,data\hagrid_sample\hagrid-sample-30k-384p\hagrid_30k\train_val_peace\0c3c9e27-469e-42e9-add5-8a628bc409a6.jpg,no_hand
val,peace,data\hagrid_sample\hagrid-sample-30k-384p\hagrid_30k\train_val_peace\f37062e7-ae96-448c-8c20-f6d541e5d695.jpg,no_hand
val,peace,data\hagrid_sample\hagrid-sample-30k-384p\hagrid_30k\train_val_peace\4dbf90dd-c083-4012-98eb-a2bd82da336b.jpg,multiple_hands
val,peace,data\hagrid_sample\hagrid-sample-30k-384p\hagrid_30k\train_val_peace\cda09fb5-d275-4c56-a58b-8e0062879c5c.jpg,no_hand
val,peace,data\hagrid_sample\hagrid-sample-30k-384p\hagrid_30k\train_val_peace\44e83a06-a0fc-451c-9fb4-0778c3baa20e.jpg,multiple_hands
val,peace,data\hagrid_sample\hagrid-sample-30k-384p\hagrid_30k\train_val_peace\e772dc8e-cb5d-482a-804b-581c785a670c.jpg,multiple_hands
val,peace,data\hagrid_sample\hagrid-sample-30k-384p\hagrid_30k\train_val_peace\58f25058-bade-4be2-abc8-92f5c0dbfeed.jpg,multiple_hands
val,peace,data\hagrid_sample\hagrid-sample-30k-384p\hagrid_30k\train_val_peace\0facf80a-0974-462b-a233-5be2f6f02909.jpg,no_hand
val,peace,data\hagrid_sample\hagrid-sample-30k-384p\hagrid_30k\train_val_peace\8269da68-28dc-426b-b918-872bf3a351ae.jpg,multiple_hands
val,peace,data\hagrid_sample\hagrid-sample-30k-384p\hagrid_30k\train_val_peace\b0834c21-98a0-463a-9bc0-a671b264d59c.jpg,multiple_hands
val,peace,data\hagrid_sample\hagrid-sample-30k-384p\hagrid_30k\train_val_peace\35af2a33-0ff5-49c5-a86e-94b3dbaf3765.jpg,multiple_hands
val,peace,data\hagrid_sample\hagrid-sample-30k-384p\hagrid_30k\train_val_peace\fb0169bf-6fe6-429b-bf90-87591198b857.jpg,no_hand
val,peace,data\hagrid_sample\hagrid-sample-30k-384p\hagrid_30k\train_val_peace\2cecd42d-802f-45f2-a964-6c8c4c3c3125.jpg,no_hand
val,peace,data\hagrid_sample\hagrid-sample-30k-384p\hagrid_30k\train_val_peace\33a379f1-51da-4032-a3c4-d8370f8c54b8.jpg,multiple_hands
val,peace,data\hagrid_sample\hagrid-sample-30k-384p\hagrid_30k\train_val_peace\5198ea94-c378-49f4-bf50-9b4f0da05816.jpg,no_hand
val,peace,data\hagrid_sample\hagrid-sample-30k-384p\hagrid_30k\train_val_peace\535ae15a-3ab5-44fe-9038-5b9b1978a766.jpg,multiple_hands
test,peace,data\hagrid_sample\hagrid-sample-30k-384p\hagrid_30k\train_val_peace\4d380291-d06f-4649-b826-6e9acee18d53.jpg,multiple_hands
test,peace,data\hagrid_sample\hagrid-sample-30k-384p\hagrid_30k\train_val_peace\f9b89eac-2066-4815-969d-4505109d42eb.jpg,multiple_hands
test,peace,data\hagrid_sample\hagrid-sample-30k-384p\hagrid_30k\train_val_peace\0341a229-08b5-4107-8745-e9d8d10481a6.jpg,no_hand
test,peace,data\hagrid_sample\hagrid-sample-30k-384p\hagrid_30k\train_val_peace\bbf3e5c2-a5c3-471a-b265-61e81ac3fc4b.jpg,multiple_hands
test,peace,data\hagrid_sample\hagrid-sample-30k-384p\hagrid_30k\train_val_peace\9b6fefb4-8149-4a3f-8c56-0ebb2ca064b5.jpg,no_hand
test,peace,data\hagrid_sample\hagrid-sample-30k-384p\hagrid_30k\train_val_peace\dea1d27c-6ccc-4cab-b4ab-322ecbccd565.jpg,multiple_hands
test,peace,data\hagrid_sample\hagrid-sample-30k-384p\hagrid_30k\train_val_peace\8995a135-fc79-4a32-8748-ba9841017438.jpg,multiple_hands
test,peace,data\hagrid_sample\hagrid-sample-30k-384p\hagrid_30k\train_val_peace\f94ecdfc-9311-474d-9bdf-d80107979ce7.jpg,no_hand
test,peace,data\hagrid_sample\hagrid-sample-30k-384p\hagrid_30k\train_val_peace\abf057eb-9a0c-4fa1-bc86-f3110a288f76.jpg,multiple_hands
test,peace,data\hagrid_sample\hagrid-sample-30k-384p\hagrid_30k\train_val_peace\d9dbe5d2-9ca3-4409-8567-0b20d2b173f6.jpg,multiple_hands
test,peace,data\hagrid_sample\hagrid-sample-30k-384p\hagrid_30k\train_val_peace\0b2f053c-4fd0-4b0a-b422-85b00e5fdd8e.jpg,no_hand
test,peace,data\hagrid_sample\hagrid-sample-30k-384p\hagrid_30k\train_val_peace\a22f3231-cf61-42e1-b973-be71f575567d.jpg,multiple_hands
test,peace,data\hagrid_sample\hagrid-sample-30k-384p\hagrid_30k\train_val_peace\b32a19b0-706b-4b50-9619-e7e6e59999f1.jpg,multiple_hands
test,peace,data\hagrid_sample\hagrid-sample-30k-384p\hagrid_30k\train_val_peace\85340b33-b05c-4a84-b363-4c07fa50d1b7.jpg,no_hand
test,peace,data\hagrid_sample\hagrid-sample-30k-384p\hagrid_30k\train_val_peace\a3d7eedf-7bde-490c-9b63-451e6ec3bea8.jpg,multiple_hands
test,peace,data\hagrid_sample\hagrid-sample-30k-384p\hagrid_30k\train_val_peace\b8dfe146-d639-4653-8c54-4791581e9a91.jpg,no_hand
test,peace,data\hagrid_sample\hagrid-sample-30k-384p\hagrid_30k\train_val_peace\dd555f21-fd16-4c81-82fc-ed1675ea780d.jpg,multiple_hands
test,peace,data\hagrid_sample\hagrid-sample-30k-384p\hagrid_30k\train_val_peace\c332d94d-f454-4077-85ca-fa66c34fd2fe.jpg,multiple_hands
test,peace,data\hagrid_sample\hagrid-sample-30k-384p\hagrid_30k\train_val_peace\dc0523d9-1915-4d85-b312-7e63c747c774.jpg,no_hand
test,peace,data\hagrid_sample\hagrid-sample-30k-384p\hagrid_30k\train_val_peace\049f0417-a2a9-4329-9ac2-268efb51fb32.jpg,no_hand
test,peace,data\hagrid_sample\hagrid-sample-30k-384p\hagrid_30k\train_val_peace\37e367e0-510a-4504-9171-ea286287aa95.jpg,no_hand
test,peace,data\hagrid_sample\hagrid-sample-30k-384p\hagrid_30k\train_val_peace\3364492b-1d88-4c48-9c2c-f4cb420a23b6.jpg,no_hand
test,peace,data\hagrid_sample\hagrid-sample-30k-384p\hagrid_30k\train_val_peace\c4534e84-e149-4629-9cad-384af2919438.jpg,multiple_hands
test,peace,data\hagrid_sample\hagrid-sample-30k-384p\hagrid_30k\train_val_peace\3e4ce8de-50f9-4909-8994-a5837082ef42.jpg,no_hand
test,peace,data\hagrid_sample\hagrid-sample-30k-384p\hagrid_30k\train_val_peace\f24c9d7b-ae31-4e32-acb0-07b36a384f9c.jpg,multiple_hands
test,peace,data\hagrid_sample\hagrid-sample-30k-384p\hagrid_30k\train_val_peace\b98b27ee-9bae-4e1a-aacb-117fffd4f206.jpg,multiple_hands
test,peace,data\hagrid_sample\hagrid-sample-30k-384p\hagrid_30k\train_val_peace\aed48436-baf8-4954-802b-dca39feaf0ac.jpg,multiple_hands
test,peace,data\hagrid_sample\hagrid-sample-30k-384p\hagrid_30k\train_val_peace\0fd29f45-cad4-4c0f-8ea0-0f98e81fb17c.jpg,multiple_hands
test,peace,data\hagrid_sample\hagrid-sample-30k-384p\hagrid_30k\train_val_peace\59d15205-47cc-4739-8f62-c714fc999ca5.jpg,no_hand
test,peace,data\hagrid_sample\hagrid-sample-30k-384p\hagrid_30k\train_val_peace\f704b8dd-0d29-46cb-984a-749fd05672b8.jpg,no_hand
test,peace,data\hagrid_sample\hagrid-sample-30k-384p\hagrid_30k\train_val_peace\84740191-a2e1-4d1e-bc62-8a8cd492bd13.jpg,no_hand
test,peace,data\hagrid_sample\hagrid-sample-30k-384p\hagrid_30k\train_val_peace\5638c3b9-8a22-4aea-92bf-c34fc0bf8bfb.jpg,no_hand
test,peace,data\hagrid_sample\hagrid-sample-30k-384p\hagrid_30k\train_val_peace\c3c186de-981b-4666-9bb1-336e71b35857.jpg,no_hand
test,peace,data\hagrid_sample\hagrid-sample-30k-384p\hagrid_30k\train_val_peace\b14b8da8-8764-4d2b-a857-7cac2fcd9f3f.jpg,multiple_hands
test,peace,data\hagrid_sample\hagrid-sample-30k-384p\hagrid_30k\train_val_peace\83e2347e-1fd0-4b16-89c0-5c68a5b3e913.jpg,multiple_hands
test,peace,data\hagrid_sample\hagrid-sample-30k-384p\hagrid_30k\train_val_peace\904e18f0-774b-4593-b4d1-323501eb9c89.jpg,no_hand
test,peace,data\hagrid_sample\hagrid-sample-30k-384p\hagrid_30k\train_val_peace\45b456c8-d380-41cb-a30c-c4d9e44413ec.jpg,no_hand
test,peace,data\hagrid_sample\hagrid-sample-30k-384p\hagrid_30k\train_val_peace\481abd06-0c55-478c-b6f0-e76a5190b7cd.jpg,no_hand
test,peace,data\hagrid_sample\hagrid-sample-30k-384p\hagrid_30k\train_val_peace\aefbe567-6c45-45e8-a183-9d256e9387f5.jpg,no_hand
test,peace,data\hagrid_sample\hagrid-sample-30k-384p\hagrid_30k\train_val_peace\d392fb6f-a856-4b07-8014-15a89dd833bd.jpg,multiple_hands
test,peace,data\hagrid_sample\hagrid-sample-30k-384p\hagrid_30k\train_val_peace\1ea26a2c-c8af-42ac-85ba-6d1ec864685d.jpg,multiple_hands
test,peace,data\hagrid_sample\hagrid-sample-30k-384p\hagrid_30k\train_val_peace\25ae442b-4a86-4a16-85f1-f0c820a5d3b6.jpg,no_hand
test,peace,data\hagrid_sample\hagrid-sample-30k-384p\hagrid_30k\train_val_peace\b2fb40d0-94b5-477c-b7d0-5d3bbb41dc04.jpg,multiple_hands
train,one,data\hagrid_sample\hagrid-sample-30k-384p\hagrid_30k\train_val_one\0134bcb3-1923-4dce-837c-8624880cc464.jpg,multiple_hands
train,one,data\hagrid_sample\hagrid-sample-30k-384p\hagrid_30k\train_val_one\fe8ff3d7-bb82-4c48-be2c-97bd87a86631.jpg,multiple_hands
train,one,data\hagrid_sample\hagrid-sample-30k-384p\hagrid_30k\train_val_one\5df67364-9ef9-4723-904f-7c1189d6fbcf.jpg,multiple_hands
train,one,data\hagrid_sample\hagrid-sample-30k-384p\hagrid_30k\train_val_one\19c3e07a-c5a9-4116-bb04-814359f6b602.jpg,no_hand
train,one,data\hagrid_sample\hagrid-sample-30k-384p\hagrid_30k\train_val_one\d604824a-f6b7-4fdb-882d-a052920b7830.jpg,multiple_hands
train,one,data\hagrid_sample\hagrid-sample-30k-384p\hagrid_30k\train_val_one\d4eb9509-8520-4af3-860c-d5aab857ad7c.jpg,multiple_hands
train,one,data\hagrid_sample\hagrid-sample-30k-384p\hagrid_30k\train_val_one\270c4d78-233d-4cd9-b0b7-e44841551eb9.jpg,no_hand
train,one,data\hagrid_sample\hagrid-sample-30k-384p\hagrid_30k\train_val_one\d7644e7a-7851-4dbd-81a5-0adc5e2cfb08.jpg,no_hand
train,one,data\hagrid_sample\hagrid-sample-30k-384p\hagrid_30k\train_val_one\817e0a2a-a2d4-44c7-af58-80382f49ee3e.jpg,multiple_hands
train,one,data\hagrid_sample\hagrid-sample-30k-384p\hagrid_30k\train_val_one\93173759-77ac-4cd2-83dc-c776a79f741f.jpg,multiple_hands
train,one,data\hagrid_sample\hagrid-sample-30k-384p\hagrid_30k\train_val_one\159bc1c6-1f9e-43fc-990e-7ce528f959d2.jpg,multiple_hands
train,one,data\hagrid_sample\hagrid-sample-30k-384p\hagrid_30k\train_val_one\56fb56e2-0566-4e4d-b126-204fa51a99ad.jpg,multiple_hands
train,one,data\hagrid_sample\hagrid-sample-30k-384p\hagrid_30k\train_val_one\f6697093-27ad-4465-9f73-00380c498280.jpg,multiple_hands
train,one,data\hagrid_sample\hagrid-sample-30k-384p\hagrid_30k\train_val_one\559fe535-70c7-48d2-8d88-77c5f60265db.jpg,multiple_hands
train,one,data\hagrid_sample\hagrid-sample-30k-384p\hagrid_30k\train_val_one\96cc4710-2ed5-45a7-820a-1023073474c4.jpg,multiple_hands
train,one,data\hagrid_sample\hagrid-sample-30k-384p\hagrid_30k\train_val_one\24d4fd0c-f172-4381-8c24-b0266330f000.jpg,multiple_hands
train,one,data\hagrid_sample\hagrid-sample-30k-384p\hagrid_30k\train_val_one\8a0fd84b-3df5-47a9-8be1-6cc3cd4b785c.jpg,multiple_hands
train,one,data\hagrid_sample\hagrid-sample-30k-384p\hagrid_30k\train_val_one\d6304c6b-5569-4acd-822c-705c7dc16026.jpg,multiple_hands
train,one,data\hagrid_sample\hagrid-sample-30k-384p\hagrid_30k\train_val_one\b358b0de-122c-4012-87ef-98a6556d2461.jpg,multiple_hands
train,one,data\hagrid_sample\hagrid-sample-30k-384p\hagrid_30k\train_val_one\1ed59a01-cfa1-43d8-8448-83c7c9c32c78.jpg,no_hand
train,one,data\hagrid_sample\hagrid-sample-30k-384p\hagrid_30k\train_val_one\3966faf5-56cb-445b-9673-07bd192f0dce.jpg,multiple_hands
train,one,data\hagrid_sample\hagrid-sample-30k-384p\hagrid_30k\train_val_one\e6378588-afa7-4226-82f3-5cf880ad083d.jpg,multiple_hands
train,one,data\hagrid_sample\hagrid-sample-30k-384p\hagrid_30k\train_val_one\78ebae15-a5b7-4ab1-b0d7-8468be58bef7.jpg,multiple_hands
train,one,data\hagrid_sample\hagrid-sample-30k-384p\hagrid_30k\train_val_one\d4c69331-3581-4f7a-a137-c4dedb7a7497.jpg,no_hand
train,one,data\hagrid_sample\hagrid-sample-30k-384p\hagrid_30k\train_val_one\0946faf1-9b5e-44c2-b2b6-b74bc30cd376.jpg,multiple_hands
train,one,data\hagrid_sample\hagrid-sample-30k-384p\hagrid_30k\train_val_one\2048c791-33e6-45ab-b4d7-48570b8aac84.jpg,no_hand
train,one,data\hagrid_sample\hagrid-sample-30k-384p\hagrid_30k\train_val_one\655cbf70-9701-49bc-8d6c-79f3baef8379.jpg,multiple_hands
train,one,data\hagrid_sample\hagrid-sample-30k-384p\hagrid_30k\train_val_one\9dc0db0c-d298-4f2e-acaa-1291cfebfd35.jpg,multiple_hands
train,one,data\hagrid_sample\hagrid-sample-30k-384p\hagrid_30k\train_val_one\25a164f8-e5ed-4745-92cb-1e34dc04d191.jpg,multiple_hands
train,one,data\hagrid_sample\hagrid-sample-30k-384p\hagrid_30k\train_val_one\0f129f5b-c274-4cd4-b7f5-fccab4f843fd.jpg,no_hand
train,one,data\hagrid_sample\hagrid-sample-30k-384p\hagrid_30k\train_val_one\0ba6f930-8de9-4d7d-b6f5-1fa0bb8306dd.jpg,multiple_hands
train,one,data\hagrid_sample\hagrid-sample-30k-384p\hagrid_30k\train_val_one\c5300e15-2c2f-4cda-8123-4c6fd0953789.jpg,multiple_hands
train,one,data\hagrid_sample\hagrid-sample-30k-384p\hagrid_30k\train_val_one\e7f28bed-8202-4df6-a2e0-bab8595929f5.jpg,multiple_hands
train,one,data\hagrid_sample\hagrid-sample-30k-384p\hagrid_30k\train_val_one\1aea652e-9183-464f-aa1c-b9b134e37887.jpg,multiple_hands
train,one,data\hagrid_sample\hagrid-sample-30k-384p\hagrid_30k\train_val_one\52a415fa-0d01-4981-9da2-42bc5c482e70.jpg,no_hand
train,one,data\hagrid_sample\hagrid-sample-30k-384p\hagrid_30k\train_val_one\6de91b99-400d-47ba-ab55-d1fa04d0ba6b.jpg,multiple_hands
train,one,data\hagrid_sample\hagrid-sample-30k-384p\hagrid_30k\train_val_one\35189eda-85ce-4505-8282-c898e1240691.jpg,multiple_hands
train,one,data\hagrid_sample\hagrid-sample-30k-384p\hagrid_30k\train_val_one\79f5e6cd-c7ae-4417-865d-87535a24b953.jpg,multiple_hands
train,one,data\hagrid_sample\hagrid-sample-30k-384p\hagrid_30k\train_val_one\82315847-3a4b-4a89-a36f-61a4df7db245.jpg,multiple_hands
train,one,data\hagrid_sample\hagrid-sample-30k-384p\hagrid_30k\train_val_one\0b4ba86c-3d69-4a8c-8845-a53233711af6.jpg,multiple_hands
train,one,data\hagrid_sample\hagrid-sample-30k-384p\hagrid_30k\train_val_one\e3dec503-2bce-4091-9f1e-5e2eb003e383.jpg,no_hand
train,one,data\hagrid_sample\hagrid-sample-30k-384p\hagrid_30k\train_val_one\a32d8aee-7ba7-4b66-b316-c1edb3a1b03f.jpg,no_hand
train,one,data\hagrid_sample\hagrid-sample-30k-384p\hagrid_30k\train_val_one\aaaae4de-932a-463d-a7d3-89e4289a15cf.jpg,no_hand
train,one,data\hagrid_sample\hagrid-sample-30k-384p\hagrid_30k\train_val_one\b1ec7aee-3479-48ea-8bd8-64e33f6c1510.jpg,multiple_hands
train,one,data\hagrid_sample\hagrid-sample-30k-384p\hagrid_30k\train_val_one\f47d326e-fc2d-45fb-ac2f-203d61d9fdd8.jpg,multiple_hands
train,one,data\hagrid_sample\hagrid-sample-30k-384p\hagrid_30k\train_val_one\9fdc6ac6-f161-44d6-99b9-c705e73406f9.jpg,no_hand
train,one,data\hagrid_sample\hagrid-sample-30k-384p\hagrid_30k\train_val_one\518646c7-c942-445b-8064-036cd0bed882.jpg,no_hand
train,one,data\hagrid_sample\hagrid-sample-30k-384p\hagrid_30k\train_val_one\a2b1f4bb-1a70-43e7-9903-9ea9c9acfdb6.jpg,multiple_hands
train,one,data\hagrid_sample\hagrid-sample-30k-384p\hagrid_30k\train_val_one\a4cdc430-821f-4863-9f60-56fe2edf1cc3.jpg,multiple_hands
train,one,data\hagrid_sample\hagrid-sample-30k-384p\hagrid_30k\train_val_one\a88c0f41-b0eb-412c-ae52-b52ace0b82c7.jpg,no_hand
train,one,data\hagrid_sample\hagrid-sample-30k-384p\hagrid_30k\train_val_one\94affd0c-1cc3-438e-9df3-cb48df4dceb4.jpg,no_hand
train,one,data\hagrid_sample\hagrid-sample-30k-384p\hagrid_30k\train_val_one\4bbe20fc-de1b-496b-a78c-e9eb426ce7c2.jpg,multiple_hands
train,one,data\hagrid_sample\hagrid-sample-30k-384p\hagrid_30k\train_val_one\e464395e-20ee-410a-b212-6f3c38024879.jpg,no_hand
train,one,data\hagrid_sample\hagrid-sample-30k-384p\hagrid_30k\train_val_one\ea569aaf-1e9e-4406-a563-c26449de1b4e.jpg,multiple_hands
train,one,data\hagrid_sample\hagrid-sample-30k-384p\hagrid_30k\train_val_one\cbb8c953-69a1-425b-9291-29c74b29221e.jpg,multiple_hands
train,one,data\hagrid_sample\hagrid-sample-30k-384p\hagrid_30k\train_val_one\b4ed3a7b-fe51-4f89-bcfe-e49448a52343.jpg,no_hand
train,one,data\hagrid_sample\hagrid-sample-30k-384p\hagrid_30k\train_val_one\402b8368-35e5-4e5d-85e6-ede9a8253302.jpg,multiple_hands
train,one,data\hagrid_sample\hagrid-sample-30k-384p\hagrid_30k\train_val_one\5fd59c26-21a8-43ce-ac58-2564bac98504.jpg,multiple_hands
train,one,data\hagrid_sample\hagrid-sample-30k-384p\hagrid_30k\train_val_one\b4837ae5-f03b-4ca1-8123-e3b1f60a82b8.jpg,multiple_hands
train,one,data\hagrid_sample\hagrid-sample-30k-384p\hagrid_30k\train_val_one\15fb7acd-c12a-44d6-aa74-b02fc6d99a4a.jpg,no_hand
train,one,data\hagrid_sample\hagrid-sample-30k-384p\hagrid_30k\train_val_one\5abeda5a-3885-4b03-98ed-23a23dd0fa03.jpg,multiple_hands
train,one,data\hagrid_sample\hagrid-sample-30k-384p\hagrid_30k\train_val_one\a9126050-9d35-4879-8dda-9eccd35b9bc6.jpg,multiple_hands
train,one,data\hagrid_sample\hagrid-sample-30k-384p\hagrid_30k\train_val_one\06ff90aa-97a3-4150-9733-ca2d06621dbe.jpg,no_hand
train,one,data\hagrid_sample\hagrid-sample-30k-384p\hagrid_30k\train_val_one\8ddef156-e542-40ec-aa0f-99a9be027c38.jpg,no_hand
train,one,data\hagrid_sample\hagrid-sample-30k-384p\hagrid_30k\train_val_one\d1e74b8a-defe-4b86-9ee7-c2f822140b5d.jpg,multiple_hands
train,one,data\hagrid_sample\hagrid-sample-30k-384p\hagrid_30k\train_val_one\602079dc-e3ed-4867-b159-34deb2deef2c.jpg,no_hand
train,one,data\hagrid_sample\hagrid-sample-30k-384p\hagrid_30k\train_val_one\c156d099-c1b4-48c7-b5be-7d9e75a8d39e.jpg,no_hand
train,one,data\hagrid_sample\hagrid-sample-30k-384p\hagrid_30k\train_val_one\c85810be-520e-4c31-92fb-ebd1853327c5.jpg,multiple_hands
train,one,data\hagrid_sample\hagrid-sample-30k-384p\hagrid_30k\train_val_one\becfdfb0-f047-452f-8900-2933ebb037c4.jpg,no_hand
train,one,data\hagrid_sample\hagrid-sample-30k-384p\hagrid_30k\train_val_one\138a76c2-1d57-4280-8d75-0ba912389a55.jpg,multiple_hands
train,one,data\hagrid_sample\hagrid-sample-30k-384p\hagrid_30k\train_val_one\eaf259cb-5569-41b9-ae5b-db1899b878a5.jpg,multiple_hands
train,one,data\hagrid_sample\hagrid-sample-30k-384p\hagrid_30k\train_val_one\9b33b953-2dc7-44b3-8f75-ac39499ce281.jpg,multiple_hands
train,one,data\hagrid_sample\hagrid-sample-30k-384p\hagrid_30k\train_val_one\a8a23d1b-7c53-4597-ab64-7ef5d80b2284.jpg,multiple_hands
train,one,data\hagrid_sample\hagrid-sample-30k-384p\hagrid_30k\train_val_one\2507aacb-43d2-4114-91f1-008e3c7a181c.jpg,multiple_hands
train,one,data\hagrid_sample\hagrid-sample-30k-384p\hagrid_30k\train_val_one\81dbbe60-3cd2-4dd9-9d6f-e5038d042417.jpg,multiple_hands
train,one,data\hagrid_sample\hagrid-sample-30k-384p\hagrid_30k\train_val_one\771d3a8c-ce2d-4127-a966-e932590c1dd0.jpg,multiple_hands
train,one,data\hagrid_sample\hagrid-sample-30k-384p\hagrid_30k\train_val_one\356903f4-99c6-4725-8042-904f4997813d.jpg,multiple_hands
train,one,data\hagrid_sample\hagrid-sample-30k-384p\hagrid_30k\train_val_one\f3d87c77-a5eb-4bf9-8eb1-0348e14a582a.jpg,multiple_hands
train,one,data\hagrid_sample\hagrid-sample-30k-384p\hagrid_30k\train_val_one\04af7982-392c-4392-bfc4-5179a0836893.jpg,no_hand
train,one,data\hagrid_sample\hagrid-sample-30k-384p\hagrid_30k\train_val_one\53cef94c-b2a0-4de0-9efb-6a7e0c84d080.jpg,no_hand
train,one,data\hagrid_sample\hagrid-sample-30k-384p\hagrid_30k\train_val_one\6b536152-c6bf-4ebe-b5f4-2517f7bcd69f.jpg,multiple_hands
train,one,data\hagrid_sample\hagrid-sample-30k-384p\hagrid_30k\train_val_one\ec84d8e9-ec31-40bc-87c7-3a2ae8fb7c4c.jpg,multiple_hands
train,one,data\hagrid_sample\hagrid-sample-30k-384p\hagrid_30k\train_val_one\71def2a7-0c13-44ce-915c-fed020b2af5a.jpg,no_hand
train,one,data\hagrid_sample\hagrid-sample-30k-384p\hagrid_30k\train_val_one\e552c185-0dad-447a-80fa-480540f3265a.jpg,multiple_hands
train,one,data\hagrid_sample\hagrid-sample-30k-384p\hagrid_30k\train_val_one\2e04fbf2-561c-46ee-807e-d07d2cdf6600.jpg,no_hand
train,one,data\hagrid_sample\hagrid-sample-30k-384p\hagrid_30k\train_val_one\c80f7738-5264-44ff-ad0a-bd181fd7c439.jpg,multiple_hands
train,one,data\hagrid_sample\hagrid-sample-30k-384p\hagrid_30k\train_val_one\42115ca1-a1f8-48e1-b630-897ab29186f6.jpg,multiple_hands
train,one,data\hagrid_sample\hagrid-sample-30k-384p\hagrid_30k\train_val_one\074c278d-7200-4d92-a27b-8884b83436fe.jpg,multiple_hands
train,one,data\hagrid_sample\hagrid-sample-30k-384p\hagrid_30k\train_val_one\e29f08a0-94bf-4143-a619-1cbe3ec4a6e5.jpg,multiple_hands
train,one,data\hagrid_sample\hagrid-sample-30k-384p\hagrid_30k\train_val_one\0436fcdd-0b43-45de-ac34-561ce960bfb4.jpg,no_hand
train,one,data\hagrid_sample\hagrid-sample-30k-384p\hagrid_30k\train_val_one\e2dd21fa-801d-483b-90c5-3cfda03198be.jpg,multiple_hands
train,one,data\hagrid_sample\hagrid-sample-30k-384p\hagrid_30k\train_val_one\8154ea24-4810-49af-8f33-385dfb515c1e.jpg,multiple_hands
train,one,data\hagrid_sample\hagrid-sample-30k-384p\hagrid_30k\train_val_one\2079eb6b-7a66-4cd1-8acd-6f6a6a51b617.jpg,multiple_hands
train,one,data\hagrid_sample\hagrid-sample-30k-384p\hagrid_30k\train_val_one\72c4ccc7-5cd7-4638-981c-8cebae93b32c.jpg,multiple_hands
train,one,data\hagrid_sample\hagrid-sample-30k-384p\hagrid_30k\train_val_one\f5fd9d32-0613-48c1-844b-8a1978494683.jpg,multiple_hands
train,one,data\hagrid_sample\hagrid-sample-30k-384p\hagrid_30k\train_val_one\07b9e067-5ecb-49b5-be6c-775fa2ac2567.jpg,multiple_hands
train,one,data\hagrid_sample\hagrid-sample-30k-384p\hagrid_30k\train_val_one\c5157e85-b941-490f-9600-c3ff53088115.jpg,no_hand
train,one,data\hagrid_sample\hagrid-sample-30k-384p\hagrid_30k\train_val_one\d496175d-2e0b-4a88-b57c-65d2479dc0b6.jpg,no_hand
train,one,data\hagrid_sample\hagrid-sample-30k-384p\hagrid_30k\train_val_one\1f545021-25ad-4f1a-984b-f920126a862b.jpg,multiple_hands
train,one,data\hagrid_sample\hagrid-sample-30k-384p\hagrid_30k\train_val_one\a7e27562-7aec-403b-99d1-65954258f680.jpg,no_hand
train,one,data\hagrid_sample\hagrid-sample-30k-384p\hagrid_30k\train_val_one\f9799dd9-7459-442a-8d97-31ad482533f6.jpg,no_hand
train,one,data\hagrid_sample\hagrid-sample-30k-384p\hagrid_30k\train_val_one\391565e6-d4f3-4920-a013-d3fe12e3eed9.jpg,no_hand
train,one,data\hagrid_sample\hagrid-sample-30k-384p\hagrid_30k\train_val_one\02f3c28b-ac13-481e-9688-0f7e6eabd507.jpg,multiple_hands
train,one,data\hagrid_sample\hagrid-sample-30k-384p\hagrid_30k\train_val_one\51f5422d-5fb8-48a2-8c50-947d9770814a.jpg,no_hand
train,one,data\hagrid_sample\hagrid-sample-30k-384p\hagrid_30k\train_val_one\bd9eec0e-8f79-4369-9792-89fc317c65b2.jpg,no_hand
train,one,data\hagrid_sample\hagrid-sample-30k-384p\hagrid_30k\train_val_one\f9e43e38-c26e-422f-baa7-d651e60fcf5c.jpg,multiple_hands
train,one,data\hagrid_sample\hagrid-sample-30k-384p\hagrid_30k\train_val_one\41e48365-76e3-4569-85bb-ce2743bead54.jpg,multiple_hands
train,one,data\hagrid_sample\hagrid-sample-30k-384p\hagrid_30k\train_val_one\af597910-abe5-453a-8c54-d65a630f0244.jpg,multiple_hands
train,one,data\hagrid_sample\hagrid-sample-30k-384p\hagrid_30k\train_val_one\451adced-ed88-46af-9923-cdd5dc7ab0a1.jpg,multiple_hands
train,one,data\hagrid_sample\hagrid-sample-30k-384p\hagrid_30k\train_val_one\48f6d290-41b8-4eb1-9e98-6117a7891305.jpg,no_hand
train,one,data\hagrid_sample\hagrid-sample-30k-384p\hagrid_30k\train_val_one\26dad114-63f4-4897-be95-687227b8d047.jpg,no_hand
train,one,data\hagrid_sample\hagrid-sample-30k-384p\hagrid_30k\train_val_one\1085898d-f356-492c-9339-361bb075a271.jpg,multiple_hands
train,one,data\hagrid_sample\hagrid-sample-30k-384p\hagrid_30k\train_val_one\dcfb6ce7-ac3c-4bd2-92a7-a3ff38043a0c.jpg,multiple_hands
train,one,data\hagrid_sample\hagrid-sample-30k-384p\hagrid_30k\train_val_one\fd303181-7d0b-45f7-98b6-4e6b942ebbc1.jpg,no_hand
train,one,data\hagrid_sample\hagrid-sample-30k-384p\hagrid_30k\train_val_one\750a4837-494f-4561-a116-28cccc443f65.jpg,multiple_hands
train,one,data\hagrid_sample\hagrid-sample-30k-384p\hagrid_30k\train_val_one\87304f27-9d3f-4251-a368-785b3aeb141f.jpg,multiple_hands
train,one,data\hagrid_sample\hagrid-sample-30k-384p\hagrid_30k\train_val_one\d2d7df75-9c8b-4302-9901-f7d85265231b.jpg,no_hand
train,one,data\hagrid_sample\hagrid-sample-30k-384p\hagrid_30k\train_val_one\d0fcb001-7e8b-45d5-8386-6dfa0e2e8104.jpg,multiple_hands
train,one,data\hagrid_sample\hagrid-sample-30k-384p\hagrid_30k\train_val_one\96096683-f309-467e-b087-9d720b8342a7.jpg,multiple_hands
train,one,data\hagrid_sample\hagrid-sample-30k-384p\hagrid_30k\train_val_one\9876d995-681b-46ab-a54d-18510116eb98.jpg,multiple_hands
train,one,data\hagrid_sample\hagrid-sample-30k-384p\hagrid_30k\train_val_one\b93e822e-06d5-4796-9051-0b124ee7034b.jpg,no_hand
train,one,data\hagrid_sample\hagrid-sample-30k-384p\hagrid_30k\train_val_one\3833352c-7297-46e4-9f4e-9dfa098ee7ce.jpg,no_hand
train,one,data\hagrid_sample\hagrid-sample-30k-384p\hagrid_30k\train_val_one\74da65e7-43e9-4913-bd35-c6dab23a443f.jpg,multiple_hands
train,one,data\hagrid_sample\hagrid-sample-30k-384p\hagrid_30k\train_val_one\409a3f1f-b397-471e-84e1-1b088e1f9969.jpg,no_hand
train,one,data\hagrid_sample\hagrid-sample-30k-384p\hagrid_30k\train_val_one\befa085e-9e94-476b-ab1e-2c04b115f446.jpg,multiple_hands
train,one,data\hagrid_sample\hagrid-sample-30k-384p\hagrid_30k\train_val_one\806f0b09-8182-4a47-a506-34ddf21f861d.jpg,multiple_hands
train,one,data\hagrid_sample\hagrid-sample-30k-384p\hagrid_30k\train_val_one\f5e4485d-eb25-45cd-bc66-2b654742661a.jpg,multiple_hands
train,one,data\hagrid_sample\hagrid-sample-30k-384p\hagrid_30k\train_val_one\5bf8a7cf-1222-45a9-9c6d-0c870ea91c4d.jpg,no_hand
train,one,data\hagrid_sample\hagrid-sample-30k-384p\hagrid_30k\train_val_one\1cc4535f-df9c-4c18-b335-8365e5ff2553.jpg,multiple_hands
train,one,data\hagrid_sample\hagrid-sample-30k-384p\hagrid_30k\train_val_one\90d11c0f-3158-45a3-81df-01c84890158f.jpg,multiple_hands
train,one,data\hagrid_sample\hagrid-sample-30k-384p\hagrid_30k\train_val_one\ffdc515d-2658-453b-8392-f8d67fb60a9a.jpg,multiple_hands
train,one,data\hagrid_sample\hagrid-sample-30k-384p\hagrid_30k\train_val_one\da83722e-b319-42f6-b31f-0ab743ce032c.jpg,no_hand
train,one,data\hagrid_sample\hagrid-sample-30k-384p\hagrid_30k\train_val_one\92982c0b-274f-4e95-b74f-0f8b046d5257.jpg,multiple_hands
train,one,data\hagrid_sample\hagrid-sample-30k-384p\hagrid_30k\train_val_one\58f84d74-1c7a-415f-9660-00e42cf93ebe.jpg,no_hand
train,one,data\hagrid_sample\hagrid-sample-30k-384p\hagrid_30k\train_val_one\44429831-4648-41b0-bef2-592614127dfa.jpg,multiple_hands
train,one,data\hagrid_sample\hagrid-sample-30k-384p\hagrid_30k\train_val_one\889e2396-8d84-4cae-8733-bc93d13f9457.jpg,multiple_hands
train,one,data\hagrid_sample\hagrid-sample-30k-384p\hagrid_30k\train_val_one\2214e1d3-fba1-4b0d-b40b-d4ea2fb845a3.jpg,multiple_hands
train,one,data\hagrid_sample\hagrid-sample-30k-384p\hagrid_30k\train_val_one\48c0798f-4302-485b-9495-0550cba80b2f.jpg,multiple_hands
train,one,data\hagrid_sample\hagrid-sample-30k-384p\hagrid_30k\train_val_one\13b30412-47c5-4709-bf8b-5a36ab8a65b7.jpg,multiple_hands
train,one,data\hagrid_sample\hagrid-sample-30k-384p\hagrid_30k\train_val_one\e4bcaf76-3370-472b-8f10-adc4be0878a9.jpg,multiple_hands
train,one,data\hagrid_sample\hagrid-sample-30k-384p\hagrid_30k\train_val_one\e18f2fb2-35af-4d11-ad27-1b4515593b7e.jpg,no_hand
train,one,data\hagrid_sample\hagrid-sample-30k-384p\hagrid_30k\train_val_one\9ef3a3ff-580c-4a1b-a95c-413a6e77b13b.jpg,no_hand
train,one,data\hagrid_sample\hagrid-sample-30k-384p\hagrid_30k\train_val_one\66af48b0-4e62-407c-b0fd-484eb7829c51.jpg,no_hand
train,one,data\hagrid_sample\hagrid-sample-30k-384p\hagrid_30k\train_val_one\eefb284d-cfa2-4bf6-8871-bde4ddbf4461.jpg,no_hand
train,one,data\hagrid_sample\hagrid-sample-30k-384p\hagrid_30k\train_val_one\649acf75-8553-4f59-9bcb-ca1c153b5556.jpg,no_hand
train,one,data\hagrid_sample\hagrid-sample-30k-384p\hagrid_30k\train_val_one\e7978fe6-eb6a-4f2e-95c9-dc539ad861c7.jpg,no_hand
train,one,data\hagrid_sample\hagrid-sample-30k-384p\hagrid_30k\train_val_one\49ae3048-6a99-4651-ac13-f35a6593905d.jpg,multiple_hands
train,one,data\hagrid_sample\hagrid-sample-30k-384p\hagrid_30k\train_val_one\0c48cb5e-6178-48ec-89bc-fb9e722716b9.jpg,no_hand
train,one,data\hagrid_sample\hagrid-sample-30k-384p\hagrid_30k\train_val_one\121409f0-4585-4e6b-828e-e8dae060190b.jpg,multiple_hands
train,one,data\hagrid_sample\hagrid-sample-30k-384p\hagrid_30k\train_val_one\0ea7fe09-979d-430b-a748-d00803c46be0.jpg,multiple_hands
train,one,data\hagrid_sample\hagrid-sample-30k-384p\hagrid_30k\train_val_one\7006ceda-0ac5-4b66-ba77-d961e8899677.jpg,no_hand
train,one,data\hagrid_sample\hagrid-sample-30k-384p\hagrid_30k\train_val_one\03e4feef-623c-4168-9950-10b2125c9eef.jpg,multiple_hands
train,one,data\hagrid_sample\hagrid-sample-30k-384p\hagrid_30k\train_val_one\ce5ff9f4-7b22-4363-9710-f0c5ddb5c24c.jpg,multiple_hands
train,one,data\hagrid_sample\hagrid-sample-30k-384p\hagrid_30k\train_val_one\989ec861-1eff-451e-8b0f-0a2b9c854498.jpg,no_hand
train,one,data\hagrid_sample\hagrid-sample-30k-384p\hagrid_30k\train_val_one\6d95ce41-cd9b-41bf-a120-ecaa50f77ae7.jpg,multiple_hands
train,one,data\hagrid_sample\hagrid-sample-30k-384p\hagrid_30k\train_val_one\b963a78d-f6bf-4ccd-ad2c-893f5d9c07d5.jpg,multiple_hands
train,one,data\hagrid_sample\hagrid-sample-30k-384p\hagrid_30k\train_val_one\590d0d45-d1ef-46c4-a294-d0dc83549de1.jpg,no_hand
train,one,data\hagrid_sample\hagrid-sample-30k-384p\hagrid_30k\train_val_one\2f4cbb6a-66bc-4f19-adea-b16df0657bad.jpg,no_hand
train,one,data\hagrid_sample\hagrid-sample-30k-384p\hagrid_30k\train_val_one\88fc499a-1d53-42f6-83ef-71367c407871.jpg,multiple_hands
train,one,data\hagrid_sample\hagrid-sample-30k-384p\hagrid_30k\train_val_one\f03f6980-b196-4c16-84d9-bf57e2035c6a.jpg,no_hand
train,one,data\hagrid_sample\hagrid-sample-30k-384p\hagrid_30k\train_val_one\5a7cfab7-4c19-44ab-bc25-069e44e084b2.jpg,no_hand
train,one,data\hagrid_sample\hagrid-sample-30k-384p\hagrid_30k\train_val_one\0340b9d8-dc64-453d-8a15-8cdb64eebb86.jpg,multiple_hands
train,one,data\hagrid_sample\hagrid-sample-30k-384p\hagrid_30k\train_val_one\40c62037-2950-4462-b153-5fa3003e6d23.jpg,no_hand
train,one,data\hagrid_sample\hagrid-sample-30k-384p\hagrid_30k\train_val_one\54fbcaaa-6808-4b0c-8271-4895f482ad36.jpg,multiple_hands
train,one,data\hagrid_sample\hagrid-sample-30k-384p\hagrid_30k\train_val_one\e23f298d-1ef7-404a-8b30-3f3223832887.jpg,multiple_hands
train,one,data\hagrid_sample\hagrid-sample-30k-384p\hagrid_30k\train_val_one\4e4bfd24-ec36-4653-8b07-1da938131820.jpg,multiple_hands
train,one,data\hagrid_sample\hagrid-sample-30k-384p\hagrid_30k\train_val_one\0288a78e-21b0-42f0-8217-b2e38323f83d.jpg,multiple_hands
train,one,data\hagrid_sample\hagrid-sample-30k-384p\hagrid_30k\train_val_one\6b7e172e-dd4c-4385-9bde-5bd1397e9dbd.jpg,no_hand
train,one,data\hagrid_sample\hagrid-sample-30k-384p\hagrid_30k\train_val_one\5263be7d-2d70-48dd-a6c3-b4928ba0a324.jpg,no_hand
train,one,data\hagrid_sample\hagrid-sample-30k-384p\hagrid_30k\train_val_one\c25f78dd-68e3-4ee9-b417-7f4bd8b335b1.jpg,multiple_hands
train,one,data\hagrid_sample\hagrid-sample-30k-384p\hagrid_30k\train_val_one\718ea6a7-257e-4db9-9640-5afda2131f38.jpg,no_hand
train,one,data\hagrid_sample\hagrid-sample-30k-384p\hagrid_30k\train_val_one\3942e2e0-22f0-4645-ac13-e34f383be818.jpg,no_hand
train,one,data\hagrid_sample\hagrid-sample-30k-384p\hagrid_30k\train_val_one\5b559e8b-ec08-470f-af37-72900b2ce555.jpg,multiple_hands
train,one,data\hagrid_sample\hagrid-sample-30k-384p\hagrid_30k\train_val_one\cc5ca6aa-340d-475b-b0a9-e54eeb0f33c3.jpg,multiple_hands
train,one,data\hagrid_sample\hagrid-sample-30k-384p\hagrid_30k\train_val_one\0d21288f-2efe-416b-9f26-f2ae5d59d717.jpg,no_hand
train,one,data\hagrid_sample\hagrid-sample-30k-384p\hagrid_30k\train_val_one\42809ff6-fdb6-4834-bd8e-7a9c3b909bc9.jpg,multiple_hands
train,one,data\hagrid_sample\hagrid-sample-30k-384p\hagrid_30k\train_val_one\d17b8db5-cda8-4837-9ea3-01c40e269b29.jpg,multiple_hands
train,one,data\hagrid_sample\hagrid-sample-30k-384p\hagrid_30k\train_val_one\42ff4df0-e012-45c4-8835-e1af623ffaf1.jpg,no_hand
train,one,data\hagrid_sample\hagrid-sample-30k-384p\hagrid_30k\train_val_one\dd3be376-bf18-403c-b75b-3ce5e4cf1d8c.jpg,multiple_hands
train,one,data\hagrid_sample\hagrid-sample-30k-384p\hagrid_30k\train_val_one\93c52029-3b44-4450-b79c-b6cf4b157b02.jpg,no_hand
train,one,data\hagrid_sample\hagrid-sample-30k-384p\hagrid_30k\train_val_one\7a3e7217-802c-4758-a0d1-b972e1d7afca.jpg,multiple_hands
train,one,data\hagrid_sample\hagrid-sample-30k-384p\hagrid_30k\train_val_one\14c06b12-d1ae-4053-b9f4-7ab7c960d959.jpg,no_hand
train,one,data\hagrid_sample\hagrid-sample-30k-384p\hagrid_30k\train_val_one\9f6d6866-7336-4ced-a112-8ba3e6206be3.jpg,no_hand
train,one,data\hagrid_sample\hagrid-sample-30k-384p\hagrid_30k\train_val_one\4d0aed44-0264-404d-9035-a0d950ed511e.jpg,no_hand
train,one,data\hagrid_sample\hagrid-sample-30k-384p\hagrid_30k\train_val_one\e94c9094-1e6c-44ac-8193-f539a81e8659.jpg,multiple_hands
train,one,data\hagrid_sample\hagrid-sample-30k-384p\hagrid_30k\train_val_one\1169decd-6568-4585-8183-580f706fe49d.jpg,multiple_hands
train,one,data\hagrid_sample\hagrid-sample-30k-384p\hagrid_30k\train_val_one\a81eaf63-eb0f-4437-bf00-04f4956eeb00.jpg,multiple_hands
train,one,data\hagrid_sample\hagrid-sample-30k-384p\hagrid_30k\train_val_one\dfda6ef0-4f0a-49a9-a2f9-8d91888903ce.jpg,multiple_hands
train,one,data\hagrid_sample\hagrid-sample-30k-384p\hagrid_30k\train_val_one\c87a13ea-c89f-40af-8d2f-253d77b72d32.jpg,multiple_hands
train,one,data\hagrid_sample\hagrid-sample-30k-384p\hagrid_30k\train_val_one\c6c3bc25-bbcb-4e71-9456-815e570ee1fc.jpg,no_hand
train,one,data\hagrid_sample\hagrid-sample-30k-384p\hagrid_30k\train_val_one\f276e747-35b8-4201-a725-d0b79a5c873c.jpg,multiple_hands
train,one,data\hagrid_sample\hagrid-sample-30k-384p\hagrid_30k\train_val_one\9c54a4c4-88d4-436f-a241-5a9b10b1202a.jpg,no_hand
train,one,data\hagrid_sample\hagrid-sample-30k-384p\hagrid_30k\train_val_one\faec3e36-9d95-4eb1-a03b-99d88f1d354f.jpg,multiple_hands
train,one,data\hagrid_sample\hagrid-sample-30k-384p\hagrid_30k\train_val_one\1509af74-a795-4974-b27f-e03f71797f99.jpg,no_hand
train,one,data\hagrid_sample\hagrid-sample-30k-384p\hagrid_30k\train_val_one\b2b054b1-1827-42b7-aed0-c5ed1d9ed1ed.jpg,multiple_hands
train,one,data\hagrid_sample\hagrid-sample-30k-384p\hagrid_30k\train_val_one\56622d9a-e72f-4178-a840-0a4884e8bc29.jpg,multiple_hands
train,one,data\hagrid_sample\hagrid-sample-30k-384p\hagrid_30k\train_val_one\36cb8293-4210-4dc3-b818-3c2812c46f36.jpg,no_hand
train,one,data\hagrid_sample\hagrid-sample-30k-384p\hagrid_30k\train_val_one\0b6b5769-33fe-4dbf-adf6-660ea604ff1a.jpg,multiple_hands
train,one,data\hagrid_sample\hagrid-sample-30k-384p\hagrid_30k\train_val_one\e50fd1ec-8994-4915-8906-fa46c4dc448c.jpg,no_hand
train,one,data\hagrid_sample\hagrid-sample-30k-384p\hagrid_30k\train_val_one\0e45573d-bf56-4a5f-9b59-f032422df7ca.jpg,no_hand
train,one,data\hagrid_sample\hagrid-sample-30k-384p\hagrid_30k\train_val_one\a68fc82a-f9c5-43b2-9663-b8e07c09b94e.jpg,no_hand
train,one,data\hagrid_sample\hagrid-sample-30k-384p\hagrid_30k\train_val_one\55705692-0681-427b-93de-24c3b7f14088.jpg,multiple_hands
train,one,data\hagrid_sample\hagrid-sample-30k-384p\hagrid_30k\train_val_one\82af6a95-a725-463e-8f81-801da69ad95b.jpg,no_hand
train,one,data\hagrid_sample\hagrid-sample-30k-384p\hagrid_30k\train_val_one\304bee70-2001-483a-9259-8917f7a39170.jpg,no_hand
train,one,data\hagrid_sample\hagrid-sample-30k-384p\hagrid_30k\train_val_one\6c9aafc9-2ef9-4d6f-ad01-ccc9ffa2edc1.jpg,no_hand
train,one,data\hagrid_sample\hagrid-sample-30k-384p\hagrid_30k\train_val_one\bf5b6d3b-e4ae-455e-a3d1-ec2d7a985568.jpg,multiple_hands
train,one,data\hagrid_sample\hagrid-sample-30k-384p\hagrid_30k\train_val_one\61b7ce38-ffb8-4478-8f0b-f04509f021fc.jpg,multiple_hands
train,one,data\hagrid_sample\hagrid-sample-30k-384p\hagrid_30k\train_val_one\2c840906-2435-465e-b8bf-f2e6cc00eef8.jpg,no_hand
train,one,data\hagrid_sample\hagrid-sample-30k-384p\hagrid_30k\train_val_one\e67d499d-338c-49b1-8850-8ba15c9ef62d.jpg,multiple_hands
train,one,data\hagrid_sample\hagrid-sample-30k-384p\hagrid_30k\train_val_one\ba19ae63-5952-4da4-8e3a-3cc294c91843.jpg,multiple_hands
train,one,data\hagrid_sample\hagrid-sample-30k-384p\hagrid_30k\train_val_one\91fb9337-3a99-4aff-90fd-42ca8e4aab4f.jpg,no_hand
train,one,data\hagrid_sample\hagrid-sample-30k-384p\hagrid_30k\train_val_one\94002aa5-9dc4-4186-83b5-e1f5aa26269e.jpg,multiple_hands
train,one,data\hagrid_sample\hagrid-sample-30k-384p\hagrid_30k\train_val_one\d0b3501e-d4fa-461f-abd8-6b907d2e782f.jpg,no_hand
train,one,data\hagrid_sample\hagrid-sample-30k-384p\hagrid_30k\train_val_one\088f103f-21bf-497b-ba0b-2b0a70ec0e86.jpg,multiple_hands
train,one,data\hagrid_sample\hagrid-sample-30k-384p\hagrid_30k\train_val_one\907f8778-a2a7-4b55-b3cf-234f26a40036.jpg,no_hand
train,one,data\hagrid_sample\hagrid-sample-30k-384p\hagrid_30k\train_val_one\ea34d499-35f5-43ee-a0c7-41e1af82b19c.jpg,no_hand
train,one,data\hagrid_sample\hagrid-sample-30k-384p\hagrid_30k\train_val_one\9244f17a-f2fc-4295-be25-ce0913c49f89.jpg,multiple_hands
train,one,data\hagrid_sample\hagrid-sample-30k-384p\hagrid_30k\train_val_one\a28c9e5f-a762-4d28-9fed-4157768816c4.jpg,no_hand
train,one,data\hagrid_sample\hagrid-sample-30k-384p\hagrid_30k\train_val_one\5cedb13e-b6b9-4d69-98c9-d8f20aeeb01f.jpg,no_hand
train,one,data\hagrid_sample\hagrid-sample-30k-384p\hagrid_30k\train_val_one\6f8708dc-54fd-4ef3-9ec5-e47d464fa700.jpg,no_hand
train,one,data\hagrid_sample\hagrid-sample-30k-384p\hagrid_30k\train_val_one\df05e3ab-7b55-4853-8a13-f207ce5c8893.jpg,multiple_hands
train,one,data\hagrid_sample\hagrid-sample-30k-384p\hagrid_30k\train_val_one\4f7e1a97-f7d2-49c0-8fc3-1b554f150a6b.jpg,no_hand
train,one,data\hagrid_sample\hagrid-sample-30k-384p\hagrid_30k\train_val_one\e2c05b25-2fbe-4177-90b4-99733810ae66.jpg,multiple_hands
train,one,data\hagrid_sample\hagrid-sample-30k-384p\hagrid_30k\train_val_one\4f16981b-c7ce-4a07-98d0-3ff66b8a4452.jpg,multiple_hands
train,one,data\hagrid_sample\hagrid-sample-30k-384p\hagrid_30k\train_val_one\7fc2d594-6c02-48b6-b5ba-965267e58f8d.jpg,multiple_hands
train,one,data\hagrid_sample\hagrid-sample-30k-384p\hagrid_30k\train_val_one\1d64a192-675f-4dce-9355-64b06ba2b8b8.jpg,multiple_hands
train,one,data\hagrid_sample\hagrid-sample-30k-384p\hagrid_30k\train_val_one\3be0ff6b-e65e-4bcf-b27c-bb5dd6dbcf0a.jpg,multiple_hands
train,one,data\hagrid_sample\hagrid-sample-30k-384p\hagrid_30k\train_val_one\f1d9bdfc-cb7a-4b14-8a40-0523a8d22b05.jpg,no_hand
train,one,data\hagrid_sample\hagrid-sample-30k-384p\hagrid_30k\train_val_one\332b9233-0b83-4450-8807-bd263d2a7722.jpg,no_hand
train,one,data\hagrid_sample\hagrid-sample-30k-384p\hagrid_30k\train_val_one\66599b45-144d-48c8-ad40-ffab7bd30b7b.jpg,multiple_hands
train,one,data\hagrid_sample\hagrid-sample-30k-384p\hagrid_30k\train_val_one\ef743e5a-a0d7-4211-ac0c-8b22400069eb.jpg,multiple_hands
train,one,data\hagrid_sample\hagrid-sample-30k-384p\hagrid_30k\train_val_one\515e5dc9-97fb-411d-b833-92df92109d8e.jpg,no_hand
train,one,data\hagrid_sample\hagrid-sample-30k-384p\hagrid_30k\train_val_one\3a2ff921-7df1-4771-afec-ae65aaea1dbd.jpg,multiple_hands
train,one,data\hagrid_sample\hagrid-sample-30k-384p\hagrid_30k\train_val_one\08b13d9e-5fa3-4814-8b68-bba024e4e837.jpg,multiple_hands
train,one,data\hagrid_sample\hagrid-sample-30k-384p\hagrid_30k\train_val_one\2ea9a179-cab0-4380-9d17-e4d5a3351262.jpg,multiple_hands
train,one,data\hagrid_sample\hagrid-sample-30k-384p\hagrid_30k\train_val_one\eec901c9-4c73-4345-a3f5-5866e8e844ae.jpg,multiple_hands
train,one,data\hagrid_sample\hagrid-sample-30k-384p\hagrid_30k\train_val_one\e7409b56-e5d5-4cc1-a28a-783631b0b5a2.jpg,no_hand
train,one,data\hagrid_sample\hagrid-sample-30k-384p\hagrid_30k\train_val_one\92fb21b2-b994-4c3b-b8bd-aa0aa3df85a6.jpg,no_hand
train,one,data\hagrid_sample\hagrid-sample-30k-384p\hagrid_30k\train_val_one\6efd847b-b5cf-4303-a935-c07d2cc07a4a.jpg,multiple_hands
train,one,data\hagrid_sample\hagrid-sample-30k-384p\hagrid_30k\train_val_one\4a772f7b-14d9-4f76-a4ac-8f9d2bc90217.jpg,no_hand
train,one,data\hagrid_sample\hagrid-sample-30k-384p\hagrid_30k\train_val_one\77632353-865b-428c-b0fe-a4715c010b96.jpg,no_hand
train,one,data\hagrid_sample\hagrid-sample-30k-384p\hagrid_30k\train_val_one\d8979d80-c676-410e-a20e-3076d87c0e75.jpg,no_hand
train,one,data\hagrid_sample\hagrid-sample-30k-384p\hagrid_30k\train_val_one\3d9c811d-51bb-4fe1-9372-ea77a7bcaffe.jpg,no_hand
train,one,data\hagrid_sample\hagrid-sample-30k-384p\hagrid_30k\train_val_one\11b0038e-e96c-4c80-9bb9-f2f0c8a8acd9.jpg,no_hand
train,one,data\hagrid_sample\hagrid-sample-30k-384p\hagrid_30k\train_val_one\140798b7-7bec-4e38-83fc-8460c287cbcc.jpg,multiple_hands
train,one,data\hagrid_sample\hagrid-sample-30k-384p\hagrid_30k\train_val_one\d927f8c6-5fcf-402c-b00f-9bb889b0bbfe.jpg,multiple_hands
train,one,data\hagrid_sample\hagrid-sample-30k-384p\hagrid_30k\train_val_one\d163c298-1787-43af-bab7-dbcccb271827.jpg,multiple_hands
train,one,data\hagrid_sample\hagrid-sample-30k-384p\hagrid_30k\train_val_one\417db37e-37fc-4703-bdda-e82c014db102.jpg,no_hand
train,one,data\hagrid_sample\hagrid-sample-30k-384p\hagrid_30k\train_val_one\2b731792-96c8-44d0-bd0d-6535bb0128bb.jpg,multiple_hands
train,one,data\hagrid_sample\hagrid-sample-30k-384p\hagrid_30k\train_val_one\857b00fe-ef3d-46f3-b7f3-06bd35f35a4a.jpg,no_hand
train,one,data\hagrid_sample\hagrid-sample-30k-384p\hagrid_30k\train_val_one\acf3744f-31ac-4ff9-84a4-3731658ab750.jpg,multiple_hands
train,one,data\hagrid_sample\hagrid-sample-30k-384p\hagrid_30k\train_val_one\c648d6b7-d82a-4e1d-9f9d-5a4864e1acfb.jpg,multiple_hands
train,one,data\hagrid_sample\hagrid-sample-30k-384p\hagrid_30k\train_val_one\999426b3-ba40-4199-bb58-8255e5008fe0.jpg,no_hand
train,one,data\hagrid_sample\hagrid-sample-30k-384p\hagrid_30k\train_val_one\d11e30e0-b8d8-4df8-ad74-85865e4f38f8.jpg,multiple_hands
train,one,data\hagrid_sample\hagrid-sample-30k-384p\hagrid_30k\train_val_one\f6cf86b2-477b-4d51-9647-f7ae486b9e75.jpg,no_hand
train,one,data\hagrid_sample\hagrid-sample-30k-384p\hagrid_30k\train_val_one\6f420bb3-9880-46a9-ab14-805d27308d96.jpg,multiple_hands
train,one,data\hagrid_sample\hagrid-sample-30k-384p\hagrid_30k\train_val_one\67b9c833-b71e-494c-b08e-1925f41c3c68.jpg,multiple_hands
train,one,data\hagrid_sample\hagrid-sample-30k-384p\hagrid_30k\train_val_one\ddeb1e96-1ab1-48e3-b9bf-920580686196.jpg,no_hand
train,one,data\hagrid_sample\hagrid-sample-30k-384p\hagrid_30k\train_val_one\7399a621-7fd2-4287-83bd-672b7e118b6e.jpg,multiple_hands
train,one,data\hagrid_sample\hagrid-sample-30k-384p\hagrid_30k\train_val_one\47c12e8a-6255-4350-83ef-fc4fd99e03ac.jpg,multiple_hands
train,one,data\hagrid_sample\hagrid-sample-30k-384p\hagrid_30k\train_val_one\4234bc46-90c6-49a6-8a21-68ee2d399a10.jpg,multiple_hands
train,one,data\hagrid_sample\hagrid-sample-30k-384p\hagrid_30k\train_val_one\432c6fbc-82c4-40af-a499-6d4be3bdbc76.jpg,multiple_hands
train,one,data\hagrid_sample\hagrid-sample-30k-384p\hagrid_30k\train_val_one\a7ffe0e8-2027-4916-bc02-c25efc955041.jpg,multiple_hands
train,one,data\hagrid_sample\hagrid-sample-30k-384p\hagrid_30k\train_val_one\ff6d8955-a411-42ac-9c58-716d6c644a61.jpg,no_hand
train,one,data\hagrid_sample\hagrid-sample-30k-384p\hagrid_30k\train_val_one\9d245d32-038a-4404-95b6-508148f9dcc1.jpg,no_hand
train,one,data\hagrid_sample\hagrid-sample-30k-384p\hagrid_30k\train_val_one\1dec3893-2693-4bca-9fd4-a488deed0b4c.jpg,multiple_hands
val,one,data\hagrid_sample\hagrid-sample-30k-384p\hagrid_30k\train_val_one\52e0a29b-7491-44a0-a07f-46a0f9d8d2c1.jpg,no_hand
val,one,data\hagrid_sample\hagrid-sample-30k-384p\hagrid_30k\train_val_one\c3fc5439-5f54-4478-9bab-9780a42e01e2.jpg,no_hand
val,one,data\hagrid_sample\hagrid-sample-30k-384p\hagrid_30k\train_val_one\94ee6e11-65d5-4f73-8609-17dae966ba8d.jpg,no_hand
val,one,data\hagrid_sample\hagrid-sample-30k-384p\hagrid_30k\train_val_one\dba39a17-9b1d-421c-b772-c68551bf8ca5.jpg,multiple_hands
val,one,data\hagrid_sample\hagrid-sample-30k-384p\hagrid_30k\train_val_one\b2cfea6a-5704-48dc-aad5-b089153a0199.jpg,multiple_hands
val,one,data\hagrid_sample\hagrid-sample-30k-384p\hagrid_30k\train_val_one\65cf8b39-79a5-4de6-89e6-114a5fd86fcc.jpg,no_hand
val,one,data\hagrid_sample\hagrid-sample-30k-384p\hagrid_30k\train_val_one\bdd4990d-5b18-4f4a-87ca-be3b02d4f4d5.jpg,no_hand
val,one,data\hagrid_sample\hagrid-sample-30k-384p\hagrid_30k\train_val_one\8b2f5ad4-e69e-4496-a653-f17e65aef124.jpg,multiple_hands
val,one,data\hagrid_sample\hagrid-sample-30k-384p\hagrid_30k\train_val_one\9ffcf897-97a3-46da-b9de-29620a49150f.jpg,no_hand
val,one,data\hagrid_sample\hagrid-sample-30k-384p\hagrid_30k\train_val_one\9adcadcd-887b-4870-b28e-12b8cbfb2e67.jpg,multiple_hands
val,one,data\hagrid_sample\hagrid-sample-30k-384p\hagrid_30k\train_val_one\118d0cd5-ecb5-41d2-9b84-9981a99304c2.jpg,no_hand
val,one,data\hagrid_sample\hagrid-sample-30k-384p\hagrid_30k\train_val_one\75e56e02-61aa-40ca-a964-823b9c337920.jpg,no_hand
val,one,data\hagrid_sample\hagrid-sample-30k-384p\hagrid_30k\train_val_one\8ee61fcd-1d0a-4e8f-80b2-fdf6f99a1b24.jpg,multiple_hands
val,one,data\hagrid_sample\hagrid-sample-30k-384p\hagrid_30k\train_val_one\1e8518c5-1cd0-4941-a8eb-38662ba9a8c4.jpg,multiple_hands
val,one,data\hagrid_sample\hagrid-sample-30k-384p\hagrid_30k\train_val_one\df532056-4ae7-445c-99be-8056ea6e93b0.jpg,multiple_hands
val,one,data\hagrid_sample\hagrid-sample-30k-384p\hagrid_30k\train_val_one\73726888-a864-4e89-a0ed-921c776f47ad.jpg,multiple_hands
val,one,data\hagrid_sample\hagrid-sample-30k-384p\hagrid_30k\train_val_one\567f1daf-1562-4b53-8201-5cf8d157bb2d.jpg,multiple_hands
val,one,data\hagrid_sample\hagrid-sample-30k-384p\hagrid_30k\train_val_one\4766da08-1a9d-454d-83d1-0c69c7442296.jpg,multiple_hands
val,one,data\hagrid_sample\hagrid-sample-30k-384p\hagrid_30k\train_val_one\2d45b0d1-08c9-4349-a5f3-59db34066b9c.jpg,no_hand
val,one,data\hagrid_sample\hagrid-sample-30k-384p\hagrid_30k\train_val_one\efe9d1ee-481e-4972-bf17-41b367dd013e.jpg,multiple_hands
val,one,data\hagrid_sample\hagrid-sample-30k-384p\hagrid_30k\train_val_one\bc951d72-8457-4157-9e27-968d2bb9121f.jpg,multiple_hands
val,one,data\hagrid_sample\hagrid-sample-30k-384p\hagrid_30k\train_val_one\c0bcfd1d-49f7-4fa6-bbde-4df46bb68547.jpg,multiple_hands
val,one,data\hagrid_sample\hagrid-sample-30k-384p\hagrid_30k\train_val_one\37bd99fe-064d-4707-847a-560ac1692fef.jpg,multiple_hands
val,one,data\hagrid_sample\hagrid-sample-30k-384p\hagrid_30k\train_val_one\2527e87f-9b45-4eb8-a8d3-c255163a7660.jpg,multiple_hands
val,one,data\hagrid_sample\hagrid-sample-30k-384p\hagrid_30k\train_val_one\19f280f7-7f5e-4631-a5fa-78d5f5e03a5d.jpg,no_hand
val,one,data\hagrid_sample\hagrid-sample-30k-384p\hagrid_30k\train_val_one\c5bd82c3-5088-471c-87ba-2e58b1b17648.jpg,multiple_hands
val,one,data\hagrid_sample\hagrid-sample-30k-384p\hagrid_30k\train_val_one\bd4e22c6-2761-422b-93c4-a6112d5f627b.jpg,multiple_hands
val,one,data\hagrid_sample\hagrid-sample-30k-384p\hagrid_30k\train_val_one\c1de650f-48c9-4072-a007-4c5ec0aee52e.jpg,multiple_hands
val,one,data\hagrid_sample\hagrid-sample-30k-384p\hagrid_30k\train_val_one\58b57be7-09fd-4973-8c36-c15978e7904b.jpg,multiple_hands
val,one,data\hagrid_sample\hagrid-sample-30k-384p\hagrid_30k\train_val_one\2276a30b-5abf-43bb-bfa9-b98ca066aeaa.jpg,multiple_hands
val,one,data\hagrid_sample\hagrid-sample-30k-384p\hagrid_30k\train_val_one\c6d768fb-4131-4b3e-b8b6-4476213ddd80.jpg,no_hand
val,one,data\hagrid_sample\hagrid-sample-30k-384p\hagrid_30k\train_val_one\c605967f-d7a7-4491-9fc2-1c62efde0d1c.jpg,no_hand
val,one,data\hagrid_sample\hagrid-sample-30k-384p\hagrid_30k\train_val_one\9ce5cb5f-a78b-4b73-839d-fb3a30dd3811.jpg,multiple_hands
val,one,data\hagrid_sample\hagrid-sample-30k-384p\hagrid_30k\train_val_one\fa06438d-cbee-4e7f-bec4-582b9c7ac98b.jpg,no_hand
val,one,data\hagrid_sample\hagrid-sample-30k-384p\hagrid_30k\train_val_one\37678b57-634c-4346-9472-87e35c4243f7.jpg,no_hand
val,one,data\hagrid_sample\hagrid-sample-30k-384p\hagrid_30k\train_val_one\fde279fe-ea50-4f68-a18e-9d23bf968ea2.jpg,no_hand
val,one,data\hagrid_sample\hagrid-sample-30k-384p\hagrid_30k\train_val_one\83c58d05-bb68-414d-9601-23db35d4db7f.jpg,no_hand
val,one,data\hagrid_sample\hagrid-sample-30k-384p\hagrid_30k\train_val_one\b9b30dba-01a1-4720-867e-45e8a0cef90c.jpg,no_hand
val,one,data\hagrid_sample\hagrid-sample-30k-384p\hagrid_30k\train_val_one\aa1d480d-25af-40e4-af29-276f61ed09e9.jpg,multiple_hands
val,one,data\hagrid_sample\hagrid-sample-30k-384p\hagrid_30k\train_val_one\df2eed3e-d371-4ad1-b797-9a0454efa2de.jpg,no_hand
val,one,data\hagrid_sample\hagrid-sample-30k-384p\hagrid_30k\train_val_one\3609ada9-4fc5-4f96-a595-f928a43e72cf.jpg,no_hand
val,one,data\hagrid_sample\hagrid-sample-30k-384p\hagrid_30k\train_val_one\68323f70-bd10-4799-aaa1-9a180e7d933b.jpg,multiple_hands
val,one,data\hagrid_sample\hagrid-sample-30k-384p\hagrid_30k\train_val_one\8866200c-e909-4811-9b61-f7b984439399.jpg,multiple_hands
val,one,data\hagrid_sample\hagrid-sample-30k-384p\hagrid_30k\train_val_one\7db97fbd-fd72-47fd-9623-dc31735e24ae.jpg,no_hand
val,one,data\hagrid_sample\hagrid-sample-30k-384p\hagrid_30k\train_val_one\175d1f24-63ef-48db-bfac-607dff2d1457.jpg,multiple_hands
val,one,data\hagrid_sample\hagrid-sample-30k-384p\hagrid_30k\train_val_one\c3d4926c-f09d-4489-9f4b-1653b73b1074.jpg,multiple_hands
val,one,data\hagrid_sample\hagrid-sample-30k-384p\hagrid_30k\train_val_one\554cda9e-093b-43d9-8c28-6fa81ab00fed.jpg,no_hand
val,one,data\hagrid_sample\hagrid-sample-30k-384p\hagrid_30k\train_val_one\9160a880-e4cb-40b1-8653-4e9c5d5b3c19.jpg,multiple_hands
val,one,data\hagrid_sample\hagrid-sample-30k-384p\hagrid_30k\train_val_one\8821517d-acf6-4868-b672-aa28100af583.jpg,multiple_hands
val,one,data\hagrid_sample\hagrid-sample-30k-384p\hagrid_30k\train_val_one\6434ba28-0ff9-469d-ac6c-0c36da12c4ad.jpg,multiple_hands
val,one,data\hagrid_sample\hagrid-sample-30k-384p\hagrid_30k\train_val_one\371c6b9f-a038-431f-a871-696da565f30c.jpg,multiple_hands
val,one,data\hagrid_sample\hagrid-sample-30k-384p\hagrid_30k\train_val_one\4eefd716-00c5-4f1f-9282-7b1f2550c02e.jpg,multiple_hands
val,one,data\hagrid_sample\hagrid-sample-30k-384p\hagrid_30k\train_val_one\1c6e93ca-f0e8-425c-a897-48aa69531994.jpg,multiple_hands
val,one,data\hagrid_sample\hagrid-sample-30k-384p\hagrid_30k\train_val_one\f0b2dc86-fb36-48b2-b3ff-376f64b4acf3.jpg,no_hand
val,one,data\hagrid_sample\hagrid-sample-30k-384p\hagrid_30k\train_val_one\8fef30ba-dcda-48e4-8ecb-53236921edaf.jpg,no_hand
val,one,data\hagrid_sample\hagrid-sample-30k-384p\hagrid_30k\train_val_one\4b1dce80-74eb-4b25-b2fe-21b006cc79e1.jpg,no_hand
val,one,data\hagrid_sample\hagrid-sample-30k-384p\hagrid_30k\train_val_one\75b82ede-ba58-4905-8e49-4e6791ceabb8.jpg,multiple_hands
val,one,data\hagrid_sample\hagrid-sample-30k-384p\hagrid_30k\train_val_one\a0d36ea4-d690-42a1-8598-0b40dbfbaeb4.jpg,multiple_hands
val,one,data\hagrid_sample\hagrid-sample-30k-384p\hagrid_30k\train_val_one\3ea5aba7-5c56-43b6-b3e4-231f0922dc6f.jpg,multiple_hands
val,one,data\hagrid_sample\hagrid-sample-30k-384p\hagrid_30k\train_val_one\265442dc-8941-4b42-bca8-c3ccb20a5103.jpg,multiple_hands
val,one,data\hagrid_sample\hagrid-sample-30k-384p\hagrid_30k\train_val_one\a6fdefcf-3469-4389-b5aa-846adabd3c2b.jpg,multiple_hands
val,one,data\hagrid_sample\hagrid-sample-30k-384p\hagrid_30k\train_val_one\5f59ebff-16d4-4a88-8749-7ff0c685d2d1.jpg,no_hand
val,one,data\hagrid_sample\hagrid-sample-30k-384p\hagrid_30k\train_val_one\e81de9b6-cae7-4cf7-b394-eed56b9b110d.jpg,multiple_hands
val,one,data\hagrid_sample\hagrid-sample-30k-384p\hagrid_30k\train_val_one\016da452-0a0d-4217-97b9-9dc15175b636.jpg,no_hand
val,one,data\hagrid_sample\hagrid-sample-30k-384p\hagrid_30k\train_val_one\4f3160ba-cb64-4f1a-bcf6-42249eb86c5b.jpg,multiple_hands
val,one,data\hagrid_sample\hagrid-sample-30k-384p\hagrid_30k\train_val_one\cf275ffa-8f35-4e57-a068-a83b06af9b7a.jpg,multiple_hands
test,one,data\hagrid_sample\hagrid-sample-30k-384p\hagrid_30k\train_val_one\17f666cb-0060-4650-87eb-91bdfa9ac7df.jpg,multiple_hands
test,one,data\hagrid_sample\hagrid-sample-30k-384p\hagrid_30k\train_val_one\2d9a20f9-6531-4823-8d7d-5f1d33fa4c3e.jpg,no_hand
test,one,data\hagrid_sample\hagrid-sample-30k-384p\hagrid_30k\train_val_one\e0266894-36f6-461c-98ea-6d56d1914540.jpg,multiple_hands
test,one,data\hagrid_sample\hagrid-sample-30k-384p\hagrid_30k\train_val_one\077517a1-8640-4b25-8da7-3188f615d3c0.jpg,multiple_hands
test,one,data\hagrid_sample\hagrid-sample-30k-384p\hagrid_30k\train_val_one\6067928f-19fb-4c21-adf1-1ba7e81e9ad0.jpg,multiple_hands
test,one,data\hagrid_sample\hagrid-sample-30k-384p\hagrid_30k\train_val_one\fc3028cb-c147-4b4d-a117-87e2806a3272.jpg,multiple_hands
test,one,data\hagrid_sample\hagrid-sample-30k-384p\hagrid_30k\train_val_one\7aa1b2d4-c598-41b3-bc5a-e55368b52a8c.jpg,multiple_hands
test,one,data\hagrid_sample\hagrid-sample-30k-384p\hagrid_30k\train_val_one\c90443eb-a888-4ebf-8ea9-2defe9926168.jpg,multiple_hands
test,one,data\hagrid_sample\hagrid-sample-30k-384p\hagrid_30k\train_val_one\ac0449ec-dd03-438d-9283-0f3f4d430047.jpg,multiple_hands
test,one,data\hagrid_sample\hagrid-sample-30k-384p\hagrid_30k\train_val_one\a5408c5a-1722-497a-8d42-39e429812cec.jpg,no_hand
test,one,data\hagrid_sample\hagrid-sample-30k-384p\hagrid_30k\train_val_one\ef2af5a4-262c-401c-9fc5-10851096fdaf.jpg,no_hand
test,one,data\hagrid_sample\hagrid-sample-30k-384p\hagrid_30k\train_val_one\5362aa45-4f35-4a98-bb21-cf9cf1cfba74.jpg,multiple_hands
test,one,data\hagrid_sample\hagrid-sample-30k-384p\hagrid_30k\train_val_one\1baac9ba-79e7-49e3-9305-76a8d6330911.jpg,no_hand
test,one,data\hagrid_sample\hagrid-sample-30k-384p\hagrid_30k\train_val_one\8e3e4b95-b14f-40a7-a772-c9b692650cea.jpg,no_hand
test,one,data\hagrid_sample\hagrid-sample-30k-384p\hagrid_30k\train_val_one\0bfc0fa1-0c27-4496-9cc8-2cd4c5001462.jpg,multiple_hands
test,one,data\hagrid_sample\hagrid-sample-30k-384p\hagrid_30k\train_val_one\891c0c1f-17aa-46da-8a7a-8ee0242cdd1a.jpg,multiple_hands
test,one,data\hagrid_sample\hagrid-sample-30k-384p\hagrid_30k\train_val_one\2c2fc123-1e5e-4f51-9fc6-8743bef5890e.jpg,no_hand
test,one,data\hagrid_sample\hagrid-sample-30k-384p\hagrid_30k\train_val_one\bb81f475-1dfe-47a0-ac02-65fda4586e76.jpg,no_hand
test,one,data\hagrid_sample\hagrid-sample-30k-384p\hagrid_30k\train_val_one\979cf079-cc2d-457c-bd06-5809a4847e70.jpg,multiple_hands
test,one,data\hagrid_sample\hagrid-sample-30k-384p\hagrid_30k\train_val_one\4d9386e0-f021-4d51-be9d-dd06f601d1f0.jpg,no_hand
test,one,data\hagrid_sample\hagrid-sample-30k-384p\hagrid_30k\train_val_one\69f615c1-1ada-460a-8b01-c596c77e0737.jpg,no_hand
test,one,data\hagrid_sample\hagrid-sample-30k-384p\hagrid_30k\train_val_one\527a3e39-0091-4f4a-99e5-1f56a1d58dd0.jpg,multiple_hands
test,one,data\hagrid_sample\hagrid-sample-30k-384p\hagrid_30k\train_val_one\25e11871-1af0-4a71-b47a-babca9ef4df4.jpg,multiple_hands
test,one,data\hagrid_sample\hagrid-sample-30k-384p\hagrid_30k\train_val_one\0d0caffe-b328-4c97-894c-199cc1c66421.jpg,no_hand
test,one,data\hagrid_sample\hagrid-sample-30k-384p\hagrid_30k\train_val_one\c4936d12-f706-4244-8d6c-c4d94fb4a391.jpg,multiple_hands
test,one,data\hagrid_sample\hagrid-sample-30k-384p\hagrid_30k\train_val_one\c558d38a-f1b4-465c-97ef-5bd565b5deda.jpg,multiple_hands
test,one,data\hagrid_sample\hagrid-sample-30k-384p\hagrid_30k\train_val_one\d566f64b-78d0-40e3-ac95-fb6524a18110.jpg,multiple_hands
test,one,data\hagrid_sample\hagrid-sample-30k-384p\hagrid_30k\train_val_one\7464efcf-753e-4067-9893-9fb1a16c18a2.jpg,no_hand
test,one,data\hagrid_sample\hagrid-sample-30k-384p\hagrid_30k\train_val_one\4ab0b743-4056-4c0e-a20a-f55bef54c178.jpg,multiple_hands
test,one,data\hagrid_sample\hagrid-sample-30k-384p\hagrid_30k\train_val_one\014d612f-6fb4-49e9-9a7a-87552a869ed2.jpg,multiple_hands
test,one,data\hagrid_sample\hagrid-sample-30k-384p\hagrid_30k\train_val_one\af67cd68-44f5-4640-a680-28fb659213b3.jpg,no_hand
test,one,data\hagrid_sample\hagrid-sample-30k-384p\hagrid_30k\train_val_one\756fc406-0812-4415-bc02-f7e168ccee83.jpg,multiple_hands
test,one,data\hagrid_sample\hagrid-sample-30k-384p\hagrid_30k\train_val_one\27679617-01da-4a59-a139-5b0b96e11f20.jpg,no_hand
test,one,data\hagrid_sample\hagrid-sample-30k-384p\hagrid_30k\train_val_one\89c94b30-2c14-419f-bc97-954ac6840a74.jpg,multiple_hands
test,one,data\hagrid_sample\hagrid-sample-30k-384p\hagrid_30k\train_val_one\19462cc0-793e-4b5f-bade-47aa6f98f0ba.jpg,no_hand
test,one,data\hagrid_sample\hagrid-sample-30k-384p\hagrid_30k\train_val_one\6cd672fa-364c-4912-b850-9ad0411b4896.jpg,no_hand
test,one,data\hagrid_sample\hagrid-sample-30k-384p\hagrid_30k\train_val_one\491a2e7d-ab14-40c8-b3d9-3433a802c9a5.jpg,multiple_hands
test,one,data\hagrid_sample\hagrid-sample-30k-384p\hagrid_30k\train_val_one\de86556b-71fd-4bd2-81a3-4d4085a6a62c.jpg,multiple_hands
test,one,data\hagrid_sample\hagrid-sample-30k-384p\hagrid_30k\train_val_one\0838321e-87a7-4d8e-8170-595298fc3052.jpg,multiple_hands
test,one,data\hagrid_sample\hagrid-sample-30k-384p\hagrid_30k\train_val_one\2b38f3f3-22a2-4c76-b74b-927e3ae1ef8e.jpg,no_hand
test,one,data\hagrid_sample\hagrid-sample-30k-384p\hagrid_30k\train_val_one\e5ef863a-5841-40f3-8925-bff57438960f.jpg,multiple_hands
test,one,data\hagrid_sample\hagrid-sample-30k-384p\hagrid_30k\train_val_one\380c9b80-e645-4546-8962-10a10db76049.jpg,no_hand
test,one,data\hagrid_sample\hagrid-sample-30k-384p\hagrid_30k\train_val_one\22ffeb20-9e98-4e41-be31-e749a64471ff.jpg,multiple_hands
test,one,data\hagrid_sample\hagrid-sample-30k-384p\hagrid_30k\train_val_one\c67c7e45-e3d8-454e-b87f-70f2473e8074.jpg,multiple_hands
test,one,data\hagrid_sample\hagrid-sample-30k-384p\hagrid_30k\train_val_one\84e36b84-462b-4397-9876-8a90c322310d.jpg,multiple_hands
test,one,data\hagrid_sample\hagrid-sample-30k-384p\hagrid_30k\train_val_one\d2278f8a-f76f-4c37-bed0-98a88925db2e.jpg,multiple_hands
test,one,data\hagrid_sample\hagrid-sample-30k-384p\hagrid_30k\train_val_one\4ca42928-a06e-4f2c-9df0-67df349b8440.jpg,multiple_hands
test,one,data\hagrid_sample\hagrid-sample-30k-384p\hagrid_30k\train_val_one\f57d0740-817b-43ad-bdc8-7820364eb00f.jpg,multiple_hands
test,one,data\hagrid_sample\hagrid-sample-30k-384p\hagrid_30k\train_val_one\43a69902-08e4-458a-9b36-80fb95351b02.jpg,multiple_hands
test,one,data\hagrid_sample\hagrid-sample-30k-384p\hagrid_30k\train_val_one\b3ed7c62-88cf-4dc0-b1ed-1b890daab819.jpg,multiple_hands
test,one,data\hagrid_sample\hagrid-sample-30k-384p\hagrid_30k\train_val_one\beac540e-c996-47e6-aee1-f90ab2341c44.jpg,no_hand
test,one,data\hagrid_sample\hagrid-sample-30k-384p\hagrid_30k\train_val_one\35e63939-963a-4989-96fd-2b62fe92b51a.jpg,no_hand
test,one,data\hagrid_sample\hagrid-sample-30k-384p\hagrid_30k\train_val_one\52bbdfa4-3ebe-44cd-bd78-8002224f478b.jpg,no_hand
test,one,data\hagrid_sample\hagrid-sample-30k-384p\hagrid_30k\train_val_one\ca887a01-18c8-45c1-bfa6-cf79758ad995.jpg,multiple_hands
test,one,data\hagrid_sample\hagrid-sample-30k-384p\hagrid_30k\train_val_one\336ec8fb-0258-482e-afef-764f143c8882.jpg,multiple_hands
test,one,data\hagrid_sample\hagrid-sample-30k-384p\hagrid_30k\train_val_one\4cc7c474-ab90-4af4-8dfb-7c643ecca2b5.jpg,multiple_hands
test,one,data\hagrid_sample\hagrid-sample-30k-384p\hagrid_30k\train_val_one\8c82e397-a660-47b7-b60a-84a75e52a3bc.jpg,no_hand
test,one,data\hagrid_sample\hagrid-sample-30k-384p\hagrid_30k\train_val_one\84319247-c47d-4455-b0c7-3a3e6fc9e71c.jpg,multiple_hands
test,one,data\hagrid_sample\hagrid-sample-30k-384p\hagrid_30k\train_val_one\f8b482da-cd62-48ee-b447-95b01951575a.jpg,no_hand
test,one,data\hagrid_sample\hagrid-sample-30k-384p\hagrid_30k\train_val_one\498cde83-c2e3-49f9-b34e-5f3d1a07db81.jpg,no_hand
test,one,data\hagrid_sample\hagrid-sample-30k-384p\hagrid_30k\train_val_one\20b16a6f-80e3-4066-a2f9-64de44621854.jpg,multiple_hands
test,one,data\hagrid_sample\hagrid-sample-30k-384p\hagrid_30k\train_val_one\1848cdd5-f10e-4379-8648-903fa64f2ebd.jpg,no_hand
test,one,data\hagrid_sample\hagrid-sample-30k-384p\hagrid_30k\train_val_one\597e8f19-1fd1-41f1-8deb-59701523485d.jpg,no_hand
train,rock,data\hagrid_sample\hagrid-sample-30k-384p\hagrid_30k\train_val_rock\dda6e894-dbad-47a9-ae87-aa24bc55aff9.jpg,multiple_hands
train,rock,data\hagrid_sample\hagrid-sample-30k-384p\hagrid_30k\train_val_rock\550ad406-aa32-4509-8b1c-538c06ee6410.jpg,multiple_hands
train,rock,data\hagrid_sample\hagrid-sample-30k-384p\hagrid_30k\train_val_rock\82a3a337-0a3a-42dd-a8d3-4cf66208f58c.jpg,no_hand
train,rock,data\hagrid_sample\hagrid-sample-30k-384p\hagrid_30k\train_val_rock\5d110847-80c4-46a3-a97f-fe39afd53739.jpg,multiple_hands
train,rock,data\hagrid_sample\hagrid-sample-30k-384p\hagrid_30k\train_val_rock\66bf4168-8fc4-4e93-b73a-047c77f3a398.jpg,multiple_hands
train,rock,data\hagrid_sample\hagrid-sample-30k-384p\hagrid_30k\train_val_rock\a4afd240-c77a-4dde-9df4-42566b66077f.jpg,multiple_hands
train,rock,data\hagrid_sample\hagrid-sample-30k-384p\hagrid_30k\train_val_rock\876b2897-d9df-4b75-8840-db536bb1effa.jpg,multiple_hands
train,rock,data\hagrid_sample\hagrid-sample-30k-384p\hagrid_30k\train_val_rock\d4eb9b3f-3ed2-4402-adc4-98dd14ea0dd9.jpg,no_hand
train,rock,data\hagrid_sample\hagrid-sample-30k-384p\hagrid_30k\train_val_rock\9e379466-5095-470e-884c-db288ffb4744.jpg,no_hand
train,rock,data\hagrid_sample\hagrid-sample-30k-384p\hagrid_30k\train_val_rock\43a57376-97f8-4adb-901d-a90cb6e26058.jpg,multiple_hands
train,rock,data\hagrid_sample\hagrid-sample-30k-384p\hagrid_30k\train_val_rock\d77dd9ce-3f71-4aa0-8f13-909c13ce05f3.jpg,no_hand
train,rock,data\hagrid_sample\hagrid-sample-30k-384p\hagrid_30k\train_val_rock\df3873c0-e05b-4720-a22f-dfdccf441940.jpg,multiple_hands
train,rock,data\hagrid_sample\hagrid-sample-30k-384p\hagrid_30k\train_val_rock\a9a6b3d3-4ea8-4f70-b032-e9818b4dc025.jpg,multiple_hands
train,rock,data\hagrid_sample\hagrid-sample-30k-384p\hagrid_30k\train_val_rock\2bb60ca4-a5b6-4d42-9410-aa2fc5999a4e.jpg,multiple_hands
train,rock,data\hagrid_sample\hagrid-sample-30k-384p\hagrid_30k\train_val_rock\acac27b7-3a36-408a-949b-b3cb76a5e380.jpg,multiple_hands
train,rock,data\hagrid_sample\hagrid-sample-30k-384p\hagrid_30k\train_val_rock\ae1672e9-9b23-4b18-a98f-12c7b202981d.jpg,no_hand
train,rock,data\hagrid_sample\hagrid-sample-30k-384p\hagrid_30k\train_val_rock\70c7b4da-4231-4d37-a044-e1f0c7475f70.jpg,no_hand
train,rock,data\hagrid_sample\hagrid-sample-30k-384p\hagrid_30k\train_val_rock\5e80d016-1e29-489a-9717-3fa6ead6a08a.jpg,no_hand
train,rock,data\hagrid_sample\hagrid-sample-30k-384p\hagrid_30k\train_val_rock\69797702-feec-4662-ab16-fb9c09de7a36.jpg,multiple_hands
train,rock,data\hagrid_sample\hagrid-sample-30k-384p\hagrid_30k\train_val_rock\7140c26a-f52d-487f-97e5-ae072f36321c.jpg,no_hand
train,rock,data\hagrid_sample\hagrid-sample-30k-384p\hagrid_30k\train_val_rock\53ea08cf-51d7-4d65-ae58-1f6b897bbfb8.jpg,no_hand
train,rock,data\hagrid_sample\hagrid-sample-30k-384p\hagrid_30k\train_val_rock\e56092e8-c114-4241-a4d4-479e4b468f2f.jpg,multiple_hands
train,rock,data\hagrid_sample\hagrid-sample-30k-384p\hagrid_30k\train_val_rock\3fb4f9f2-ef73-4076-bd29-8b9275020e46.jpg,multiple_hands
train,rock,data\hagrid_sample\hagrid-sample-30k-384p\hagrid_30k\train_val_rock\2a341c45-e8fa-45e5-97ed-b18f5693f12f.jpg,multiple_hands
train,rock,data\hagrid_sample\hagrid-sample-30k-384p\hagrid_30k\train_val_rock\069ea8d8-ba8b-4aa1-b5bb-eeed85ed3c82.jpg,no_hand
train,rock,data\hagrid_sample\hagrid-sample-30k-384p\hagrid_30k\train_val_rock\06fdc3bb-cdf7-4496-b1ec-3f44045e57b2.jpg,multiple_hands
train,rock,data\hagrid_sample\hagrid-sample-30k-384p\hagrid_30k\train_val_rock\9caee705-f44b-4b0c-8e3a-ecc39ab30f9c.jpg,multiple_hands
train,rock,data\hagrid_sample\hagrid-sample-30k-384p\hagrid_30k\train_val_rock\0f7dce14-85c0-4c8d-8889-936ad067d57f.jpg,multiple_hands
train,rock,data\hagrid_sample\hagrid-sample-30k-384p\hagrid_30k\train_val_rock\dcfd06c3-2119-46ee-9890-6081ba9816b7.jpg,multiple_hands
train,rock,data\hagrid_sample\hagrid-sample-30k-384p\hagrid_30k\train_val_rock\5ad8c39e-e325-4226-a1d1-f7a9c6774754.jpg,no_hand
train,rock,data\hagrid_sample\hagrid-sample-30k-384p\hagrid_30k\train_val_rock\1a535062-e4d2-4143-9a2c-1a4d36bcaba2.jpg,multiple_hands
train,rock,data\hagrid_sample\hagrid-sample-30k-384p\hagrid_30k\train_val_rock\a06d11d2-9df6-4617-aab0-1ee33d10814f.jpg,multiple_hands
train,rock,data\hagrid_sample\hagrid-sample-30k-384p\hagrid_30k\train_val_rock\c3578211-eb2b-4072-becb-1cccbf5bf652.jpg,no_hand
train,rock,data\hagrid_sample\hagrid-sample-30k-384p\hagrid_30k\train_val_rock\a6b953e3-b903-4428-a376-860d105a1c76.jpg,multiple_hands
train,rock,data\hagrid_sample\hagrid-sample-30k-384p\hagrid_30k\train_val_rock\68d2597c-c043-4bce-82c6-0778bd6a8787.jpg,no_hand
train,rock,data\hagrid_sample\hagrid-sample-30k-384p\hagrid_30k\train_val_rock\552926cd-7224-4a57-a4fb-92ddb8dc8db3.jpg,no_hand
train,rock,data\hagrid_sample\hagrid-sample-30k-384p\hagrid_30k\train_val_rock\d0cf5984-2657-4ca5-95fd-3eeab99b5806.jpg,multiple_hands
train,rock,data\hagrid_sample\hagrid-sample-30k-384p\hagrid_30k\train_val_rock\b71feab2-3e81-472e-bb00-8d8adc10ecde.jpg,no_hand
train,rock,data\hagrid_sample\hagrid-sample-30k-384p\hagrid_30k\train_val_rock\b3654281-3e3a-4638-9560-0f41b1e5ea74.jpg,multiple_hands
train,rock,data\hagrid_sample\hagrid-sample-30k-384p\hagrid_30k\train_val_rock\6494de2c-4052-49be-abcc-c04cb8a60371.jpg,no_hand
train,rock,data\hagrid_sample\hagrid-sample-30k-384p\hagrid_30k\train_val_rock\1c9f5fd5-120d-47cc-acde-e74847cc99db.jpg,multiple_hands
train,rock,data\hagrid_sample\hagrid-sample-30k-384p\hagrid_30k\train_val_rock\5b7fc4af-9ea5-4c6f-884d-9237dfffba98.jpg,multiple_hands
train,rock,data\hagrid_sample\hagrid-sample-30k-384p\hagrid_30k\train_val_rock\fa2f1b08-1c9f-4184-a557-24e227a7acca.jpg,multiple_hands
train,rock,data\hagrid_sample\hagrid-sample-30k-384p\hagrid_30k\train_val_rock\efebf5d6-ab30-4748-b21d-0f8244a59d81.jpg,no_hand
train,rock,data\hagrid_sample\hagrid-sample-30k-384p\hagrid_30k\train_val_rock\eb5ffe33-4e0a-452e-831c-e91c4961c1ac.jpg,multiple_hands
train,rock,data\hagrid_sample\hagrid-sample-30k-384p\hagrid_30k\train_val_rock\6c6d6e71-b1bb-4b31-8205-6303bdf701e3.jpg,no_hand
train,rock,data\hagrid_sample\hagrid-sample-30k-384p\hagrid_30k\train_val_rock\4384d0b6-555f-4058-a196-08239f2131d7.jpg,multiple_hands
train,rock,data\hagrid_sample\hagrid-sample-30k-384p\hagrid_30k\train_val_rock\3f1034d5-6c61-4c36-97de-6a8bea214827.jpg,no_hand
train,rock,data\hagrid_sample\hagrid-sample-30k-384p\hagrid_30k\train_val_rock\4ea5c67f-d6d6-41f9-8a1a-5f1afaba154b.jpg,no_hand
train,rock,data\hagrid_sample\hagrid-sample-30k-384p\hagrid_30k\train_val_rock\c6afdd1a-872a-48f5-af93-5a1c4aa2ad96.jpg,multiple_hands
train,rock,data\hagrid_sample\hagrid-sample-30k-384p\hagrid_30k\train_val_rock\69e3e185-427f-4397-add1-b30806fac4f0.jpg,multiple_hands
train,rock,data\hagrid_sample\hagrid-sample-30k-384p\hagrid_30k\train_val_rock\45723836-d07c-4485-a879-06014f011331.jpg,no_hand
train,rock,data\hagrid_sample\hagrid-sample-30k-384p\hagrid_30k\train_val_rock\50f726a8-ca4a-4073-9121-4b8251b08afd.jpg,multiple_hands
train,rock,data\hagrid_sample\hagrid-sample-30k-384p\hagrid_30k\train_val_rock\243dc546-57d2-4336-b920-32de1a87440b.jpg,no_hand
train,rock,data\hagrid_sample\hagrid-sample-30k-384p\hagrid_30k\train_val_rock\fbfd79e7-1988-4e2e-bb64-89774f12c8ee.jpg,multiple_hands
train,rock,data\hagrid_sample\hagrid-sample-30k-384p\hagrid_30k\train_val_rock\2b9ccc29-4474-42ec-b949-6bee4769218f.jpg,no_hand
train,rock,data\hagrid_sample\hagrid-sample-30k-384p\hagrid_30k\train_val_rock\490d26cb-10fa-426d-8472-92a658d31959.jpg,multiple_hands
train,rock,data\hagrid_sample\hagrid-sample-30k-384p\hagrid_30k\train_val_rock\fe4621c6-8dea-449d-98fa-d95e2b8296f0.jpg,multiple_hands
train,rock,data\hagrid_sample\hagrid-sample-30k-384p\hagrid_30k\train_val_rock\85d523f2-9b65-4ff4-8f84-fd8e1af7df3d.jpg,multiple_hands
train,rock,data\hagrid_sample\hagrid-sample-30k-384p\hagrid_30k\train_val_rock\9f2a7953-629e-4ddd-9d5e-1dbeedb22e2b.jpg,multiple_hands
train,rock,data\hagrid_sample\hagrid-sample-30k-384p\hagrid_30k\train_val_rock\9112ed9e-a0bc-4eea-807b-a620344583ff.jpg,no_hand
train,rock,data\hagrid_sample\hagrid-sample-30k-384p\hagrid_30k\train_val_rock\58208a89-78f7-4883-89e4-6a072e4b79b4.jpg,multiple_hands
train,rock,data\hagrid_sample\hagrid-sample-30k-384p\hagrid_30k\train_val_rock\e118b792-3c98-4d2a-a73a-c803ed117cc7.jpg,no_hand
train,rock,data\hagrid_sample\hagrid-sample-30k-384p\hagrid_30k\train_val_rock\e7f6cd06-54be-49c8-b133-8805ba74eeea.jpg,no_hand
train,rock,data\hagrid_sample\hagrid-sample-30k-384p\hagrid_30k\train_val_rock\049be5fc-e680-4410-ba3c-b15f98fc505b.jpg,multiple_hands
train,rock,data\hagrid_sample\hagrid-sample-30k-384p\hagrid_30k\train_val_rock\3aac3da8-ee93-425a-aa1b-ffbeeb63fa8d.jpg,multiple_hands
train,rock,data\hagrid_sample\hagrid-sample-30k-384p\hagrid_30k\train_val_rock\945fc17c-0c3d-4e31-bc98-22929256a556.jpg,multiple_hands
train,rock,data\hagrid_sample\hagrid-sample-30k-384p\hagrid_30k\train_val_rock\23cd75a8-2970-4d62-875a-52829a199a8e.jpg,multiple_hands
train,rock,data\hagrid_sample\hagrid-sample-30k-384p\hagrid_30k\train_val_rock\5f1a2911-4b69-416d-a72b-07ac7c18d6d9.jpg,multiple_hands
train,rock,data\hagrid_sample\hagrid-sample-30k-384p\hagrid_30k\train_val_rock\a2e88c16-6c31-41e1-82b1-012b1cee85b8.jpg,no_hand
train,rock,data\hagrid_sample\hagrid-sample-30k-384p\hagrid_30k\train_val_rock\c790bd33-a212-4fe4-b01b-591b7a0ec176.jpg,multiple_hands
train,rock,data\hagrid_sample\hagrid-sample-30k-384p\hagrid_30k\train_val_rock\e279a07a-fc71-4c9c-bb2f-9e3cabb3045d.jpg,multiple_hands
train,rock,data\hagrid_sample\hagrid-sample-30k-384p\hagrid_30k\train_val_rock\8fdbccf7-1e87-4382-a01c-f68e7393214c.jpg,no_hand
train,rock,data\hagrid_sample\hagrid-sample-30k-384p\hagrid_30k\train_val_rock\e614f4ef-5fb6-4dd0-bba4-c12b1fc19574.jpg,no_hand
train,rock,data\hagrid_sample\hagrid-sample-30k-384p\hagrid_30k\train_val_rock\17357545-3512-4fcd-8eb0-b72f8f602d8f.jpg,no_hand
train,rock,data\hagrid_sample\hagrid-sample-30k-384p\hagrid_30k\train_val_rock\54a38e83-3a73-40ca-9127-2995a0388856.jpg,multiple_hands
train,rock,data\hagrid_sample\hagrid-sample-30k-384p\hagrid_30k\train_val_rock\f746f191-cc75-4646-869c-03e2778ae28b.jpg,no_hand
train,rock,data\hagrid_sample\hagrid-sample-30k-384p\hagrid_30k\train_val_rock\720640b4-e3e1-4b9b-9c42-6dc0f2ed0242.jpg,multiple_hands
train,rock,data\hagrid_sample\hagrid-sample-30k-384p\hagrid_30k\train_val_rock\f51f3f90-3e5a-4b48-a9e4-c011e654709d.jpg,multiple_hands
train,rock,data\hagrid_sample\hagrid-sample-30k-384p\hagrid_30k\train_val_rock\fe295c07-69bf-4cdf-949c-af3c0a844bad.jpg,no_hand
train,rock,data\hagrid_sample\hagrid-sample-30k-384p\hagrid_30k\train_val_rock\991b0fcb-fe8f-4fae-8ae1-37c9e383202c.jpg,multiple_hands
train,rock,data\hagrid_sample\hagrid-sample-30k-384p\hagrid_30k\train_val_rock\74dcf1b6-fa6a-4aa3-abaa-37e676cf6fd1.jpg,multiple_hands
train,rock,data\hagrid_sample\hagrid-sample-30k-384p\hagrid_30k\train_val_rock\a25e7618-5c7b-49be-93f7-b9a64575e37f.jpg,no_hand
train,rock,data\hagrid_sample\hagrid-sample-30k-384p\hagrid_30k\train_val_rock\3e35ba30-33fd-4f3e-9d1d-8ed86fd2a823.jpg,multiple_hands
train,rock,data\hagrid_sample\hagrid-sample-30k-384p\hagrid_30k\train_val_rock\db258616-2806-4983-bd45-29012cb568d8.jpg,no_hand
train,rock,data\hagrid_sample\hagrid-sample-30k-384p\hagrid_30k\train_val_rock\ec004f32-de35-4437-8d32-fff487eb51d4.jpg,multiple_hands
train,rock,data\hagrid_sample\hagrid-sample-30k-384p\hagrid_30k\train_val_rock\a1464568-6993-481f-b395-381af85ad7db.jpg,no_hand
train,rock,data\hagrid_sample\hagrid-sample-30k-384p\hagrid_30k\train_val_rock\b79b4471-e3a2-4765-91cc-f534d5d94a50.jpg,multiple_hands
train,rock,data\hagrid_sample\hagrid-sample-30k-384p\hagrid_30k\train_val_rock\349dad13-0155-4e73-a9c3-1f48b1f82366.jpg,no_hand
train,rock,data\hagrid_sample\hagrid-sample-30k-384p\hagrid_30k\train_val_rock\6f545c0d-c9a0-4645-b471-9c996a8f10ad.jpg,multiple_hands
train,rock,data\hagrid_sample\hagrid-sample-30k-384p\hagrid_30k\train_val_rock\fd0e67dc-e60c-440b-a6db-5eb82a70c3bf.jpg,multiple_hands
train,rock,data\hagrid_sample\hagrid-sample-30k-384p\hagrid_30k\train_val_rock\642e271e-edbf-407c-b626-6b4e8bb65aed.jpg,no_hand
train,rock,data\hagrid_sample\hagrid-sample-30k-384p\hagrid_30k\train_val_rock\e75e0a78-cd4a-4409-96d6-e7e9ed2f2af9.jpg,no_hand
train,rock,data\hagrid_sample\hagrid-sample-30k-384p\hagrid_30k\train_val_rock\b105b16f-d3a3-4121-9dfe-12a37a35e1c4.jpg,no_hand
train,rock,data\hagrid_sample\hagrid-sample-30k-384p\hagrid_30k\train_val_rock\7a729403-d6af-428c-a909-309e7ae6b711.jpg,multiple_hands
train,rock,data\hagrid_sample\hagrid-sample-30k-384p\hagrid_30k\train_val_rock\9b086176-cbc1-403c-9761-cf49d6166c1b.jpg,multiple_hands
train,rock,data\hagrid_sample\hagrid-sample-30k-384p\hagrid_30k\train_val_rock\64e14e63-af1a-488e-a5b9-eec248acd5fe.jpg,multiple_hands
train,rock,data\hagrid_sample\hagrid-sample-30k-384p\hagrid_30k\train_val_rock\b9ef1b36-bb1f-458f-a186-14b1eb7adabb.jpg,no_hand
train,rock,data\hagrid_sample\hagrid-sample-30k-384p\hagrid_30k\train_val_rock\7472b702-edf6-4f3e-bba0-0afd9f851c0b.jpg,no_hand
train,rock,data\hagrid_sample\hagrid-sample-30k-384p\hagrid_30k\train_val_rock\a784630f-1af5-453b-be39-7aa88c7a68d6.jpg,multiple_hands
train,rock,data\hagrid_sample\hagrid-sample-30k-384p\hagrid_30k\train_val_rock\97248926-6e7c-4d3f-87f6-86570b37bdfd.jpg,multiple_hands
train,rock,data\hagrid_sample\hagrid-sample-30k-384p\hagrid_30k\train_val_rock\23aa6106-1a82-4301-9008-c5a3ed4da445.jpg,multiple_hands
train,rock,data\hagrid_sample\hagrid-sample-30k-384p\hagrid_30k\train_val_rock\b7f17b10-efe5-4757-9c1f-23bbbf59c3d5.jpg,multiple_hands
train,rock,data\hagrid_sample\hagrid-sample-30k-384p\hagrid_30k\train_val_rock\3eba84de-0c01-4886-9194-c42ed8f26740.jpg,multiple_hands
train,rock,data\hagrid_sample\hagrid-sample-30k-384p\hagrid_30k\train_val_rock\ff0d83d8-a349-48bc-a601-77f48600354c.jpg,no_hand
train,rock,data\hagrid_sample\hagrid-sample-30k-384p\hagrid_30k\train_val_rock\a712c608-0a5d-4afa-abdf-a4ea045bd772.jpg,multiple_hands
train,rock,data\hagrid_sample\hagrid-sample-30k-384p\hagrid_30k\train_val_rock\a75bf8f8-fa76-4fda-b30a-ec8b2b8b19d5.jpg,multiple_hands
train,rock,data\hagrid_sample\hagrid-sample-30k-384p\hagrid_30k\train_val_rock\36d525e0-831e-4882-bff2-e4ee13f5e821.jpg,multiple_hands
train,rock,data\hagrid_sample\hagrid-sample-30k-384p\hagrid_30k\train_val_rock\7658ab41-89c4-4fa0-996e-8333aa19b922.jpg,no_hand
train,rock,data\hagrid_sample\hagrid-sample-30k-384p\hagrid_30k\train_val_rock\47926dd4-af63-47f7-a258-860c768c14d8.jpg,multiple_hands
train,rock,data\hagrid_sample\hagrid-sample-30k-384p\hagrid_30k\train_val_rock\e7925453-012a-4f4b-a592-1b100c710403.jpg,multiple_hands
train,rock,data\hagrid_sample\hagrid-sample-30k-384p\hagrid_30k\train_val_rock\7ac0ca13-aeed-44d1-9209-aeab5414c8e6.jpg,multiple_hands
train,rock,data\hagrid_sample\hagrid-sample-30k-384p\hagrid_30k\train_val_rock\2b09ce26-bf21-42fc-a0bc-3f1c43dbdc5f.jpg,multiple_hands
train,rock,data\hagrid_sample\hagrid-sample-30k-384p\hagrid_30k\train_val_rock\ea1dcd22-246c-42ab-9573-84b9026115a7.jpg,multiple_hands
train,rock,data\hagrid_sample\hagrid-sample-30k-384p\hagrid_30k\train_val_rock\cc6dd993-ef14-4cb5-b141-adaa67539c78.jpg,no_hand
train,rock,data\hagrid_sample\hagrid-sample-30k-384p\hagrid_30k\train_val_rock\8e716e8d-ff3d-4cca-bf65-c6c331509d64.jpg,no_hand
train,rock,data\hagrid_sample\hagrid-sample-30k-384p\hagrid_30k\train_val_rock\33645f9f-846c-4f6b-911a-5b990aa25858.jpg,no_hand
train,rock,data\hagrid_sample\hagrid-sample-30k-384p\hagrid_30k\train_val_rock\838dfc50-9376-47c2-8cdf-f653d53fc7fd.jpg,no_hand
train,rock,data\hagrid_sample\hagrid-sample-30k-384p\hagrid_30k\train_val_rock\56656178-4bdb-4f95-941d-7e58b2248314.jpg,multiple_hands
train,rock,data\hagrid_sample\hagrid-sample-30k-384p\hagrid_30k\train_val_rock\90500d07-b918-4594-a657-2b7606ed59aa.jpg,multiple_hands
train,rock,data\hagrid_sample\hagrid-sample-30k-384p\hagrid_30k\train_val_rock\5684afb7-a953-494f-9a7e-c4f66de471e6.jpg,multiple_hands
train,rock,data\hagrid_sample\hagrid-sample-30k-384p\hagrid_30k\train_val_rock\6b6aaef3-d840-4fcf-9c06-9d964cc4dd04.jpg,multiple_hands
train,rock,data\hagrid_sample\hagrid-sample-30k-384p\hagrid_30k\train_val_rock\846ac491-e57e-4f1f-9f8b-b31a7797ad1a.jpg,no_hand
train,rock,data\hagrid_sample\hagrid-sample-30k-384p\hagrid_30k\train_val_rock\8c09e952-ca65-48d8-9dc8-94844ef8ac74.jpg,multiple_hands
train,rock,data\hagrid_sample\hagrid-sample-30k-384p\hagrid_30k\train_val_rock\111965c0-2e19-4592-af1d-cbfe52ed1e68.jpg,multiple_hands
train,rock,data\hagrid_sample\hagrid-sample-30k-384p\hagrid_30k\train_val_rock\440c549c-cca7-4293-8a8f-abea0cba057d.jpg,multiple_hands
train,rock,data\hagrid_sample\hagrid-sample-30k-384p\hagrid_30k\train_val_rock\7a2e9673-1eb8-4b1d-b27b-7907d37a969f.jpg,multiple_hands
train,rock,data\hagrid_sample\hagrid-sample-30k-384p\hagrid_30k\train_val_rock\dedb9868-e76e-4f6d-af39-a987c72060cc.jpg,multiple_hands
train,rock,data\hagrid_sample\hagrid-sample-30k-384p\hagrid_30k\train_val_rock\bab38597-87cd-40f9-8b70-4b6234790892.jpg,no_hand
train,rock,data\hagrid_sample\hagrid-sample-30k-384p\hagrid_30k\train_val_rock\362969b5-73d1-41a0-ae83-e2d92cd01a0d.jpg,no_hand
train,rock,data\hagrid_sample\hagrid-sample-30k-384p\hagrid_30k\train_val_rock\d34c8324-fda4-4e6b-8565-6e4b9a83d843.jpg,no_hand
train,rock,data\hagrid_sample\hagrid-sample-30k-384p\hagrid_30k\train_val_rock\3efb9d35-d4ac-4db5-9184-ac20a59bb320.jpg,multiple_hands
train,rock,data\hagrid_sample\hagrid-sample-30k-384p\hagrid_30k\train_val_rock\f320fe7f-ac0a-416c-9ffb-9db01eabdd69.jpg,multiple_hands
train,rock,data\hagrid_sample\hagrid-sample-30k-384p\hagrid_30k\train_val_rock\0155057d-8b78-48db-a00f-8fb97c0619b2.jpg,multiple_hands
train,rock,data\hagrid_sample\hagrid-sample-30k-384p\hagrid_30k\train_val_rock\a7c560f7-cd81-4ac2-a6dc-0eba6fd4b50b.jpg,no_hand
train,rock,data\hagrid_sample\hagrid-sample-30k-384p\hagrid_30k\train_val_rock\4a113e8b-54fd-489f-a645-6a5ab5ec6901.jpg,no_hand
train,rock,data\hagrid_sample\hagrid-sample-30k-384p\hagrid_30k\train_val_rock\f794e92d-e445-4a34-9de4-465abf328642.jpg,no_hand
train,rock,data\hagrid_sample\hagrid-sample-30k-384p\hagrid_30k\train_val_rock\dc5ccd50-5d33-4b71-8c23-e9bfdfdc4f05.jpg,multiple_hands
train,rock,data\hagrid_sample\hagrid-sample-30k-384p\hagrid_30k\train_val_rock\bc6a6844-70ef-48e3-a08b-bdf1d9d4d365.jpg,multiple_hands
train,rock,data\hagrid_sample\hagrid-sample-30k-384p\hagrid_30k\train_val_rock\b1c96b4c-29ef-4ca8-b5a7-16054dd87bc3.jpg,no_hand
train,rock,data\hagrid_sample\hagrid-sample-30k-384p\hagrid_30k\train_val_rock\fcda2149-df1b-4f28-8a13-5e7ea43659ca.jpg,no_hand
train,rock,data\hagrid_sample\hagrid-sample-30k-384p\hagrid_30k\train_val_rock\4679476f-9f9d-4697-8eb4-1efe95533446.jpg,no_hand
train,rock,data\hagrid_sample\hagrid-sample-30k-384p\hagrid_30k\train_val_rock\38309e9d-ebd1-46c2-83f4-073271e9e6d4.jpg,no_hand
train,rock,data\hagrid_sample\hagrid-sample-30k-384p\hagrid_30k\train_val_rock\28538e27-5d2e-4359-811f-5a8a767c0420.jpg,no_hand
train,rock,data\hagrid_sample\hagrid-sample-30k-384p\hagrid_30k\train_val_rock\e3c12a44-c469-40b4-adb8-7cdb90ca5cf1.jpg,no_hand
train,rock,data\hagrid_sample\hagrid-sample-30k-384p\hagrid_30k\train_val_rock\efc24c0c-f56d-41b7-abf2-326c59328252.jpg,no_hand
train,rock,data\hagrid_sample\hagrid-sample-30k-384p\hagrid_30k\train_val_rock\99823633-991f-47c9-b786-3ed8f7df00b8.jpg,no_hand
train,rock,data\hagrid_sample\hagrid-sample-30k-384p\hagrid_30k\train_val_rock\81e22c9f-08d3-4eb0-a1a1-c12f573e3bb8.jpg,multiple_hands
train,rock,data\hagrid_sample\hagrid-sample-30k-384p\hagrid_30k\train_val_rock\5ce666ca-c000-4872-a3c8-5cde08d60e22.jpg,no_hand
train,rock,data\hagrid_sample\hagrid-sample-30k-384p\hagrid_30k\train_val_rock\290783f1-4fe9-4367-a627-6d6183fe1fff.jpg,no_hand
train,rock,data\hagrid_sample\hagrid-sample-30k-384p\hagrid_30k\train_val_rock\d08204b6-015c-466a-9428-2a40278b4ac8.jpg,multiple_hands
train,rock,data\hagrid_sample\hagrid-sample-30k-384p\hagrid_30k\train_val_rock\2e35a5ad-e789-4123-aed0-4c1fda18afad.jpg,no_hand
train,rock,data\hagrid_sample\hagrid-sample-30k-384p\hagrid_30k\train_val_rock\3719160d-b4d0-49de-a19d-90f1676b18eb.jpg,multiple_hands
train,rock,data\hagrid_sample\hagrid-sample-30k-384p\hagrid_30k\train_val_rock\3dbf3db6-cc23-461a-8267-17e63903f131.jpg,multiple_hands
train,rock,data\hagrid_sample\hagrid-sample-30k-384p\hagrid_30k\train_val_rock\a27c4fd8-0afe-4eef-a685-567b4f495697.jpg,no_hand
train,rock,data\hagrid_sample\hagrid-sample-30k-384p\hagrid_30k\train_val_rock\c4ff2742-8f5f-455a-a459-ee33450ad720.jpg,multiple_hands
train,rock,data\hagrid_sample\hagrid-sample-30k-384p\hagrid_30k\train_val_rock\a04cab2e-4553-4c5a-ab46-0eb3dee598fc.jpg,no_hand
train,rock,data\hagrid_sample\hagrid-sample-30k-384p\hagrid_30k\train_val_rock\fd9418d7-2065-4740-b514-2225bf681be2.jpg,multiple_hands
train,rock,data\hagrid_sample\hagrid-sample-30k-384p\hagrid_30k\train_val_rock\52820a97-8439-48b6-b74c-28b71e4a5f43.jpg,no_hand
train,rock,data\hagrid_sample\hagrid-sample-30k-384p\hagrid_30k\train_val_rock\c6d42514-323f-4f75-8aa7-0552c14ace5e.jpg,multiple_hands
train,rock,data\hagrid_sample\hagrid-sample-30k-384p\hagrid_30k\train_val_rock\ca22ede3-3f15-4a1d-afbe-8e0143918dc7.jpg,multiple_hands
train,rock,data\hagrid_sample\hagrid-sample-30k-384p\hagrid_30k\train_val_rock\07299ced-7352-47c7-a425-74dc7e0f2f36.jpg,no_hand
train,rock,data\hagrid_sample\hagrid-sample-30k-384p\hagrid_30k\train_val_rock\63b7c5f5-fe47-4034-a7cf-7cf1094f2078.jpg,multiple_hands
train,rock,data\hagrid_sample\hagrid-sample-30k-384p\hagrid_30k\train_val_rock\e580f845-9a0f-4ee2-98fb-c8b89bc47f07.jpg,no_hand
train,rock,data\hagrid_sample\hagrid-sample-30k-384p\hagrid_30k\train_val_rock\a6e5ea03-9141-4380-8967-647fab729c5f.jpg,multiple_hands
train,rock,data\hagrid_sample\hagrid-sample-30k-384p\hagrid_30k\train_val_rock\896c6212-02e2-45d7-844b-2ce6a871c32d.jpg,multiple_hands
train,rock,data\hagrid_sample\hagrid-sample-30k-384p\hagrid_30k\train_val_rock\1f4db876-f983-4960-bd00-5dc9fe54a5e1.jpg,multiple_hands
train,rock,data\hagrid_sample\hagrid-sample-30k-384p\hagrid_30k\train_val_rock\6eb94857-b049-4feb-a2cc-0344cae1fe9e.jpg,no_hand
train,rock,data\hagrid_sample\hagrid-sample-30k-384p\hagrid_30k\train_val_rock\d983acc2-c790-4f06-9741-97a41e8391f3.jpg,multiple_hands
train,rock,data\hagrid_sample\hagrid-sample-30k-384p\hagrid_30k\train_val_rock\1310473e-30f6-4f05-b2d5-29634b3d8fcc.jpg,no_hand
train,rock,data\hagrid_sample\hagrid-sample-30k-384p\hagrid_30k\train_val_rock\5746fd67-b0c3-41f7-8107-67cbec2b385b.jpg,multiple_hands
train,rock,data\hagrid_sample\hagrid-sample-30k-384p\hagrid_30k\train_val_rock\50292ec0-ca28-44cf-aec3-44f6788bc983.jpg,multiple_hands
train,rock,data\hagrid_sample\hagrid-sample-30k-384p\hagrid_30k\train_val_rock\e5016b71-3f72-4f56-b8fc-ae095a5207aa.jpg,multiple_hands
train,rock,data\hagrid_sample\hagrid-sample-30k-384p\hagrid_30k\train_val_rock\a8cea986-a313-4861-be9f-b905a751a43e.jpg,no_hand
train,rock,data\hagrid_sample\hagrid-sample-30k-384p\hagrid_30k\train_val_rock\13370e45-14b6-413b-a803-044b0c470cae.jpg,no_hand
train,rock,data\hagrid_sample\hagrid-sample-30k-384p\hagrid_30k\train_val_rock\f9787756-902d-4997-b23c-cec316bad475.jpg,multiple_hands
train,rock,data\hagrid_sample\hagrid-sample-30k-384p\hagrid_30k\train_val_rock\48cdb322-8330-48fc-a848-711b88f2ab49.jpg,no_hand
train,rock,data\hagrid_sample\hagrid-sample-30k-384p\hagrid_30k\train_val_rock\482aeca6-501f-41da-ac53-a17a0e4bdad9.jpg,multiple_hands
train,rock,data\hagrid_sample\hagrid-sample-30k-384p\hagrid_30k\train_val_rock\858f534f-eaba-41d5-af92-530ee9295f2a.jpg,multiple_hands
train,rock,data\hagrid_sample\hagrid-sample-30k-384p\hagrid_30k\train_val_rock\03cc2485-3c61-4aeb-b536-571405b210a6.jpg,multiple_hands
train,rock,data\hagrid_sample\hagrid-sample-30k-384p\hagrid_30k\train_val_rock\4c52b329-2d23-4f48-895a-c2c1874af098.jpg,multiple_hands
train,rock,data\hagrid_sample\hagrid-sample-30k-384p\hagrid_30k\train_val_rock\6c8cc174-9e92-489d-b55a-5f8a6ffc4bf2.jpg,multiple_hands
train,rock,data\hagrid_sample\hagrid-sample-30k-384p\hagrid_30k\train_val_rock\01f729a7-d6ee-4cf9-8c67-27bc61a89162.jpg,no_hand
train,rock,data\hagrid_sample\hagrid-sample-30k-384p\hagrid_30k\train_val_rock\fe679a01-4b9a-448b-b38b-15174f8bb57f.jpg,no_hand
train,rock,data\hagrid_sample\hagrid-sample-30k-384p\hagrid_30k\train_val_rock\1a1c5cfd-0c8e-4288-9b2e-522f0c6a6fc5.jpg,multiple_hands
train,rock,data\hagrid_sample\hagrid-sample-30k-384p\hagrid_30k\train_val_rock\be2d3b72-d3bc-4f26-bace-7ef5d485ef99.jpg,no_hand
train,rock,data\hagrid_sample\hagrid-sample-30k-384p\hagrid_30k\train_val_rock\5d91f2f1-fbd8-4df4-bea3-89816c8255cd.jpg,no_hand
train,rock,data\hagrid_sample\hagrid-sample-30k-384p\hagrid_30k\train_val_rock\16a607e8-523b-47f8-b36f-d702670fab71.jpg,multiple_hands
train,rock,data\hagrid_sample\hagrid-sample-30k-384p\hagrid_30k\train_val_rock\476c6c8a-9140-4cc6-b80f-80f3a714e703.jpg,multiple_hands
train,rock,data\hagrid_sample\hagrid-sample-30k-384p\hagrid_30k\train_val_rock\aa4a1080-31f8-4b96-bfb3-795ff0cc07cf.jpg,multiple_hands
train,rock,data\hagrid_sample\hagrid-sample-30k-384p\hagrid_30k\train_val_rock\0f5b3eaa-3944-4254-abbb-1a174709d03a.jpg,no_hand
train,rock,data\hagrid_sample\hagrid-sample-30k-384p\hagrid_30k\train_val_rock\6c27c82c-659c-447d-aa0d-0a0aebfa96e2.jpg,multiple_hands
train,rock,data\hagrid_sample\hagrid-sample-30k-384p\hagrid_30k\train_val_rock\aeff9f07-f557-4867-b749-bee218f5c807.jpg,no_hand
train,rock,data\hagrid_sample\hagrid-sample-30k-384p\hagrid_30k\train_val_rock\42b26f70-330b-4175-a605-14e98ed12dc9.jpg,multiple_hands
train,rock,data\hagrid_sample\hagrid-sample-30k-384p\hagrid_30k\train_val_rock\18e20af8-8fe1-48d4-bd0e-83fa9e2db88e.jpg,multiple_hands
train,rock,data\hagrid_sample\hagrid-sample-30k-384p\hagrid_30k\train_val_rock\56aa3286-7fe4-4397-9123-6897479bd145.jpg,multiple_hands
train,rock,data\hagrid_sample\hagrid-sample-30k-384p\hagrid_30k\train_val_rock\14279c80-a7dd-4c11-8e52-6d9f04524fce.jpg,multiple_hands
train,rock,data\hagrid_sample\hagrid-sample-30k-384p\hagrid_30k\train_val_rock\ce53884c-ef37-4879-8e7f-7ca5ec5612a7.jpg,multiple_hands
train,rock,data\hagrid_sample\hagrid-sample-30k-384p\hagrid_30k\train_val_rock\e06bf391-3e0e-4324-886d-79ecffa326fe.jpg,no_hand
train,rock,data\hagrid_sample\hagrid-sample-30k-384p\hagrid_30k\train_val_rock\0b099f3a-067f-4e1e-91a5-bd71202ba377.jpg,no_hand
train,rock,data\hagrid_sample\hagrid-sample-30k-384p\hagrid_30k\train_val_rock\8b6345f5-f976-44aa-a201-a2a76cae496a.jpg,no_hand
train,rock,data\hagrid_sample\hagrid-sample-30k-384p\hagrid_30k\train_val_rock\afb74bbc-386a-4437-becd-a6b135c415a7.jpg,multiple_hands
train,rock,data\hagrid_sample\hagrid-sample-30k-384p\hagrid_30k\train_val_rock\34ecb460-cb25-409e-a39b-71cb0aa78304.jpg,multiple_hands
train,rock,data\hagrid_sample\hagrid-sample-30k-384p\hagrid_30k\train_val_rock\9cfaa012-d9ab-40bb-9bab-0f748bb44d0d.jpg,multiple_hands
train,rock,data\hagrid_sample\hagrid-sample-30k-384p\hagrid_30k\train_val_rock\87c575ba-3e5c-4123-b8c1-53902cd8d4ac.jpg,multiple_hands
train,rock,data\hagrid_sample\hagrid-sample-30k-384p\hagrid_30k\train_val_rock\9fe576c6-0b67-4d85-8b73-ed2ba941b090.jpg,multiple_hands
train,rock,data\hagrid_sample\hagrid-sample-30k-384p\hagrid_30k\train_val_rock\4954fcd7-8df2-4366-bfd2-dfc6e980466d.jpg,no_hand
train,rock,data\hagrid_sample\hagrid-sample-30k-384p\hagrid_30k\train_val_rock\890842dc-6b7f-4d19-8fdb-8dafaf4d46c7.jpg,no_hand
train,rock,data\hagrid_sample\hagrid-sample-30k-384p\hagrid_30k\train_val_rock\6d53e90b-5359-442f-817a-a48fb431f15e.jpg,multiple_hands
train,rock,data\hagrid_sample\hagrid-sample-30k-384p\hagrid_30k\train_val_rock\327ebdf2-b1cf-4112-8fa1-7d86f34a5071.jpg,multiple_hands
train,rock,data\hagrid_sample\hagrid-sample-30k-384p\hagrid_30k\train_val_rock\ee41098b-b3b6-4eb0-b381-680aad14233e.jpg,multiple_hands
train,rock,data\hagrid_sample\hagrid-sample-30k-384p\hagrid_30k\train_val_rock\5e1972ee-bf90-4730-bd02-9480e5c16d9b.jpg,multiple_hands
train,rock,data\hagrid_sample\hagrid-sample-30k-384p\hagrid_30k\train_val_rock\47f5ba3c-b313-421a-9693-6873ff146f98.jpg,no_hand
train,rock,data\hagrid_sample\hagrid-sample-30k-384p\hagrid_30k\train_val_rock\55ba062e-cd65-4361-a557-4493b4318762.jpg,multiple_hands
train,rock,data\hagrid_sample\hagrid-sample-30k-384p\hagrid_30k\train_val_rock\693ae244-f34d-4946-8d46-f0891f6d02f1.jpg,no_hand
train,rock,data\hagrid_sample\hagrid-sample-30k-384p\hagrid_30k\train_val_rock\af963933-a76d-4f5f-8766-3b0c9af3d550.jpg,no_hand
train,rock,data\hagrid_sample\hagrid-sample-30k-384p\hagrid_30k\train_val_rock\05ca224e-a6c2-4d2f-87b9-174f1bd6fb71.jpg,no_hand
train,rock,data\hagrid_sample\hagrid-sample-30k-384p\hagrid_30k\train_val_rock\68b27ede-6427-4698-a1f7-21dab92486d6.jpg,multiple_hands
train,rock,data\hagrid_sample\hagrid-sample-30k-384p\hagrid_30k\train_val_rock\f75d9cc0-079e-4853-a48f-54e6282047fd.jpg,no_hand
train,rock,data\hagrid_sample\hagrid-sample-30k-384p\hagrid_30k\train_val_rock\2139a50a-7dee-4872-98ab-e3f5beae63d6.jpg,multiple_hands
train,rock,data\hagrid_sample\hagrid-sample-30k-384p\hagrid_30k\train_val_rock\7cfe4adb-633b-45f8-a483-ada5a77c6f23.jpg,multiple_hands
train,rock,data\hagrid_sample\hagrid-sample-30k-384p\hagrid_30k\train_val_rock\7a100572-a445-4ad5-97e3-6879f6d6d089.jpg,no_hand
train,rock,data\hagrid_sample\hagrid-sample-30k-384p\hagrid_30k\train_val_rock\94219b59-e25d-4fb9-8231-498b01f25139.jpg,multiple_hands
train,rock,data\hagrid_sample\hagrid-sample-30k-384p\hagrid_30k\train_val_rock\302058b4-28a4-471d-957e-efd3303cdde5.jpg,multiple_hands
train,rock,data\hagrid_sample\hagrid-sample-30k-384p\hagrid_30k\train_val_rock\ef7f2960-9655-4bf0-b4e8-b84c3cccabc2.jpg,multiple_hands
train,rock,data\hagrid_sample\hagrid-sample-30k-384p\hagrid_30k\train_val_rock\39c4bde0-b1e0-4b94-8325-dda16f0c0855.jpg,no_hand
train,rock,data\hagrid_sample\hagrid-sample-30k-384p\hagrid_30k\train_val_rock\2f23a958-6775-44ce-9d07-6526ec844fc3.jpg,multiple_hands
train,rock,data\hagrid_sample\hagrid-sample-30k-384p\hagrid_30k\train_val_rock\1c73c1b8-f77a-4241-b70c-a0bfa1b309a4.jpg,no_hand
train,rock,data\hagrid_sample\hagrid-sample-30k-384p\hagrid_30k\train_val_rock\58955d72-5625-4149-b2eb-80753777d108.jpg,no_hand
train,rock,data\hagrid_sample\hagrid-sample-30k-384p\hagrid_30k\train_val_rock\6e6ea47b-9fca-49d7-81de-406956dc11eb.jpg,multiple_hands
train,rock,data\hagrid_sample\hagrid-sample-30k-384p\hagrid_30k\train_val_rock\aed38c35-3b47-4603-bc39-fede47dbdf4f.jpg,no_hand
train,rock,data\hagrid_sample\hagrid-sample-30k-384p\hagrid_30k\train_val_rock\270783ea-1d5f-44d2-bfe1-c248dc16a4bd.jpg,multiple_hands
train,rock,data\hagrid_sample\hagrid-sample-30k-384p\hagrid_30k\train_val_rock\95dee2ac-262b-4128-87a9-e2a6a53ec6ee.jpg,no_hand
train,rock,data\hagrid_sample\hagrid-sample-30k-384p\hagrid_30k\train_val_rock\93c05f67-88e5-42b0-9759-b7372ed7b429.jpg,multiple_hands
train,rock,data\hagrid_sample\hagrid-sample-30k-384p\hagrid_30k\train_val_rock\ca9b15dd-3087-48c0-a697-6960c31b3254.jpg,multiple_hands
train,rock,data\hagrid_sample\hagrid-sample-30k-384p\hagrid_30k\train_val_rock\8bef4afd-e5cf-4308-8901-e0a4bf455409.jpg,multiple_hands
train,rock,data\hagrid_sample\hagrid-sample-30k-384p\hagrid_30k\train_val_rock\a7e5af32-c34e-4762-9876-1ed41c9177a6.jpg,multiple_hands
train,rock,data\hagrid_sample\hagrid-sample-30k-384p\hagrid_30k\train_val_rock\c4851e57-da8a-4583-a9b6-6949f9f5ee46.jpg,multiple_hands
train,rock,data\hagrid_sample\hagrid-sample-30k-384p\hagrid_30k\train_val_rock\97a1981d-a29d-4c82-b8a6-8cb6719dbad2.jpg,multiple_hands
train,rock,data\hagrid_sample\hagrid-sample-30k-384p\hagrid_30k\train_val_rock\59df4d75-91b5-45b7-bec2-ece900d6aaf6.jpg,no_hand
train,rock,data\hagrid_sample\hagrid-sample-30k-384p\hagrid_30k\train_val_rock\825fa673-3f57-4d4a-97ef-da9671511c1a.jpg,multiple_hands
train,rock,data\hagrid_sample\hagrid-sample-30k-384p\hagrid_30k\train_val_rock\49e70597-3a3f-47b4-b312-2865fa5c7ae0.jpg,no_hand
train,rock,data\hagrid_sample\hagrid-sample-30k-384p\hagrid_30k\train_val_rock\f27362d2-9021-407e-bda4-45edb61f14ac.jpg,multiple_hands
train,rock,data\hagrid_sample\hagrid-sample-30k-384p\hagrid_30k\train_val_rock\8d43f047-83ed-4238-9336-480dc4d0f143.jpg,multiple_hands
train,rock,data\hagrid_sample\hagrid-sample-30k-384p\hagrid_30k\train_val_rock\c26751f3-c0b1-45a3-9730-5620f34cd63e.jpg,no_hand
train,rock,data\hagrid_sample\hagrid-sample-30k-384p\hagrid_30k\train_val_rock\c1b5fbae-1bd2-46b9-ba3b-a7f41343ccd9.jpg,multiple_hands
train,rock,data\hagrid_sample\hagrid-sample-30k-384p\hagrid_30k\train_val_rock\632ef509-0050-4763-8cf0-f1f284be2fd8.jpg,no_hand
train,rock,data\hagrid_sample\hagrid-sample-30k-384p\hagrid_30k\train_val_rock\a82fb42c-220e-40ad-b9ed-90213691a094.jpg,multiple_hands
train,rock,data\hagrid_sample\hagrid-sample-30k-384p\hagrid_30k\train_val_rock\41bc3af8-2655-4d16-949f-80faccea1647.jpg,no_hand
train,rock,data\hagrid_sample\hagrid-sample-30k-384p\hagrid_30k\train_val_rock\704b5ae0-2e22-496a-905c-00aaf8f58b4d.jpg,no_hand
train,rock,data\hagrid_sample\hagrid-sample-30k-384p\hagrid_30k\train_val_rock\19da6d3e-cad7-4968-9059-987c6f5626f6.jpg,no_hand
train,rock,data\hagrid_sample\hagrid-sample-30k-384p\hagrid_30k\train_val_rock\8e8a5e38-4641-4f9f-b9c6-02c56b475a56.jpg,multiple_hands
train,rock,data\hagrid_sample\hagrid-sample-30k-384p\hagrid_30k\train_val_rock\51f09729-3788-460f-b257-9fcaf9816403.jpg,no_hand
train,rock,data\hagrid_sample\hagrid-sample-30k-384p\hagrid_30k\train_val_rock\7c4fb723-1eb3-49a3-bea7-afec96613002.jpg,multiple_hands
train,rock,data\hagrid_sample\hagrid-sample-30k-384p\hagrid_30k\train_val_rock\cd298eca-0009-41bc-a198-13dbcebaafcd.jpg,no_hand
train,rock,data\hagrid_sample\hagrid-sample-30k-384p\hagrid_30k\train_val_rock\bf81e373-1ee6-478f-9e9d-e3027081db01.jpg,multiple_hands
train,rock,data\hagrid_sample\hagrid-sample-30k-384p\hagrid_30k\train_val_rock\8208de4f-a13c-421e-85aa-cf1f44aa71d9.jpg,no_hand
train,rock,data\hagrid_sample\hagrid-sample-30k-384p\hagrid_30k\train_val_rock\5ab72ed4-0d5b-4622-9a0d-2f34081ec466.jpg,multiple_hands
train,rock,data\hagrid_sample\hagrid-sample-30k-384p\hagrid_30k\train_val_rock\99e8767d-d3a0-45a5-8bd0-400724482c74.jpg,multiple_hands
train,rock,data\hagrid_sample\hagrid-sample-30k-384p\hagrid_30k\train_val_rock\8e44b527-84d8-4e66-8257-d139cb4e6fe6.jpg,no_hand
train,rock,data\hagrid_sample\hagrid-sample-30k-384p\hagrid_30k\train_val_rock\18c41a50-2b8c-4cdb-8677-2ac04e7ee02a.jpg,multiple_hands
train,rock,data\hagrid_sample\hagrid-sample-30k-384p\hagrid_30k\train_val_rock\0dddd17a-5ca3-4f2b-9784-c0ee97d1b3a5.jpg,no_hand
train,rock,data\hagrid_sample\hagrid-sample-30k-384p\hagrid_30k\train_val_rock\5fd61bbb-91ce-4fe9-a656-f01f47da1793.jpg,no_hand
train,rock,data\hagrid_sample\hagrid-sample-30k-384p\hagrid_30k\train_val_rock\f64a0112-7c66-40ba-9162-cd546e806365.jpg,multiple_hands
train,rock,data\hagrid_sample\hagrid-sample-30k-384p\hagrid_30k\train_val_rock\7b7b68d1-b8ee-4608-8bd2-6deeb386ea67.jpg,no_hand
train,rock,data\hagrid_sample\hagrid-sample-30k-384p\hagrid_30k\train_val_rock\084e83fb-be35-4ed7-b7e0-ff10c9e7eba2.jpg,multiple_hands
val,rock,data\hagrid_sample\hagrid-sample-30k-384p\hagrid_30k\train_val_rock\889019ef-aa67-4c59-82a9-31d819080bf7.jpg,multiple_hands
val,rock,data\hagrid_sample\hagrid-sample-30k-384p\hagrid_30k\train_val_rock\012eeb3c-64a0-44b4-955c-0916e038ac44.jpg,multiple_hands
val,rock,data\hagrid_sample\hagrid-sample-30k-384p\hagrid_30k\train_val_rock\d3a159f1-f9ee-48f9-9a77-633da5081019.jpg,multiple_hands
val,rock,data\hagrid_sample\hagrid-sample-30k-384p\hagrid_30k\train_val_rock\6a1e8894-4103-486a-9274-dab391cc5a72.jpg,no_hand
val,rock,data\hagrid_sample\hagrid-sample-30k-384p\hagrid_30k\train_val_rock\6b8f7839-f2a8-4644-a820-fbfcb65fb558.jpg,multiple_hands
val,rock,data\hagrid_sample\hagrid-sample-30k-384p\hagrid_30k\train_val_rock\5df479d9-bd28-437c-960c-a1e379a01ac0.jpg,no_hand
val,rock,data\hagrid_sample\hagrid-sample-30k-384p\hagrid_30k\train_val_rock\6e85711c-105a-4e22-a106-433445caac9b.jpg,multiple_hands
val,rock,data\hagrid_sample\hagrid-sample-30k-384p\hagrid_30k\train_val_rock\bddb8653-8678-4490-8a84-15a3c0ec8a38.jpg,no_hand
val,rock,data\hagrid_sample\hagrid-sample-30k-384p\hagrid_30k\train_val_rock\a42ef8e7-7bd6-4ff3-acc7-e8fdf44f2580.jpg,multiple_hands
val,rock,data\hagrid_sample\hagrid-sample-30k-384p\hagrid_30k\train_val_rock\f41483f2-cef2-47bf-8a01-6d0896ee41be.jpg,multiple_hands
val,rock,data\hagrid_sample\hagrid-sample-30k-384p\hagrid_30k\train_val_rock\1e919b4f-a3e0-4f40-8b55-adcd68a0662b.jpg,no_hand
val,rock,data\hagrid_sample\hagrid-sample-30k-384p\hagrid_30k\train_val_rock\52a4c4dd-3e45-4c45-8145-9324989c3585.jpg,multiple_hands
val,rock,data\hagrid_sample\hagrid-sample-30k-384p\hagrid_30k\train_val_rock\25c2995f-c6a9-46bf-ae9a-c9f5bb4ccc36.jpg,no_hand
val,rock,data\hagrid_sample\hagrid-sample-30k-384p\hagrid_30k\train_val_rock\3855adbc-e7aa-4681-b7b0-94d36e3429fe.jpg,multiple_hands
val,rock,data\hagrid_sample\hagrid-sample-30k-384p\hagrid_30k\train_val_rock\c74e2f10-e1dd-4427-a9f8-6534487d5b60.jpg,multiple_hands
val,rock,data\hagrid_sample\hagrid-sample-30k-384p\hagrid_30k\train_val_rock\b63c992a-255a-4385-99a0-523303dea0b5.jpg,no_hand
val,rock,data\hagrid_sample\hagrid-sample-30k-384p\hagrid_30k\train_val_rock\7c72fbda-a89c-4fb4-9230-77f2858189d9.jpg,multiple_hands
val,rock,data\hagrid_sample\hagrid-sample-30k-384p\hagrid_30k\train_val_rock\f5c10dd0-5446-4df6-9807-c9bdc72c32d9.jpg,multiple_hands
val,rock,data\hagrid_sample\hagrid-sample-30k-384p\hagrid_30k\train_val_rock\00aa12ba-852c-480f-ac8a-c9d67339d841.jpg,multiple_hands
val,rock,data\hagrid_sample\hagrid-sample-30k-384p\hagrid_30k\train_val_rock\668ed1c1-6c9b-4399-81d6-2af7ff77a365.jpg,multiple_hands
val,rock,data\hagrid_sample\hagrid-sample-30k-384p\hagrid_30k\train_val_rock\adaf6105-a2b3-4578-9507-8a13a4723a41.jpg,multiple_hands
val,rock,data\hagrid_sample\hagrid-sample-30k-384p\hagrid_30k\train_val_rock\c197a7b3-1690-4123-88aa-0ddbd0460a7f.jpg,no_hand
val,rock,data\hagrid_sample\hagrid-sample-30k-384p\hagrid_30k\train_val_rock\5a52b6c0-a1ae-46e2-a65e-1802f35ad7c1.jpg,multiple_hands
val,rock,data\hagrid_sample\hagrid-sample-30k-384p\hagrid_30k\train_val_rock\7f9ebcf8-e9fa-4c35-a392-4792fc23a5f4.jpg,multiple_hands
val,rock,data\hagrid_sample\hagrid-sample-30k-384p\hagrid_30k\train_val_rock\e918eddf-293c-410c-8cfb-aa63bbd611da.jpg,multiple_hands
val,rock,data\hagrid_sample\hagrid-sample-30k-384p\hagrid_30k\train_val_rock\deb9e291-28c2-4fa3-a19a-b450ee59add9.jpg,no_hand
val,rock,data\hagrid_sample\hagrid-sample-30k-384p\hagrid_30k\train_val_rock\23845f96-1646-4842-9326-8f9037cd6e85.jpg,multiple_hands
val,rock,data\hagrid_sample\hagrid-sample-30k-384p\hagrid_30k\train_val_rock\4a52190a-8936-4204-87ff-3f7e1bbaae6c.jpg,multiple_hands
val,rock,data\hagrid_sample\hagrid-sample-30k-384p\hagrid_30k\train_val_rock\2c808e90-ffbb-4c67-b3ca-bb5aea383665.jpg,multiple_hands
val,rock,data\hagrid_sample\hagrid-sample-30k-384p\hagrid_30k\train_val_rock\8ea78401-0505-43c7-8e81-b2b5d5a2f434.jpg,multiple_hands
val,rock,data\hagrid_sample\hagrid-sample-30k-384p\hagrid_30k\train_val_rock\e9f3bfd5-1f12-4012-90fe-033926fa4912.jpg,no_hand
val,rock,data\hagrid_sample\hagrid-sample-30k-384p\hagrid_30k\train_val_rock\b65a8dbb-fa15-4441-97d5-81573d4d66e9.jpg,no_hand
val,rock,data\hagrid_sample\hagrid-sample-30k-384p\hagrid_30k\train_val_rock\731e2a4f-24df-4950-bd22-bdfd13b14895.jpg,multiple_hands
val,rock,data\hagrid_sample\hagrid-sample-30k-384p\hagrid_30k\train_val_rock\ebb214c1-566b-45d4-ae2f-e65c81bb72ff.jpg,no_hand
val,rock,data\hagrid_sample\hagrid-sample-30k-384p\hagrid_30k\train_val_rock\827d123f-91e1-4646-9de0-66789af3bb6a.jpg,multiple_hands
val,rock,data\hagrid_sample\hagrid-sample-30k-384p\hagrid_30k\train_val_rock\15aafd88-6194-4aac-9f3d-bf89b3a5921d.jpg,no_hand
val,rock,data\hagrid_sample\hagrid-sample-30k-384p\hagrid_30k\train_val_rock\6f80b274-de41-4e49-82ee-e038aceb55d6.jpg,multiple_hands
val,rock,data\hagrid_sample\hagrid-sample-30k-384p\hagrid_30k\train_val_rock\04491798-5df1-4b2c-9318-b14d801f3166.jpg,no_hand
val,rock,data\hagrid_sample\hagrid-sample-30k-384p\hagrid_30k\train_val_rock\2e90d339-872c-443a-90ac-69abdfe4e452.jpg,no_hand
val,rock,data\hagrid_sample\hagrid-sample-30k-384p\hagrid_30k\train_val_rock\8c71ca0f-396a-4b4b-b741-3cde4e08762f.jpg,no_hand
val,rock,data\hagrid_sample\hagrid-sample-30k-384p\hagrid_30k\train_val_rock\d69e9da7-4c7f-4e9e-8c27-63db61dd1d71.jpg,multiple_hands
val,rock,data\hagrid_sample\hagrid-sample-30k-384p\hagrid_30k\train_val_rock\634d4276-a615-4bab-bc93-6f9ab462a856.jpg,no_hand
val,rock,data\hagrid_sample\hagrid-sample-30k-384p\hagrid_30k\train_val_rock\ba5dcfee-8d63-4a7e-a27c-163baa185d79.jpg,no_hand
val,rock,data\hagrid_sample\hagrid-sample-30k-384p\hagrid_30k\train_val_rock\81991f67-4c0f-4a3c-9bf8-a7da14c8f3a1.jpg,no_hand
val,rock,data\hagrid_sample\hagrid-sample-30k-384p\hagrid_30k\train_val_rock\7e3c3ff6-46ff-47d0-b99a-c5fb48e3c89a.jpg,multiple_hands
val,rock,data\hagrid_sample\hagrid-sample-30k-384p\hagrid_30k\train_val_rock\83dbb84c-b6f8-478c-bb4b-9a85e7d82aee.jpg,multiple_hands
val,rock,data\hagrid_sample\hagrid-sample-30k-384p\hagrid_30k\train_val_rock\d4a0f88c-e816-4d30-a9ef-ef83b809baa8.jpg,no_hand
val,rock,data\hagrid_sample\hagrid-sample-30k-384p\hagrid_30k\train_val_rock\8fb52b1a-fecd-4640-9f1d-ff88d361a73c.jpg,no_hand
val,rock,data\hagrid_sample\hagrid-sample-30k-384p\hagrid_30k\train_val_rock\51474911-41d7-4a21-a794-bc7e942c2e88.jpg,no_hand
val,rock,data\hagrid_sample\hagrid-sample-30k-384p\hagrid_30k\train_val_rock\8630e0c8-f951-442a-b189-4bdd211ae0a8.jpg,multiple_hands
val,rock,data\hagrid_sample\hagrid-sample-30k-384p\hagrid_30k\train_val_rock\b61f5c8e-debb-45f7-9022-f9c17a86cd7f.jpg,multiple_hands
val,rock,data\hagrid_sample\hagrid-sample-30k-384p\hagrid_30k\train_val_rock\7ea5854a-96e6-4164-8ad9-72d424e9495b.jpg,no_hand
val,rock,data\hagrid_sample\hagrid-sample-30k-384p\hagrid_30k\train_val_rock\3bf93d4a-6ed6-45ec-a23a-25a5828c014e.jpg,no_hand
val,rock,data\hagrid_sample\hagrid-sample-30k-384p\hagrid_30k\train_val_rock\47033ee5-3207-4466-abfb-db36753797ea.jpg,multiple_hands
val,rock,data\hagrid_sample\hagrid-sample-30k-384p\hagrid_30k\train_val_rock\b21d2246-b718-4b78-b086-e81e881ecc04.jpg,no_hand
val,rock,data\hagrid_sample\hagrid-sample-30k-384p\hagrid_30k\train_val_rock\c846b9a2-b2c1-48dc-b7cc-fa5257390059.jpg,multiple_hands
val,rock,data\hagrid_sample\hagrid-sample-30k-384p\hagrid_30k\train_val_rock\260a7672-9729-41fa-9792-d4267bb52ed8.jpg,multiple_hands
val,rock,data\hagrid_sample\hagrid-sample-30k-384p\hagrid_30k\train_val_rock\bdbaf7eb-f40a-4ace-a10a-a42f3cc23f61.jpg,multiple_hands
val,rock,data\hagrid_sample\hagrid-sample-30k-384p\hagrid_30k\train_val_rock\0fb4c53b-4b07-4dfc-9c15-8f93c7ce4c09.jpg,multiple_hands
val,rock,data\hagrid_sample\hagrid-sample-30k-384p\hagrid_30k\train_val_rock\13d4f343-3598-4a52-bd52-d06133207948.jpg,no_hand
val,rock,data\hagrid_sample\hagrid-sample-30k-384p\hagrid_30k\train_val_rock\d0ab51f6-9646-4a8f-95a9-ccd5b15f9f87.jpg,no_hand
val,rock,data\hagrid_sample\hagrid-sample-30k-384p\hagrid_30k\train_val_rock\f43631cc-31a7-4f49-92fd-166734dc34eb.jpg,multiple_hands
val,rock,data\hagrid_sample\hagrid-sample-30k-384p\hagrid_30k\train_val_rock\9c193110-d920-454a-b2d9-af980a524826.jpg,no_hand
val,rock,data\hagrid_sample\hagrid-sample-30k-384p\hagrid_30k\train_val_rock\430fe7bc-8418-431a-9656-dadd240915ed.jpg,multiple_hands
test,rock,data\hagrid_sample\hagrid-sample-30k-384p\hagrid_30k\train_val_rock\a176c730-6f79-4c58-ab80-eb7d927ad412.jpg,multiple_hands
test,rock,data\hagrid_sample\hagrid-sample-30k-384p\hagrid_30k\train_val_rock\849502b5-6e03-4d66-ab53-5da419051238.jpg,no_hand
test,rock,data\hagrid_sample\hagrid-sample-30k-384p\hagrid_30k\train_val_rock\eefa63d9-b9db-4c0c-b554-b0daaf9da3fe.jpg,multiple_hands
test,rock,data\hagrid_sample\hagrid-sample-30k-384p\hagrid_30k\train_val_rock\2dc131e1-c269-4ddb-aa13-9f84e10fbb46.jpg,no_hand
test,rock,data\hagrid_sample\hagrid-sample-30k-384p\hagrid_30k\train_val_rock\1239ac4c-6f6f-4413-9a28-8ba44235176d.jpg,no_hand
test,rock,data\hagrid_sample\hagrid-sample-30k-384p\hagrid_30k\train_val_rock\d329c7d4-052f-40ba-80a4-b893f8bb2f0f.jpg,multiple_hands
test,rock,data\hagrid_sample\hagrid-sample-30k-384p\hagrid_30k\train_val_rock\c06c3223-bb2d-43c2-b667-45b28d915168.jpg,multiple_hands
test,rock,data\hagrid_sample\hagrid-sample-30k-384p\hagrid_30k\train_val_rock\7227777e-744d-4449-a428-93b180848172.jpg,no_hand
test,rock,data\hagrid_sample\hagrid-sample-30k-384p\hagrid_30k\train_val_rock\b6eab1d2-1f81-41d4-a47b-b62ca6a6b217.jpg,multiple_hands
test,rock,data\hagrid_sample\hagrid-sample-30k-384p\hagrid_30k\train_val_rock\bec86ec7-81be-4b1a-875b-3f4ba945992a.jpg,multiple_hands
test,rock,data\hagrid_sample\hagrid-sample-30k-384p\hagrid_30k\train_val_rock\282c6970-4b40-4bb7-820e-4da933b6a0f2.jpg,multiple_hands
test,rock,data\hagrid_sample\hagrid-sample-30k-384p\hagrid_30k\train_val_rock\60bd7beb-e80d-4b77-8637-73b4b411e63c.jpg,no_hand
test,rock,data\hagrid_sample\hagrid-sample-30k-384p\hagrid_30k\train_val_rock\b4523829-84d3-46aa-a19b-721571f1feff.jpg,no_hand
test,rock,data\hagrid_sample\hagrid-sample-30k-384p\hagrid_30k\train_val_rock\fdb67d26-f4d0-4a59-bf72-a6a01da67196.jpg,multiple_hands
test,rock,data\hagrid_sample\hagrid-sample-30k-384p\hagrid_30k\train_val_rock\1ed96f5b-0249-4366-8e66-ff69a5e7eae7.jpg,no_hand
test,rock,data\hagrid_sample\hagrid-sample-30k-384p\hagrid_30k\train_val_rock\f3fb3c76-00cd-4a95-ae0a-34590c43c9be.jpg,no_hand
test,rock,data\hagrid_sample\hagrid-sample-30k-384p\hagrid_30k\train_val_rock\dd5eb0e8-ff79-4ddb-9652-8790d90d9423.jpg,multiple_hands
test,rock,data\hagrid_sample\hagrid-sample-30k-384p\hagrid_30k\train_val_rock\427359e0-4982-422d-94a7-40b2f09b9b57.jpg,multiple_hands
test,rock,data\hagrid_sample\hagrid-sample-30k-384p\hagrid_30k\train_val_rock\40619165-228e-4061-ad20-f50ab4eb3e1a.jpg,multiple_hands
test,rock,data\hagrid_sample\hagrid-sample-30k-384p\hagrid_30k\train_val_rock\f9caa2de-a74c-4f61-91e9-f87cbce72342.jpg,multiple_hands
test,rock,data\hagrid_sample\hagrid-sample-30k-384p\hagrid_30k\train_val_rock\7854cc11-0437-48cc-be4b-b4373342500e.jpg,multiple_hands
test,rock,data\hagrid_sample\hagrid-sample-30k-384p\hagrid_30k\train_val_rock\34d37e15-cb9b-464b-ad43-d3f987a2a475.jpg,multiple_hands
test,rock,data\hagrid_sample\hagrid-sample-30k-384p\hagrid_30k\train_val_rock\45d60f38-f003-4fa1-8c38-2f094240d82d.jpg,no_hand
test,rock,data\hagrid_sample\hagrid-sample-30k-384p\hagrid_30k\train_val_rock\24aa5758-b064-4dca-84ba-e3fdd33649be.jpg,multiple_hands
test,rock,data\hagrid_sample\hagrid-sample-30k-384p\hagrid_30k\train_val_rock\7ff10a35-9c50-40b2-808c-a2441e20ebea.jpg,no_hand
test,rock,data\hagrid_sample\hagrid-sample-30k-384p\hagrid_30k\train_val_rock\76167ca8-893f-4ad1-9b9b-92aeb99f4711.jpg,no_hand
test,rock,data\hagrid_sample\hagrid-sample-30k-384p\hagrid_30k\train_val_rock\dbdb800f-f555-42ff-ace9-70b6e6d2d884.jpg,multiple_hands
test,rock,data\hagrid_sample\hagrid-sample-30k-384p\hagrid_30k\train_val_rock\bc382c48-9acd-4456-a2d5-73998b5662ba.jpg,no_hand
test,rock,data\hagrid_sample\hagrid-sample-30k-384p\hagrid_30k\train_val_rock\f9b08a9f-feb1-47db-a05a-aeb7d00fd9b4.jpg,multiple_hands
test,rock,data\hagrid_sample\hagrid-sample-30k-384p\hagrid_30k\train_val_rock\647bff25-4dae-4abd-ad71-d5691c1a1ba0.jpg,no_hand
test,rock,data\hagrid_sample\hagrid-sample-30k-384p\hagrid_30k\train_val_rock\4aef9468-6774-4167-98be-cbf5ac191393.jpg,no_hand
test,rock,data\hagrid_sample\hagrid-sample-30k-384p\hagrid_30k\train_val_rock\c730c063-0da9-49d2-b06c-75c35bb4f568.jpg,multiple_hands
test,rock,data\hagrid_sample\hagrid-sample-30k-384p\hagrid_30k\train_val_rock\9c864a8c-3447-4f1f-9030-392a3307380c.jpg,no_hand
test,rock,data\hagrid_sample\hagrid-sample-30k-384p\hagrid_30k\train_val_rock\bead88da-8566-4b8d-9761-9ca9429d4d0e.jpg,no_hand
test,rock,data\hagrid_sample\hagrid-sample-30k-384p\hagrid_30k\train_val_rock\842c7265-1677-47b8-8ffd-9d067f10b2e1.jpg,no_hand
test,rock,data\hagrid_sample\hagrid-sample-30k-384p\hagrid_30k\train_val_rock\360186ff-4782-4db5-b335-366842303a36.jpg,no_hand
test,rock,data\hagrid_sample\hagrid-sample-30k-384p\hagrid_30k\train_val_rock\6a9b4400-3af7-47d8-953d-04ebca2f32d5.jpg,multiple_hands
test,rock,data\hagrid_sample\hagrid-sample-30k-384p\hagrid_30k\train_val_rock\f06c4cbd-c6cd-495d-a536-e09f822790c7.jpg,no_hand
test,rock,data\hagrid_sample\hagrid-sample-30k-384p\hagrid_30k\train_val_rock\32e59b0c-46e0-4717-a55b-61c7275fe332.jpg,no_hand
test,rock,data\hagrid_sample\hagrid-sample-30k-384p\hagrid_30k\train_val_rock\25aa3bd4-7103-4db6-b27e-5332f5de91e7.jpg,multiple_hands
test,rock,data\hagrid_sample\hagrid-sample-30k-384p\hagrid_30k\train_val_rock\b67706a6-ef91-4f5d-a4e9-4620d2c713f1.jpg,no_hand
test,rock,data\hagrid_sample\hagrid-sample-30k-384p\hagrid_30k\train_val_rock\8ac325b3-f5f4-4e58-8986-b3f5420318ba.jpg,no_hand
test,rock,data\hagrid_sample\hagrid-sample-30k-384p\hagrid_30k\train_val_rock\c96dffec-740a-4b0d-8980-832a08cbf54f.jpg,multiple_hands
test,rock,data\hagrid_sample\hagrid-sample-30k-384p\hagrid_30k\train_val_rock\296d47f9-9b26-492f-add2-fa87a4a2107c.jpg,multiple_hands
test,rock,data\hagrid_sample\hagrid-sample-30k-384p\hagrid_30k\train_val_rock\22c5aad0-725e-44fd-a5b2-9aefd8dc93eb.jpg,multiple_hands
test,rock,data\hagrid_sample\hagrid-sample-30k-384p\hagrid_30k\train_val_rock\f6a4e19d-bafe-4b09-b922-1106838d5d49.jpg,multiple_hands
test,rock,data\hagrid_sample\hagrid-sample-30k-384p\hagrid_30k\train_val_rock\1636283e-2caa-4f31-9942-4ec6925be92f.jpg,multiple_hands
test,rock,data\hagrid_sample\hagrid-sample-30k-384p\hagrid_30k\train_val_rock\f1982edb-ce53-433d-bf80-11ab237c63ca.jpg,multiple_hands
test,rock,data\hagrid_sample\hagrid-sample-30k-384p\hagrid_30k\train_val_rock\2002d87e-2a0d-4d69-9c3a-05aff9ff4e2a.jpg,multiple_hands
test,rock,data\hagrid_sample\hagrid-sample-30k-384p\hagrid_30k\train_val_rock\fae94088-a7ee-408b-8946-286bce430226.jpg,multiple_hands
test,rock,data\hagrid_sample\hagrid-sample-30k-384p\hagrid_30k\train_val_rock\7aff63e7-acf1-46fa-bf37-54bfdfb7e050.jpg,multiple_hands
test,rock,data\hagrid_sample\hagrid-sample-30k-384p\hagrid_30k\train_val_rock\f5e8d46f-6ec3-4c02-b29a-889896e44b37.jpg,no_hand
train,call,data\hagrid_sample\hagrid-sample-30k-384p\hagrid_30k\train_val_call\459e7ce1-6482-4206-bf5a-4fd719635a42.jpg,no_hand
train,call,data\hagrid_sample\hagrid-sample-30k-384p\hagrid_30k\train_val_call\0b34f072-9772-44b6-abec-5d59f2786bd1.jpg,no_hand
train,call,data\hagrid_sample\hagrid-sample-30k-384p\hagrid_30k\train_val_call\10f3e9a9-4f4f-4a8c-84bc-722a4c1c1549.jpg,multiple_hands
train,call,data\hagrid_sample\hagrid-sample-30k-384p\hagrid_30k\train_val_call\f564e0bf-3691-4139-8bc0-257275dc096b.jpg,no_hand
train,call,data\hagrid_sample\hagrid-sample-30k-384p\hagrid_30k\train_val_call\690da147-058d-4c07-a686-e8c054e548e9.jpg,no_hand
train,call,data\hagrid_sample\hagrid-sample-30k-384p\hagrid_30k\train_val_call\705d18af-fdb3-409b-9df2-4ad25f8aa0f0.jpg,multiple_hands
train,call,data\hagrid_sample\hagrid-sample-30k-384p\hagrid_30k\train_val_call\3890f21f-65a9-4733-b406-8f45625311c1.jpg,multiple_hands
train,call,data\hagrid_sample\hagrid-sample-30k-384p\hagrid_30k\train_val_call\8fe4e141-dd0d-4d9c-9f49-50fb82c1b10d.jpg,no_hand
train,call,data\hagrid_sample\hagrid-sample-30k-384p\hagrid_30k\train_val_call\143f8b21-1dc3-4383-bf36-0a54244dfbc0.jpg,no_hand
train,call,data\hagrid_sample\hagrid-sample-30k-384p\hagrid_30k\train_val_call\134fe0e7-45c9-4185-96e0-4d5853cafbbb.jpg,multiple_hands
train,call,data\hagrid_sample\hagrid-sample-30k-384p\hagrid_30k\train_val_call\f26b9b88-1fba-4b0e-87c8-67df3a9f17d0.jpg,multiple_hands
train,call,data\hagrid_sample\hagrid-sample-30k-384p\hagrid_30k\train_val_call\6dba7662-ad55-48f6-8c16-257f565a20b6.jpg,multiple_hands
train,call,data\hagrid_sample\hagrid-sample-30k-384p\hagrid_30k\train_val_call\f6a787e6-5ff4-45ea-83c0-9edc279a8f93.jpg,multiple_hands
train,call,data\hagrid_sample\hagrid-sample-30k-384p\hagrid_30k\train_val_call\8432a992-1338-4468-a3dc-1b19698e429a.jpg,no_hand
train,call,data\hagrid_sample\hagrid-sample-30k-384p\hagrid_30k\train_val_call\eaccb641-11d8-4fdf-a49e-6edb092fd10d.jpg,multiple_hands
train,call,data\hagrid_sample\hagrid-sample-30k-384p\hagrid_30k\train_val_call\df8b8609-93d9-4926-9183-3a05c7dd65a1.jpg,multiple_hands
train,call,data\hagrid_sample\hagrid-sample-30k-384p\hagrid_30k\train_val_call\2520cb8a-bde4-499b-8b48-052b4877ff4f.jpg,multiple_hands
train,call,data\hagrid_sample\hagrid-sample-30k-384p\hagrid_30k\train_val_call\41a2ab25-c7d0-46bc-b8e2-01a91aefa6bb.jpg,multiple_hands
train,call,data\hagrid_sample\hagrid-sample-30k-384p\hagrid_30k\train_val_call\172ba7f6-c6ba-4398-89a2-25375dccfefa.jpg,no_hand
train,call,data\hagrid_sample\hagrid-sample-30k-384p\hagrid_30k\train_val_call\3acdfb60-83f3-4a44-a230-42fe4221879e.jpg,multiple_hands
train,call,data\hagrid_sample\hagrid-sample-30k-384p\hagrid_30k\train_val_call\5a31e339-4ad6-4561-b63d-1923ec41caca.jpg,no_hand
train,call,data\hagrid_sample\hagrid-sample-30k-384p\hagrid_30k\train_val_call\6803121d-72ca-44b5-96a5-c8f00e0af5da.jpg,multiple_hands
train,call,data\hagrid_sample\hagrid-sample-30k-384p\hagrid_30k\train_val_call\36f255d3-21de-4aee-a4c9-648e445a18af.jpg,multiple_hands
train,call,data\hagrid_sample\hagrid-sample-30k-384p\hagrid_30k\train_val_call\dbef2527-7c2b-4126-87d7-0241288aad9e.jpg,no_hand
train,call,data\hagrid_sample\hagrid-sample-30k-384p\hagrid_30k\train_val_call\0b87a75f-0b2d-4065-9c51-1cc534dfd229.jpg,no_hand
train,call,data\hagrid_sample\hagrid-sample-30k-384p\hagrid_30k\train_val_call\53a8ec08-e985-42a4-8bd1-161aeede7d49.jpg,multiple_hands
train,call,data\hagrid_sample\hagrid-sample-30k-384p\hagrid_30k\train_val_call\f50e2c17-8302-4adf-8ede-2b8ba0319e74.jpg,no_hand
train,call,data\hagrid_sample\hagrid-sample-30k-384p\hagrid_30k\train_val_call\64306868-8c69-46a8-90e5-28520ad5865f.jpg,multiple_hands
train,call,data\hagrid_sample\hagrid-sample-30k-384p\hagrid_30k\train_val_call\10d0cda7-e361-4c14-a9bb-e8dfc4e10cb3.jpg,multiple_hands
train,call,data\hagrid_sample\hagrid-sample-30k-384p\hagrid_30k\train_val_call\d172d720-fd14-4431-9f1a-15b850f4789c.jpg,multiple_hands
train,call,data\hagrid_sample\hagrid-sample-30k-384p\hagrid_30k\train_val_call\128dfecc-2a73-4d5f-99d1-c3c347c6eb32.jpg,multiple_hands
train,call,data\hagrid_sample\hagrid-sample-30k-384p\hagrid_30k\train_val_call\906cb183-6e9d-4202-ae96-d4a1982632af.jpg,no_hand
train,call,data\hagrid_sample\hagrid-sample-30k-384p\hagrid_30k\train_val_call\a8605446-70b5-4874-a5a3-b33b1b5444fa.jpg,multiple_hands
train,call,data\hagrid_sample\hagrid-sample-30k-384p\hagrid_30k\train_val_call\7e3a9006-681d-4fca-ad78-3b7d2e78c236.jpg,no_hand
train,call,data\hagrid_sample\hagrid-sample-30k-384p\hagrid_30k\train_val_call\ed69319c-fcd4-4e3f-90da-4a1306a2f812.jpg,no_hand
train,call,data\hagrid_sample\hagrid-sample-30k-384p\hagrid_30k\train_val_call\00e4923b-2e51-4fff-8752-1fa9b9d30908.jpg,multiple_hands
train,call,data\hagrid_sample\hagrid-sample-30k-384p\hagrid_30k\train_val_call\d80b9b65-e174-4a91-8caa-5e5815e109d0.jpg,multiple_hands
train,call,data\hagrid_sample\hagrid-sample-30k-384p\hagrid_30k\train_val_call\27695293-985a-4c48-b77c-28255353a58e.jpg,multiple_hands
train,call,data\hagrid_sample\hagrid-sample-30k-384p\hagrid_30k\train_val_call\14b1d991-3e20-44b9-800b-31241b72006e.jpg,multiple_hands
train,call,data\hagrid_sample\hagrid-sample-30k-384p\hagrid_30k\train_val_call\174c8bd1-457a-4d73-a504-354ff138333a.jpg,multiple_hands
train,call,data\hagrid_sample\hagrid-sample-30k-384p\hagrid_30k\train_val_call\8f30da60-5485-4095-b6e1-70d95960883d.jpg,multiple_hands
train,call,data\hagrid_sample\hagrid-sample-30k-384p\hagrid_30k\train_val_call\59595210-1d37-4c62-b02f-4cf9603c2a13.jpg,no_hand
train,call,data\hagrid_sample\hagrid-sample-30k-384p\hagrid_30k\train_val_call\03a6e5e2-24eb-428c-a857-26a95d9c92a9.jpg,multiple_hands
train,call,data\hagrid_sample\hagrid-sample-30k-384p\hagrid_30k\train_val_call\37a54740-5604-4fd2-b3f3-e6eb4d5ee5ba.jpg,multiple_hands
train,call,data\hagrid_sample\hagrid-sample-30k-384p\hagrid_30k\train_val_call\62f5a09d-e0a6-4e5f-bd58-257dde7d90e3.jpg,multiple_hands
train,call,data\hagrid_sample\hagrid-sample-30k-384p\hagrid_30k\train_val_call\5249f9a4-04b4-4a94-8060-af18a34fddaf.jpg,no_hand
train,call,data\hagrid_sample\hagrid-sample-30k-384p\hagrid_30k\train_val_call\7d3a7893-b760-4403-890a-57be8ff6991a.jpg,multiple_hands
train,call,data\hagrid_sample\hagrid-sample-30k-384p\hagrid_30k\train_val_call\27a170bc-9d89-4619-afd0-eb40595d9542.jpg,no_hand
train,call,data\hagrid_sample\hagrid-sample-30k-384p\hagrid_30k\train_val_call\80877f1f-b83a-406e-9e05-087982ebf4c9.jpg,no_hand
train,call,data\hagrid_sample\hagrid-sample-30k-384p\hagrid_30k\train_val_call\b0bb7d5d-4613-412d-bec0-79d785b02f4f.jpg,no_hand
train,call,data\hagrid_sample\hagrid-sample-30k-384p\hagrid_30k\train_val_call\b189138b-2c15-4cde-9a10-8d2fdc366cdf.jpg,multiple_hands
train,call,data\hagrid_sample\hagrid-sample-30k-384p\hagrid_30k\train_val_call\0ac49144-caf4-4099-83c3-4a13b7d6ec35.jpg,multiple_hands
train,call,data\hagrid_sample\hagrid-sample-30k-384p\hagrid_30k\train_val_call\c0219941-159a-4f36-a0dd-c544db59da56.jpg,multiple_hands
train,call,data\hagrid_sample\hagrid-sample-30k-384p\hagrid_30k\train_val_call\d620e072-e69f-492a-8da6-82f8e9be728c.jpg,multiple_hands
train,call,data\hagrid_sample\hagrid-sample-30k-384p\hagrid_30k\train_val_call\b4912479-d9a8-411b-98c7-330b4cc42408.jpg,multiple_hands
train,call,data\hagrid_sample\hagrid-sample-30k-384p\hagrid_30k\train_val_call\463f04f4-6d31-4d05-9144-f98d96341f06.jpg,multiple_hands
train,call,data\hagrid_sample\hagrid-sample-30k-384p\hagrid_30k\train_val_call\621d978c-5244-498c-b337-b7ab0a168fd1.jpg,multiple_hands
train,call,data\hagrid_sample\hagrid-sample-30k-384p\hagrid_30k\train_val_call\0a89b461-f2dc-424a-b534-f5fc81d15b34.jpg,no_hand
train,call,data\hagrid_sample\hagrid-sample-30k-384p\hagrid_30k\train_val_call\2210731c-2155-4746-9a88-639fa3868c50.jpg,multiple_hands
train,call,data\hagrid_sample\hagrid-sample-30k-384p\hagrid_30k\train_val_call\e9583b76-6b49-4d3a-8e69-4e543067cc4c.jpg,multiple_hands
train,call,data\hagrid_sample\hagrid-sample-30k-384p\hagrid_30k\train_val_call\2326551b-6118-4b05-8909-8b79b938ddd7.jpg,multiple_hands
train,call,data\hagrid_sample\hagrid-sample-30k-384p\hagrid_30k\train_val_call\22de4fd8-33de-46cb-a3af-1ee2974281a9.jpg,multiple_hands
train,call,data\hagrid_sample\hagrid-sample-30k-384p\hagrid_30k\train_val_call\ccafb27f-d8bc-4a53-aa2b-1f24c485ae6c.jpg,multiple_hands
train,call,data\hagrid_sample\hagrid-sample-30k-384p\hagrid_30k\train_val_call\c2e614f0-ed05-485f-a526-a0d96f8ce31b.jpg,no_hand
train,call,data\hagrid_sample\hagrid-sample-30k-384p\hagrid_30k\train_val_call\0a279b77-0191-4d35-b06b-8bfa84124257.jpg,no_hand
train,call,data\hagrid_sample\hagrid-sample-30k-384p\hagrid_30k\train_val_call\3e2ecc0d-a1f0-41b5-9d62-7d8cccf62900.jpg,multiple_hands
train,call,data\hagrid_sample\hagrid-sample-30k-384p\hagrid_30k\train_val_call\6d30e190-f889-4ccf-b11e-9d195aec19a0.jpg,multiple_hands
train,call,data\hagrid_sample\hagrid-sample-30k-384p\hagrid_30k\train_val_call\e1d8740f-0d00-44f0-9b03-9cd59733182d.jpg,multiple_hands
train,call,data\hagrid_sample\hagrid-sample-30k-384p\hagrid_30k\train_val_call\39ad78f4-8a31-43ed-a354-60d531c81f89.jpg,multiple_hands
train,call,data\hagrid_sample\hagrid-sample-30k-384p\hagrid_30k\train_val_call\8012d875-d849-4563-8731-47ab86fa38de.jpg,multiple_hands
train,call,data\hagrid_sample\hagrid-sample-30k-384p\hagrid_30k\train_val_call\cac29753-c1e8-4870-a6df-6f19c97680f2.jpg,no_hand
train,call,data\hagrid_sample\hagrid-sample-30k-384p\hagrid_30k\train_val_call\a6adf841-f2cb-4e0c-90eb-eae7e49c6354.jpg,no_hand
train,call,data\hagrid_sample\hagrid-sample-30k-384p\hagrid_30k\train_val_call\3876b044-60ce-4540-9645-eb3c87a418e6.jpg,no_hand
train,call,data\hagrid_sample\hagrid-sample-30k-384p\hagrid_30k\train_val_call\4395d6fb-26f5-4df1-b18f-0c8409507f74.jpg,no_hand
train,call,data\hagrid_sample\hagrid-sample-30k-384p\hagrid_30k\train_val_call\6f817a13-607f-423c-a014-48e033004b08.jpg,no_hand
train,call,data\hagrid_sample\hagrid-sample-30k-384p\hagrid_30k\train_val_call\f41c418c-abe4-420f-91f4-215a9c48b980.jpg,multiple_hands
train,call,data\hagrid_sample\hagrid-sample-30k-384p\hagrid_30k\train_val_call\71d30c2e-7c6d-405a-92ce-2a07495c40f2.jpg,multiple_hands
train,call,data\hagrid_sample\hagrid-sample-30k-384p\hagrid_30k\train_val_call\ae3fe49e-b082-49c0-97b3-46be43cb3420.jpg,no_hand
train,call,data\hagrid_sample\hagrid-sample-30k-384p\hagrid_30k\train_val_call\97a2880e-0e03-47f5-b74c-0702559b330a.jpg,no_hand
train,call,data\hagrid_sample\hagrid-sample-30k-384p\hagrid_30k\train_val_call\c928db86-01ea-432d-8102-81334c3f7ea3.jpg,no_hand
train,call,data\hagrid_sample\hagrid-sample-30k-384p\hagrid_30k\train_val_call\8cd85387-9d3a-4676-987b-97bf8ba795f2.jpg,multiple_hands
train,call,data\hagrid_sample\hagrid-sample-30k-384p\hagrid_30k\train_val_call\54ba5e52-9541-4684-9892-dc9b609c566d.jpg,multiple_hands
train,call,data\hagrid_sample\hagrid-sample-30k-384p\hagrid_30k\train_val_call\061e92e6-cf6c-4c1f-9727-f228514a7752.jpg,multiple_hands
train,call,data\hagrid_sample\hagrid-sample-30k-384p\hagrid_30k\train_val_call\ef563bc3-0c4d-498e-ba24-f6781ec1411b.jpg,multiple_hands
train,call,data\hagrid_sample\hagrid-sample-30k-384p\hagrid_30k\train_val_call\840c21f8-f9ef-44b0-b39d-091dfc8096e0.jpg,multiple_hands
train,call,data\hagrid_sample\hagrid-sample-30k-384p\hagrid_30k\train_val_call\a9f6d780-a621-41e3-96a4-56878604e88c.jpg,multiple_hands
train,call,data\hagrid_sample\hagrid-sample-30k-384p\hagrid_30k\train_val_call\66b52208-eb4d-41a4-95c0-7ebc320c3e48.jpg,multiple_hands
train,call,data\hagrid_sample\hagrid-sample-30k-384p\hagrid_30k\train_val_call\d4643e4a-92ff-44fe-9092-b41c4edc3c96.jpg,no_hand
train,call,data\hagrid_sample\hagrid-sample-30k-384p\hagrid_30k\train_val_call\158dc1eb-c670-405e-b2e1-174fd8a15eff.jpg,multiple_hands
train,call,data\hagrid_sample\hagrid-sample-30k-384p\hagrid_30k\train_val_call\8c2c2d26-deee-415a-8346-4ebfb098b435.jpg,multiple_hands
train,call,data\hagrid_sample\hagrid-sample-30k-384p\hagrid_30k\train_val_call\42a97913-f10b-45aa-a3ec-de94d2381bed.jpg,no_hand
train,call,data\hagrid_sample\hagrid-sample-30k-384p\hagrid_30k\train_val_call\be43911a-01e9-4e01-868c-dbd5dcdbfbca.jpg,multiple_hands
train,call,data\hagrid_sample\hagrid-sample-30k-384p\hagrid_30k\train_val_call\8bae54db-a730-421a-a42a-535ee644e34d.jpg,no_hand
train,call,data\hagrid_sample\hagrid-sample-30k-384p\hagrid_30k\train_val_call\91252723-2aa8-4a93-a324-25a69b59b3d8.jpg,multiple_hands
train,call,data\hagrid_sample\hagrid-sample-30k-384p\hagrid_30k\train_val_call\3c879fb2-a70b-4ae2-a0da-28c0e427ab4f.jpg,multiple_hands
train,call,data\hagrid_sample\hagrid-sample-30k-384p\hagrid_30k\train_val_call\845b00de-e3f6-48bd-9693-f22ca2f6b9f4.jpg,multiple_hands
train,call,data\hagrid_sample\hagrid-sample-30k-384p\hagrid_30k\train_val_call\b04bd31d-5ed2-4eba-bf19-bc1b44e416dc.jpg,multiple_hands
train,call,data\hagrid_sample\hagrid-sample-30k-384p\hagrid_30k\train_val_call\aee0e917-07de-4c98-8509-50c0152fafcb.jpg,no_hand
train,call,data\hagrid_sample\hagrid-sample-30k-384p\hagrid_30k\train_val_call\fd959da4-ecb4-4c95-bc25-f5cd35e8fde0.jpg,multiple_hands
train,call,data\hagrid_sample\hagrid-sample-30k-384p\hagrid_30k\train_val_call\5bbf17dd-83aa-448e-89f8-4822732ebfbc.jpg,multiple_hands
train,call,data\hagrid_sample\hagrid-sample-30k-384p\hagrid_30k\train_val_call\668cf3e3-f6ec-44ee-adae-fc21d10181a9.jpg,multiple_hands
train,call,data\hagrid_sample\hagrid-sample-30k-384p\hagrid_30k\train_val_call\122de10d-9335-4124-896f-fc8a85ebb9f2.jpg,multiple_hands
train,call,data\hagrid_sample\hagrid-sample-30k-384p\hagrid_30k\train_val_call\08e79cf1-6856-4b68-aeab-3f82ee5604c1.jpg,no_hand
train,call,data\hagrid_sample\hagrid-sample-30k-384p\hagrid_30k\train_val_call\14692c33-ec4a-45de-bcec-327cba7d3133.jpg,multiple_hands
train,call,data\hagrid_sample\hagrid-sample-30k-384p\hagrid_30k\train_val_call\ecc7050b-caac-43c5-9969-a7b770bb9662.jpg,no_hand
train,call,data\hagrid_sample\hagrid-sample-30k-384p\hagrid_30k\train_val_call\33dcb028-2988-4ec6-843c-50ea68cfc930.jpg,multiple_hands
train,call,data\hagrid_sample\hagrid-sample-30k-384p\hagrid_30k\train_val_call\aa4e027c-6497-4e55-aaf6-02d336fb92f1.jpg,multiple_hands
train,call,data\hagrid_sample\hagrid-sample-30k-384p\hagrid_30k\train_val_call\38173232-6390-4369-86c5-8a23d942f75b.jpg,multiple_hands
train,call,data\hagrid_sample\hagrid-sample-30k-384p\hagrid_30k\train_val_call\23c818a0-6477-4ba4-adf0-aef621c11707.jpg,multiple_hands
train,call,data\hagrid_sample\hagrid-sample-30k-384p\hagrid_30k\train_val_call\aff834ad-0032-4ab5-aa35-39eea6c661ae.jpg,no_hand
train,call,data\hagrid_sample\hagrid-sample-30k-384p\hagrid_30k\train_val_call\10520890-9993-4bc8-99f4-f9dcc1faf51d.jpg,multiple_hands
train,call,data\hagrid_sample\hagrid-sample-30k-384p\hagrid_30k\train_val_call\e34bf25f-1112-4ede-8062-a44c477650a4.jpg,multiple_hands
train,call,data\hagrid_sample\hagrid-sample-30k-384p\hagrid_30k\train_val_call\480195e7-9820-404f-995c-a6d59c6ab2a9.jpg,no_hand
train,call,data\hagrid_sample\hagrid-sample-30k-384p\hagrid_30k\train_val_call\fbfb7397-5407-4b2f-917a-4b2c015f8271.jpg,multiple_hands
train,call,data\hagrid_sample\hagrid-sample-30k-384p\hagrid_30k\train_val_call\2164858f-9597-422d-8130-4967aef16fb1.jpg,multiple_hands
train,call,data\hagrid_sample\hagrid-sample-30k-384p\hagrid_30k\train_val_call\e1667c95-7cd1-4586-9dfa-660b9e284020.jpg,no_hand
train,call,data\hagrid_sample\hagrid-sample-30k-384p\hagrid_30k\train_val_call\d3bdb19a-ffa0-41b6-99a6-c5f8bb92bf9b.jpg,multiple_hands
train,call,data\hagrid_sample\hagrid-sample-30k-384p\hagrid_30k\train_val_call\c5d9bc74-c224-44f3-ab55-ab8819a3ee17.jpg,no_hand
train,call,data\hagrid_sample\hagrid-sample-30k-384p\hagrid_30k\train_val_call\6d12966d-9c2a-45b2-b108-30be3111f6c5.jpg,multiple_hands
train,call,data\hagrid_sample\hagrid-sample-30k-384p\hagrid_30k\train_val_call\c7248ab0-fb6f-4ebd-aaca-65c9426e9e86.jpg,no_hand
train,call,data\hagrid_sample\hagrid-sample-30k-384p\hagrid_30k\train_val_call\434e31cd-05ee-4ab9-930d-dcb59d72cd36.jpg,multiple_hands
train,call,data\hagrid_sample\hagrid-sample-30k-384p\hagrid_30k\train_val_call\b01b861e-6d0d-4567-9a8a-57b6d1f219de.jpg,no_hand
train,call,data\hagrid_sample\hagrid-sample-30k-384p\hagrid_30k\train_val_call\e1a9749c-d7c7-40ff-8cbd-65c43f81a6fa.jpg,no_hand
train,call,data\hagrid_sample\hagrid-sample-30k-384p\hagrid_30k\train_val_call\a9a2d4ac-2777-4ccf-9779-7b533385b7b8.jpg,no_hand
train,call,data\hagrid_sample\hagrid-sample-30k-384p\hagrid_30k\train_val_call\46895054-1658-4c7d-8e34-f9e17f90e78d.jpg,no_hand
train,call,data\hagrid_sample\hagrid-sample-30k-384p\hagrid_30k\train_val_call\4a589abe-a174-410b-b7e8-45712609e4ae.jpg,no_hand
train,call,data\hagrid_sample\hagrid-sample-30k-384p\hagrid_30k\train_val_call\5c7f211b-3e2f-4041-8f1c-92dbd9cd1384.jpg,no_hand
train,call,data\hagrid_sample\hagrid-sample-30k-384p\hagrid_30k\train_val_call\3c65077a-688b-4abb-aa29-e28d22c453d6.jpg,multiple_hands
train,call,data\hagrid_sample\hagrid-sample-30k-384p\hagrid_30k\train_val_call\0e998cdd-e804-444c-bcad-de82cf01afbc.jpg,multiple_hands
train,call,data\hagrid_sample\hagrid-sample-30k-384p\hagrid_30k\train_val_call\2301c34e-5a0d-413f-bac5-c89271fc6d1d.jpg,multiple_hands
train,call,data\hagrid_sample\hagrid-sample-30k-384p\hagrid_30k\train_val_call\a71588a8-e53c-4bb3-a97d-b88ae66bdd36.jpg,multiple_hands
train,call,data\hagrid_sample\hagrid-sample-30k-384p\hagrid_30k\train_val_call\9e71ebdd-06f8-4760-9bd7-aa559138543c.jpg,multiple_hands
train,call,data\hagrid_sample\hagrid-sample-30k-384p\hagrid_30k\train_val_call\4e566a51-2b52-4eb0-9f1e-c4dead6279f8.jpg,multiple_hands
train,call,data\hagrid_sample\hagrid-sample-30k-384p\hagrid_30k\train_val_call\9d70ab01-6c93-478e-92d4-8515cafbb688.jpg,multiple_hands
train,call,data\hagrid_sample\hagrid-sample-30k-384p\hagrid_30k\train_val_call\fcfac74d-b36c-499b-9f90-edb381a4c1f3.jpg,no_hand
train,call,data\hagrid_sample\hagrid-sample-30k-384p\hagrid_30k\train_val_call\0c060bcb-2739-40e4-965b-e4dca7d5bcef.jpg,no_hand
train,call,data\hagrid_sample\hagrid-sample-30k-384p\hagrid_30k\train_val_call\1129a4ed-6109-45a5-a5be-f7fbadeacb73.jpg,multiple_hands
train,call,data\hagrid_sample\hagrid-sample-30k-384p\hagrid_30k\train_val_call\f2a8ad2b-0367-4dbf-b75e-6520222d23de.jpg,multiple_hands
train,call,data\hagrid_sample\hagrid-sample-30k-384p\hagrid_30k\train_val_call\7082de2e-b545-428f-a08c-13c08acc3880.jpg,no_hand
train,call,data\hagrid_sample\hagrid-sample-30k-384p\hagrid_30k\train_val_call\0f6efc85-4b56-4ba5-8797-3c7ae5b126c2.jpg,multiple_hands
train,call,data\hagrid_sample\hagrid-sample-30k-384p\hagrid_30k\train_val_call\6e55e784-e88b-4607-9f6a-943b03e99635.jpg,multiple_hands
train,call,data\hagrid_sample\hagrid-sample-30k-384p\hagrid_30k\train_val_call\976814aa-ebe6-4459-adb8-0a9f290fab9f.jpg,no_hand
train,call,data\hagrid_sample\hagrid-sample-30k-384p\hagrid_30k\train_val_call\09ed8ba1-886a-4c8b-bfaa-e57bd1a3a823.jpg,multiple_hands
train,call,data\hagrid_sample\hagrid-sample-30k-384p\hagrid_30k\train_val_call\f9c34a17-5f5d-4210-b372-5ff5ee068e31.jpg,no_hand
train,call,data\hagrid_sample\hagrid-sample-30k-384p\hagrid_30k\train_val_call\78595ccd-319a-4fc0-9b15-5812546efeba.jpg,no_hand
train,call,data\hagrid_sample\hagrid-sample-30k-384p\hagrid_30k\train_val_call\0f3b828f-4918-40ee-a345-d34f8d186b13.jpg,multiple_hands
train,call,data\hagrid_sample\hagrid-sample-30k-384p\hagrid_30k\train_val_call\c8bdfde6-343a-46e2-9a84-8e3860df660a.jpg,multiple_hands
train,call,data\hagrid_sample\hagrid-sample-30k-384p\hagrid_30k\train_val_call\01f1417f-4899-4a53-a6d3-6156c33a204d.jpg,no_hand
train,call,data\hagrid_sample\hagrid-sample-30k-384p\hagrid_30k\train_val_call\82678d61-9cb3-4222-b092-ce01e0041837.jpg,no_hand
train,call,data\hagrid_sample\hagrid-sample-30k-384p\hagrid_30k\train_val_call\6070d359-2062-4cb3-b616-714ede17bfa7.jpg,no_hand
train,call,data\hagrid_sample\hagrid-sample-30k-384p\hagrid_30k\train_val_call\623705ce-2b7d-430c-b948-6997dca2573b.jpg,no_hand
train,call,data\hagrid_sample\hagrid-sample-30k-384p\hagrid_30k\train_val_call\52d59c29-166a-47f8-bed6-a4dd903afdc6.jpg,no_hand
train,call,data\hagrid_sample\hagrid-sample-30k-384p\hagrid_30k\train_val_call\83813947-0e7f-4832-b0a2-d31eddbdc76a.jpg,multiple_hands
train,call,data\hagrid_sample\hagrid-sample-30k-384p\hagrid_30k\train_val_call\c266635d-12c2-4484-bc97-23c4b2de3315.jpg,no_hand
train,call,data\hagrid_sample\hagrid-sample-30k-384p\hagrid_30k\train_val_call\4d591abb-79f5-4857-9296-cf2749c790c2.jpg,multiple_hands
train,call,data\hagrid_sample\hagrid-sample-30k-384p\hagrid_30k\train_val_call\3da456d3-ce37-4d69-a788-a537336f7f81.jpg,no_hand
train,call,data\hagrid_sample\hagrid-sample-30k-384p\hagrid_30k\train_val_call\789b8243-649a-4ef8-b43b-569a42757bc1.jpg,multiple_hands
train,call,data\hagrid_sample\hagrid-sample-30k-384p\hagrid_30k\train_val_call\f72b062f-e5d5-46e9-8c8f-65718926e5fe.jpg,multiple_hands
train,call,data\hagrid_sample\hagrid-sample-30k-384p\hagrid_30k\train_val_call\ed192d04-609d-4ea1-baa4-f40042401457.jpg,no_hand
train,call,data\hagrid_sample\hagrid-sample-30k-384p\hagrid_30k\train_val_call\7c0a1292-396c-49d5-b9c5-b1003df3ba47.jpg,multiple_hands
train,call,data\hagrid_sample\hagrid-sample-30k-384p\hagrid_30k\train_val_call\2780d048-23e9-4305-a4de-8829954c7b39.jpg,multiple_hands
train,call,data\hagrid_sample\hagrid-sample-30k-384p\hagrid_30k\train_val_call\3856e76a-d37f-454e-b6db-57eaa2dfcaca.jpg,no_hand
train,call,data\hagrid_sample\hagrid-sample-30k-384p\hagrid_30k\train_val_call\2c92d582-b7da-4599-a93c-818690177a93.jpg,multiple_hands
train,call,data\hagrid_sample\hagrid-sample-30k-384p\hagrid_30k\train_val_call\d261c58f-1fad-4a53-b9cd-3541e4cea8f2.jpg,multiple_hands
train,call,data\hagrid_sample\hagrid-sample-30k-384p\hagrid_30k\train_val_call\36ae07b1-d449-4b01-b975-42e97f8eb31f.jpg,multiple_hands
train,call,data\hagrid_sample\hagrid-sample-30k-384p\hagrid_30k\train_val_call\91e5d447-96a9-4fe3-beac-536f61e695d1.jpg,no_hand
train,call,data\hagrid_sample\hagrid-sample-30k-384p\hagrid_30k\train_val_call\874262e2-13c4-4f6f-b9b7-d938948f2cf4.jpg,multiple_hands
train,call,data\hagrid_sample\hagrid-sample-30k-384p\hagrid_30k\train_val_call\7749d328-95f7-4c33-8c6a-e6e8a3f86606.jpg,no_hand
train,call,data\hagrid_sample\hagrid-sample-30k-384p\hagrid_30k\train_val_call\20cb0e09-1e68-44d4-a008-4ed3ca9835bb.jpg,multiple_hands
train,call,data\hagrid_sample\hagrid-sample-30k-384p\hagrid_30k\train_val_call\f623cc6b-4267-4c78-b50e-2b91b0112cc8.jpg,multiple_hands
train,call,data\hagrid_sample\hagrid-sample-30k-384p\hagrid_30k\train_val_call\5280d255-cf08-4f36-911a-2ce1f443208c.jpg,no_hand
train,call,data\hagrid_sample\hagrid-sample-30k-384p\hagrid_30k\train_val_call\6facbec2-8cc9-490e-a5d0-1c8c2a20be0c.jpg,no_hand
train,call,data\hagrid_sample\hagrid-sample-30k-384p\hagrid_30k\train_val_call\96ee2448-ceb4-45ef-b61e-61970d293a1e.jpg,no_hand
train,call,data\hagrid_sample\hagrid-sample-30k-384p\hagrid_30k\train_val_call\b2f3a0d7-cc2c-40d8-8ae8-cc82d8888cb2.jpg,multiple_hands
train,call,data\hagrid_sample\hagrid-sample-30k-384p\hagrid_30k\train_val_call\a3f035c1-4279-4ad1-a665-fb6522194c4c.jpg,no_hand
train,call,data\hagrid_sample\hagrid-sample-30k-384p\hagrid_30k\train_val_call\0d952f23-f65c-4d06-b928-85c7211fd4b8.jpg,multiple_hands
train,call,data\hagrid_sample\hagrid-sample-30k-384p\hagrid_30k\train_val_call\eb311838-a3ed-4b9d-bc82-0af25adbb4f1.jpg,no_hand
train,call,data\hagrid_sample\hagrid-sample-30k-384p\hagrid_30k\train_val_call\c2191788-85cf-4a53-b13a-27e60d2b1bc1.jpg,multiple_hands
train,call,data\hagrid_sample\hagrid-sample-30k-384p\hagrid_30k\train_val_call\31b60bb4-3af3-4ae1-a46c-0330579e09b6.jpg,multiple_hands
train,call,data\hagrid_sample\hagrid-sample-30k-384p\hagrid_30k\train_val_call\3c0dc268-6d87-48b7-a6b9-18840dcecf32.jpg,multiple_hands
train,call,data\hagrid_sample\hagrid-sample-30k-384p\hagrid_30k\train_val_call\98fdb817-6db5-49be-bffe-ed52d47c9946.jpg,multiple_hands
train,call,data\hagrid_sample\hagrid-sample-30k-384p\hagrid_30k\train_val_call\a0c19017-0d90-4ad1-93fb-db779a3e4b27.jpg,multiple_hands
train,call,data\hagrid_sample\hagrid-sample-30k-384p\hagrid_30k\train_val_call\c82d5670-45b2-4362-b7a9-a39c68af2b9a.jpg,multiple_hands
train,call,data\hagrid_sample\hagrid-sample-30k-384p\hagrid_30k\train_val_call\42ef7262-c217-427e-91ab-c0f70a2f4487.jpg,multiple_hands
train,call,data\hagrid_sample\hagrid-sample-30k-384p\hagrid_30k\train_val_call\e083b9ea-198d-4755-a2c5-9de78aadab11.jpg,multiple_hands
train,call,data\hagrid_sample\hagrid-sample-30k-384p\hagrid_30k\train_val_call\48f0f429-9d58-4223-91b4-9ccf24757aae.jpg,no_hand
train,call,data\hagrid_sample\hagrid-sample-30k-384p\hagrid_30k\train_val_call\06f344ab-83dc-4a09-acf8-658ec988ba0f.jpg,multiple_hands
train,call,data\hagrid_sample\hagrid-sample-30k-384p\hagrid_30k\train_val_call\90c66df3-85d4-4b84-bd60-7b88e19ae9fb.jpg,multiple_hands
train,call,data\hagrid_sample\hagrid-sample-30k-384p\hagrid_30k\train_val_call\9d01c4f6-bad3-4f69-90e6-f8bb44a43ebd.jpg,multiple_hands
train,call,data\hagrid_sample\hagrid-sample-30k-384p\hagrid_30k\train_val_call\a35f8cb9-8ee7-4e00-846b-0248b7efc875.jpg,multiple_hands
train,call,data\hagrid_sample\hagrid-sample-30k-384p\hagrid_30k\train_val_call\5a80c22d-c9c3-4bbb-b20e-8b75ed3547f4.jpg,multiple_hands
train,call,data\hagrid_sample\hagrid-sample-30k-384p\hagrid_30k\train_val_call\01aa0cd7-798e-4e2b-b595-39cc2376a259.jpg,multiple_hands
train,call,data\hagrid_sample\hagrid-sample-30k-384p\hagrid_30k\train_val_call\73bddc02-174f-4d2a-828e-00846b41be5b.jpg,multiple_hands
train,call,data\hagrid_sample\hagrid-sample-30k-384p\hagrid_30k\train_val_call\b0dd6dd0-4e5f-42b1-9311-f289f5617109.jpg,multiple_hands
train,call,data\hagrid_sample\hagrid-sample-30k-384p\hagrid_30k\train_val_call\75501caf-7284-4348-a23c-21860661a99b.jpg,multiple_hands
train,call,data\hagrid_sample\hagrid-sample-30k-384p\hagrid_30k\train_val_call\a73deffd-7b56-42dd-84a9-6ccb0bf8243a.jpg,multiple_hands
train,call,data\hagrid_sample\hagrid-sample-30k-384p\hagrid_30k\train_val_call\ac73fb13-f93a-4e5b-a80a-0b0b1f6ee932.jpg,multiple_hands
train,call,data\hagrid_sample\hagrid-sample-30k-384p\hagrid_30k\train_val_call\f52e9e97-3759-4ced-babc-70c0f60aed50.jpg,multiple_hands
train,call,data\hagrid_sample\hagrid-sample-30k-384p\hagrid_30k\train_val_call\f4b3401a-ecec-4b9b-bb87-d3d808a7583a.jpg,multiple_hands
train,call,data\hagrid_sample\hagrid-sample-30k-384p\hagrid_30k\train_val_call\ae717ce7-764a-4fb7-9c14-a41f05d604f2.jpg,multiple_hands
train,call,data\hagrid_sample\hagrid-sample-30k-384p\hagrid_30k\train_val_call\5745b89b-44b8-4f27-8e3b-55aa0a0272a4.jpg,no_hand
train,call,data\hagrid_sample\hagrid-sample-30k-384p\hagrid_30k\train_val_call\428f6a75-ba5f-4c02-8258-d8b486a102f4.jpg,multiple_hands
train,call,data\hagrid_sample\hagrid-sample-30k-384p\hagrid_30k\train_val_call\9de27c34-e04c-4a68-a036-79cdc1ddd423.jpg,multiple_hands
train,call,data\hagrid_sample\hagrid-sample-30k-384p\hagrid_30k\train_val_call\38e3f909-c77c-4c0e-92be-7b13df85bee4.jpg,multiple_hands
train,call,data\hagrid_sample\hagrid-sample-30k-384p\hagrid_30k\train_val_call\5a5fc30a-7679-4ccc-99bb-fef9f2107bca.jpg,no_hand
train,call,data\hagrid_sample\hagrid-sample-30k-384p\hagrid_30k\train_val_call\5ca7fc5d-937b-49b2-88f0-5b2e49796aa0.jpg,multiple_hands
train,call,data\hagrid_sample\hagrid-sample-30k-384p\hagrid_30k\train_val_call\78f697ec-adec-4c6d-bea9-7c68cb99a29f.jpg,multiple_hands
train,call,data\hagrid_sample\hagrid-sample-30k-384p\hagrid_30k\train_val_call\b7ea3e66-4b86-43e2-be42-4f725964008e.jpg,no_hand
train,call,data\hagrid_sample\hagrid-sample-30k-384p\hagrid_30k\train_val_call\a833bac5-7d23-4b82-89c6-16f58308918b.jpg,no_hand
train,call,data\hagrid_sample\hagrid-sample-30k-384p\hagrid_30k\train_val_call\fd6bd04a-cf29-4a6c-bb06-96d47aa7b82b.jpg,no_hand
train,call,data\hagrid_sample\hagrid-sample-30k-384p\hagrid_30k\train_val_call\57746791-6db3-41c2-a9bc-6caa37a23d76.jpg,no_hand
train,call,data\hagrid_sample\hagrid-sample-30k-384p\hagrid_30k\train_val_call\83afc31f-1a8b-4ae6-92ca-375b077d3810.jpg,no_hand
train,call,data\hagrid_sample\hagrid-sample-30k-384p\hagrid_30k\train_val_call\8906920e-cc64-46da-948c-30312fbc0509.jpg,multiple_hands
train,call,data\hagrid_sample\hagrid-sample-30k-384p\hagrid_30k\train_val_call\3b8b75c5-a57a-45b2-8a3f-542b4a899630.jpg,no_hand
train,call,data\hagrid_sample\hagrid-sample-30k-384p\hagrid_30k\train_val_call\408d61d6-bf4b-414b-832b-a1faef1de57f.jpg,multiple_hands
train,call,data\hagrid_sample\hagrid-sample-30k-384p\hagrid_30k\train_val_call\51b1089e-8b32-42fc-a9bd-f116fec6df7d.jpg,no_hand
train,call,data\hagrid_sample\hagrid-sample-30k-384p\hagrid_30k\train_val_call\6927fdb3-346b-49e6-bfda-8fa3730b59ea.jpg,multiple_hands
train,call,data\hagrid_sample\hagrid-sample-30k-384p\hagrid_30k\train_val_call\33b3de7d-0a51-4860-a033-19efceea39be.jpg,no_hand
train,call,data\hagrid_sample\hagrid-sample-30k-384p\hagrid_30k\train_val_call\0d280649-06e6-433f-9cae-fef42209a0ca.jpg,multiple_hands
train,call,data\hagrid_sample\hagrid-sample-30k-384p\hagrid_30k\train_val_call\12576d8e-c378-4119-bbfc-922e77e704bf.jpg,multiple_hands
train,call,data\hagrid_sample\hagrid-sample-30k-384p\hagrid_30k\train_val_call\bbea8491-1c41-43cf-9040-200b63996341.jpg,multiple_hands
train,call,data\hagrid_sample\hagrid-sample-30k-384p\hagrid_30k\train_val_call\4042ca52-a930-4bd8-8cf1-1b8742c167c4.jpg,multiple_hands
train,call,data\hagrid_sample\hagrid-sample-30k-384p\hagrid_30k\train_val_call\ca670fdb-1b0f-411a-98d3-574bc23345cd.jpg,multiple_hands
train,call,data\hagrid_sample\hagrid-sample-30k-384p\hagrid_30k\train_val_call\017b4eee-9299-4bff-9de1-57cd14798890.jpg,multiple_hands
train,call,data\hagrid_sample\hagrid-sample-30k-384p\hagrid_30k\train_val_call\66051be9-a86a-4777-9a91-912513208d81.jpg,multiple_hands
val,call,data\hagrid_sample\hagrid-sample-30k-384p\hagrid_30k\train_val_call\925ef3c5-fb55-4f4f-9cce-868deadad560.jpg,multiple_hands
val,call,data\hagrid_sample\hagrid-sample-30k-384p\hagrid_30k\train_val_call\d11643c5-0a95-4fa4-992c-17d3a38785b7.jpg,multiple_hands
val,call,data\hagrid_sample\hagrid-sample-30k-384p\hagrid_30k\train_val_call\d2b0c282-3c01-425a-9a9c-04809c306301.jpg,multiple_hands
val,call,data\hagrid_sample\hagrid-sample-30k-384p\hagrid_30k\train_val_call\3dd74ba5-708a-41a8-ae83-a387df46fbd5.jpg,multiple_hands
val,call,data\hagrid_sample\hagrid-sample-30k-384p\hagrid_30k\train_val_call\4d8c683d-a5f5-4f36-8fd4-7f3078e02129.jpg,multiple_hands
val,call,data\hagrid_sample\hagrid-sample-30k-384p\hagrid_30k\train_val_call\ddd5fc19-5c55-4089-b3b5-cdee2b8c502f.jpg,no_hand
val,call,data\hagrid_sample\hagrid-sample-30k-384p\hagrid_30k\train_val_call\b660321e-88f6-429d-b77b-3fca76c8cc00.jpg,no_hand
val,call,data\hagrid_sample\hagrid-sample-30k-384p\hagrid_30k\train_val_call\033fd3bb-8938-4bac-b59f-dba2714c1e22.jpg,multiple_hands
val,call,data\hagrid_sample\hagrid-sample-30k-384p\hagrid_30k\train_val_call\dea566a0-1b9a-4462-8021-708e930da98c.jpg,multiple_hands
val,call,data\hagrid_sample\hagrid-sample-30k-384p\hagrid_30k\train_val_call\964a5160-7974-462c-b202-19fac3c24775.jpg,multiple_hands
val,call,data\hagrid_sample\hagrid-sample-30k-384p\hagrid_30k\train_val_call\24dc8f94-fe72-42fb-9821-ad8dcc5a57aa.jpg,multiple_hands
val,call,data\hagrid_sample\hagrid-sample-30k-384p\hagrid_30k\train_val_call\25b38291-aa29-4ff2-8d5a-e5184f7ea524.jpg,multiple_hands
val,call,data\hagrid_sample\hagrid-sample-30k-384p\hagrid_30k\train_val_call\7ef22d50-4563-4f1a-a66c-f594772b1f81.jpg,multiple_hands
val,call,data\hagrid_sample\hagrid-sample-30k-384p\hagrid_30k\train_val_call\478911ee-cadf-42d0-bfdd-6432761e2e5e.jpg,multiple_hands
val,call,data\hagrid_sample\hagrid-sample-30k-384p\hagrid_30k\train_val_call\e67dafb0-966f-432a-a144-53d5a326541a.jpg,no_hand
val,call,data\hagrid_sample\hagrid-sample-30k-384p\hagrid_30k\train_val_call\0433c6fa-cde8-4b39-b3c8-2459744c65b4.jpg,multiple_hands
val,call,data\hagrid_sample\hagrid-sample-30k-384p\hagrid_30k\train_val_call\01266283-7f2d-48a6-bfd8-6b68bb0bd771.jpg,multiple_hands
val,call,data\hagrid_sample\hagrid-sample-30k-384p\hagrid_30k\train_val_call\47766f2b-767b-4c9d-99f0-af8ad73fba2e.jpg,multiple_hands
val,call,data\hagrid_sample\hagrid-sample-30k-384p\hagrid_30k\train_val_call\4e2d771a-648e-4712-86d6-f3f9c246b492.jpg,multiple_hands
val,call,data\hagrid_sample\hagrid-sample-30k-384p\hagrid_30k\train_val_call\4f4b0f8a-0b77-4f2f-a563-7383a5f45236.jpg,multiple_hands
val,call,data\hagrid_sample\hagrid-sample-30k-384p\hagrid_30k\train_val_call\7569b3c7-6d5b-48f1-84c6-a42cb92b4eff.jpg,multiple_hands
val,call,data\hagrid_sample\hagrid-sample-30k-384p\hagrid_30k\train_val_call\682906d0-52b4-4b6a-aeeb-ed93901dca6e.jpg,multiple_hands
val,call,data\hagrid_sample\hagrid-sample-30k-384p\hagrid_30k\train_val_call\3a2883a3-46bc-49d1-b7fb-0aea44076506.jpg,multiple_hands
val,call,data\hagrid_sample\hagrid-sample-30k-384p\hagrid_30k\train_val_call\bcd47b71-3c15-49ce-b4e1-5c94707922b1.jpg,multiple_hands
val,call,data\hagrid_sample\hagrid-sample-30k-384p\hagrid_30k\train_val_call\70fa809a-c0a8-467c-8ad5-9ce4ea08e80b.jpg,multiple_hands
val,call,data\hagrid_sample\hagrid-sample-30k-384p\hagrid_30k\train_val_call\f5fe8144-329b-4338-921a-d0ae616ec6d4.jpg,multiple_hands
val,call,data\hagrid_sample\hagrid-sample-30k-384p\hagrid_30k\train_val_call\19bd69fa-2f50-456b-a16d-dd76dab47498.jpg,no_hand
val,call,data\hagrid_sample\hagrid-sample-30k-384p\hagrid_30k\train_val_call\1d205574-1651-4c47-b29e-72e521ab240f.jpg,multiple_hands
val,call,data\hagrid_sample\hagrid-sample-30k-384p\hagrid_30k\train_val_call\d79359ac-2026-4bed-9165-037a93fbb70d.jpg,multiple_hands
val,call,data\hagrid_sample\hagrid-sample-30k-384p\hagrid_30k\train_val_call\6e9b0457-6adf-4c16-9aa3-44dc5ed78792.jpg,no_hand
val,call,data\hagrid_sample\hagrid-sample-30k-384p\hagrid_30k\train_val_call\b2d2222a-ef53-4bfd-bb2a-f47b4e930cde.jpg,multiple_hands
val,call,data\hagrid_sample\hagrid-sample-30k-384p\hagrid_30k\train_val_call\3e4ee548-553e-43b3-a163-ad1cd12c8dd3.jpg,multiple_hands
val,call,data\hagrid_sample\hagrid-sample-30k-384p\hagrid_30k\train_val_call\0a67f153-2168-4abe-871a-d07eb3d93e39.jpg,multiple_hands
val,call,data\hagrid_sample\hagrid-sample-30k-384p\hagrid_30k\train_val_call\787a0116-8df2-469c-b62c-6e2e83c96d13.jpg,multiple_hands
val,call,data\hagrid_sample\hagrid-sample-30k-384p\hagrid_30k\train_val_call\f36559cd-11df-4b2e-9b04-cefcfd1bddc5.jpg,multiple_hands
val,call,data\hagrid_sample\hagrid-sample-30k-384p\hagrid_30k\train_val_call\8857fc97-383c-4f0f-884f-16c8b664504c.jpg,no_hand
val,call,data\hagrid_sample\hagrid-sample-30k-384p\hagrid_30k\train_val_call\2c2100d4-f563-4c79-9aef-d0a9c5ec3bb7.jpg,multiple_hands
val,call,data\hagrid_sample\hagrid-sample-30k-384p\hagrid_30k\train_val_call\03fc1925-b41d-42d0-b758-0824c1406567.jpg,no_hand
val,call,data\hagrid_sample\hagrid-sample-30k-384p\hagrid_30k\train_val_call\81a5e552-d18d-4d0c-a9b9-9677183dda89.jpg,no_hand
val,call,data\hagrid_sample\hagrid-sample-30k-384p\hagrid_30k\train_val_call\8fa2bf03-9ac6-4c27-a13b-3c735c507c03.jpg,no_hand
val,call,data\hagrid_sample\hagrid-sample-30k-384p\hagrid_30k\train_val_call\305f4ebd-7f34-41ca-9c80-7752d7852e14.jpg,no_hand
val,call,data\hagrid_sample\hagrid-sample-30k-384p\hagrid_30k\train_val_call\3f71ec74-c6e0-493b-883c-23bbe1ae9e4d.jpg,no_hand
val,call,data\hagrid_sample\hagrid-sample-30k-384p\hagrid_30k\train_val_call\17d804b5-7118-462d-8191-58d764f591b8.jpg,multiple_hands
test,call,data\hagrid_sample\hagrid-sample-30k-384p\hagrid_30k\train_val_call\120d825a-06af-47b6-b21d-b88dd6eff631.jpg,no_hand
test,call,data\hagrid_sample\hagrid-sample-30k-384p\hagrid_30k\train_val_call\a88c7e9e-8805-4371-9d51-eb6821b2fac0.jpg,no_hand
test,call,data\hagrid_sample\hagrid-sample-30k-384p\hagrid_30k\train_val_call\3f4d1cb1-22d4-4aaa-924f-dd072dbd6c2e.jpg,no_hand
test,call,data\hagrid_sample\hagrid-sample-30k-384p\hagrid_30k\train_val_call\21931996-e81c-4d05-be5d-cfdf335bcc24.jpg,multiple_hands
test,call,data\hagrid_sample\hagrid-sample-30k-384p\hagrid_30k\train_val_call\3f1a817b-a8f1-4dbf-891d-64eb9accb85d.jpg,multiple_hands
test,call,data\hagrid_sample\hagrid-sample-30k-384p\hagrid_30k\train_val_call\65eaffba-e821-48cd-933d-db2f91093c40.jpg,no_hand
test,call,data\hagrid_sample\hagrid-sample-30k-384p\hagrid_30k\train_val_call\12c5310c-5637-4590-bc55-212de2d7b689.jpg,multiple_hands
test,call,data\hagrid_sample\hagrid-sample-30k-384p\hagrid_30k\train_val_call\76fdcf0b-f3cd-4618-8636-08effd66da13.jpg,no_hand
test,call,data\hagrid_sample\hagrid-sample-30k-384p\hagrid_30k\train_val_call\1926b71e-719e-4b62-9bf8-a41fffe2e58e.jpg,multiple_hands
test,call,data\hagrid_sample\hagrid-sample-30k-384p\hagrid_30k\train_val_call\8a5445aa-89a4-497b-b675-3a6a50eb66fc.jpg,multiple_hands
test,call,data\hagrid_sample\hagrid-sample-30k-384p\hagrid_30k\train_val_call\9ee64480-e45c-4771-b6da-4028d814b56a.jpg,multiple_hands
test,call,data\hagrid_sample\hagrid-sample-30k-384p\hagrid_30k\train_val_call\8969cfc0-579a-4e97-a3dd-406567963067.jpg,multiple_hands
test,call,data\hagrid_sample\hagrid-sample-30k-384p\hagrid_30k\train_val_call\73437ae0-cbac-4977-86c6-49294852e3de.jpg,multiple_hands
test,call,data\hagrid_sample\hagrid-sample-30k-384p\hagrid_30k\train_val_call\42092d1e-1444-4c60-922b-45afb7e33e1e.jpg,no_hand
test,call,data\hagrid_sample\hagrid-sample-30k-384p\hagrid_30k\train_val_call\faf7964e-3200-4535-b7d7-6bb345f6b1a8.jpg,no_hand
test,call,data\hagrid_sample\hagrid-sample-30k-384p\hagrid_30k\train_val_call\1edd7b43-0579-4924-91b2-9f7a600ec2c6.jpg,multiple_hands
test,call,data\hagrid_sample\hagrid-sample-30k-384p\hagrid_30k\train_val_call\024faea6-b02b-4974-acae-2689835ff50b.jpg,multiple_hands
test,call,data\hagrid_sample\hagrid-sample-30k-384p\hagrid_30k\train_val_call\e424e00c-6249-4cba-b5b9-5b207be6a4cb.jpg,multiple_hands
test,call,data\hagrid_sample\hagrid-sample-30k-384p\hagrid_30k\train_val_call\4dc68277-2f5a-424d-b57f-67a5b92a7487.jpg,no_hand
test,call,data\hagrid_sample\hagrid-sample-30k-384p\hagrid_30k\train_val_call\b80529c5-567b-47d3-b297-8dcd5ca1b1de.jpg,no_hand
test,call,data\hagrid_sample\hagrid-sample-30k-384p\hagrid_30k\train_val_call\7956cb55-190e-4d99-9a74-0266f36a16c8.jpg,no_hand
test,call,data\hagrid_sample\hagrid-sample-30k-384p\hagrid_30k\train_val_call\c788d212-7bef-4e8c-99f3-1ae98b479afd.jpg,no_hand
test,call,data\hagrid_sample\hagrid-sample-30k-384p\hagrid_30k\train_val_call\917391e3-454d-45e6-8f81-b5ebe40f7ca5.jpg,no_hand
test,call,data\hagrid_sample\hagrid-sample-30k-384p\hagrid_30k\train_val_call\4bb84cf6-9535-4987-b9bd-94573ac9f295.jpg,no_hand
test,call,data\hagrid_sample\hagrid-sample-30k-384p\hagrid_30k\train_val_call\8d04b327-ff80-41f3-b357-b34840779fe5.jpg,no_hand
test,call,data\hagrid_sample\hagrid-sample-30k-384p\hagrid_30k\train_val_call\6beaa869-e2ec-466c-ac5b-57d5776369f8.jpg,no_hand
test,call,data\hagrid_sample\hagrid-sample-30k-384p\hagrid_30k\train_val_call\532fffd0-5668-4a93-b9f8-19740c9a5ea8.jpg,multiple_hands
test,call,data\hagrid_sample\hagrid-sample-30k-384p\hagrid_30k\train_val_call\fa5b00bd-4ce5-4c11-afaa-cc748d337fe4.jpg,multiple_hands
test,call,data\hagrid_sample\hagrid-sample-30k-384p\hagrid_30k\train_val_call\5d8012bc-3d38-4595-96dc-a25db773d51e.jpg,no_hand
test,call,data\hagrid_sample\hagrid-sample-30k-384p\hagrid_30k\train_val_call\1b6d3b98-9a14-49de-be4f-2633faf554ed.jpg,multiple_hands
test,call,data\hagrid_sample\hagrid-sample-30k-384p\hagrid_30k\train_val_call\15a09b50-ebb2-4beb-8237-018b73b7364a.jpg,multiple_hands
test,call,data\hagrid_sample\hagrid-sample-30k-384p\hagrid_30k\train_val_call\b439d89d-a0ac-48be-bb35-f537b29a9266.jpg,multiple_hands
test,call,data\hagrid_sample\hagrid-sample-30k-384p\hagrid_30k\train_val_call\b53db31a-a5d9-41e7-b6e5-fa28bbc4d90d.jpg,multiple_hands
test,call,data\hagrid_sample\hagrid-sample-30k-384p\hagrid_30k\train_val_call\b91a6b51-cacc-41c4-b07b-861aabe97d24.jpg,multiple_hands
test,call,data\hagrid_sample\hagrid-sample-30k-384p\hagrid_30k\train_val_call\c1f10a60-1551-4b8c-ac60-d490301c1442.jpg,multiple_hands
test,call,data\hagrid_sample\hagrid-sample-30k-384p\hagrid_30k\train_val_call\99aed67a-6c25-4a70-a7b8-799e60126d4e.jpg,no_hand
test,call,data\hagrid_sample\hagrid-sample-30k-384p\hagrid_30k\train_val_call\ca979d3b-54df-4d68-80d6-3cb700559cb6.jpg,no_hand
test,call,data\hagrid_sample\hagrid-sample-30k-384p\hagrid_30k\train_val_call\449182c4-e12b-4ee2-8c09-209118433d18.jpg,multiple_hands
test,call,data\hagrid_sample\hagrid-sample-30k-384p\hagrid_30k\train_val_call\ae0ff292-7862-4ef3-89f3-6d0ee34a855d.jpg,no_hand
test,call,data\hagrid_sample\hagrid-sample-30k-384p\hagrid_30k\train_val_call\f70416ae-70a9-4353-8c6e-acc0a020dad7.jpg,no_hand
test,call,data\hagrid_sample\hagrid-sample-30k-384p\hagrid_30k\train_val_call\9623f8db-7dc4-4645-86fd-05587cbad587.jpg,no_hand
test,call,data\hagrid_sample\hagrid-sample-30k-384p\hagrid_30k\train_val_call\c8784cec-32f0-4468-8c5c-432c6797720b.jpg,multiple_hands
test,call,data\hagrid_sample\hagrid-sample-30k-384p\hagrid_30k\train_val_call\761a201f-4b9b-4534-96d4-f85b95755bc8.jpg,no_hand
test,call,data\hagrid_sample\hagrid-sample-30k-384p\hagrid_30k\train_val_call\0dbf7e22-5f69-4d83-9d5f-cfce61be283f.jpg,no_hand
test,call,data\hagrid_sample\hagrid-sample-30k-384p\hagrid_30k\train_val_call\9031bc94-a43b-47cc-a616-b09f6291921b.jpg,multiple_hands
test,call,data\hagrid_sample\hagrid-sample-30k-384p\hagrid_30k\train_val_call\a7696291-5799-4bd9-aed6-2434419d2c47.jpg,no_hand
test,call,data\hagrid_sample\hagrid-sample-30k-384p\hagrid_30k\train_val_call\4fc75b93-6262-4018-a657-cade15b16f62.jpg,no_hand
test,call,data\hagrid_sample\hagrid-sample-30k-384p\hagrid_30k\train_val_call\472e5dee-7b32-41f6-a420-05cf59801211.jpg,multiple_hands
test,call,data\hagrid_sample\hagrid-sample-30k-384p\hagrid_30k\train_val_call\3c3f06f1-cbc2-4827-8700-a86c478080e2.jpg,multiple_hands
test,call,data\hagrid_sample\hagrid-sample-30k-384p\hagrid_30k\train_val_call\12e672b2-c87d-4996-a3d6-d97e55ba69de.jpg,no_hand
test,call,data\hagrid_sample\hagrid-sample-30k-384p\hagrid_30k\train_val_call\f9eb359e-b184-427e-8ac3-5df66cdc7b3b.jpg,multiple_hands
test,call,data\hagrid_sample\hagrid-sample-30k-384p\hagrid_30k\train_val_call\ea87e643-1054-415a-86d1-978058ff3cbb.jpg,no_hand
test,call,data\hagrid_sample\hagrid-sample-30k-384p\hagrid_30k\train_val_call\1e8a61d8-8cf6-4ba3-bcec-a6467f40ac80.jpg,multiple_hands
test,call,data\hagrid_sample\hagrid-sample-30k-384p\hagrid_30k\train_val_call\1fc5f07b-610e-480c-acf1-db3cd276927c.jpg,no_hand
test,call,data\hagrid_sample\hagrid-sample-30k-384p\hagrid_30k\train_val_call\c0868c11-4f52-49ce-8fe0-93f32f7a3831.jpg,no_hand
test,call,data\hagrid_sample\hagrid-sample-30k-384p\hagrid_30k\train_val_call\3081fbdf-6d23-487b-82ad-681bd16b62ab.jpg,multiple_hands
test,call,data\hagrid_sample\hagrid-sample-30k-384p\hagrid_30k\train_val_call\bf0e25f6-cf3d-485f-bf19-ea62dd000322.jpg,multiple_hands
